campaign_id,campaign_name,category,subcategory,country,description,funding_goal,amount_raised,funding_percentage,number_of_backers,average_contribution,campaign_duration,launch_month,reward_tiers,lowest_reward,average_reward,highest_reward,video_available,number_of_images,story_length,social_media_followers,email_list_size,pre_launch_community_size,marketing_spend,landing_page_traffic,campaign_page_visits,conversion_rate,updates_posted,comments_engagement,first_24h_funding,first_7d_funding,sentiment_polarity,campaign_status,success,data_source
CAMP1001,Synthetic Campaign 1,Technology,Smart Devices,Australia,Innovative sustainable product designed to make everyday life easier and more convenient.,16304.0,8807.52,54.02,118,74.64,19,December,3,299,116.7,14999,Yes,6,371,3694,1250,223,1646.0,4455,4455,2.65,12,434,1085.81,3625.24,0.2,Successful,1,Synthetic - created for EcoSip project practice
CAMP1002,Synthetic Campaign 2,Sustainability,Clean Tech,UK,A practical product concept designed for everyday users.,2843.0,1577.1,55.47,21,75.1,41,November,5,299,111.08,9999,No,10,803,3085,1076,128,300.0,2496,2496,0.83,3,107,109.92,745.51,0.046,Successful,1,Synthetic - created for EcoSip project practice
CAMP1003,Synthetic Campaign 3,Food,Cooking,UK,Innovative sustainable product designed to make everyday life easier and more convenient.,3857.0,8596.75,222.89,137,62.75,25,May,5,499,74.8,7999,Yes,17,1041,11941,486,739,498.0,14173,14173,0.97,9,457,566.03,1594.29,0.632,Failed,0,Synthetic - created for EcoSip project practice
CAMP1004,Synthetic Campaign 4,Gaming,Tabletop,India,Innovative sustainable product designed to make everyday life easier and more convenient.,168356.0,13872.96,8.24,288,48.17,42,April,3,299,60.49,4999,Yes,11,216,21949,880,863,17895.0,32249,32249,0.89,10,1567,1796.86,6460.24,0.333,Successful,1,Synthetic - created for EcoSip project practice
CAMP1005,Synthetic Campaign 5,Gaming,Tabletop,Canada,Innovative sustainable product designed to make everyday life easier and more convenient.,4658.0,39996.98,858.67,778,51.41,46,September,4,499,64.56,4999,Yes,2,279,30078,483,630,911.0,24851,24851,3.13,13,1369,2776.18,11898.18,0.368,Successful,1,Synthetic - created for EcoSip project practice
CAMP1006,Synthetic Campaign 6,Fashion,Apparel,Germany,A challenging product concept with limitations that may reduce convenience for some users.,5690.0,42381.78,744.85,987,42.94,54,January,6,299,65.27,14999,Yes,7,1664,18620,308,1313,432.0,19610,19610,5.03,2,1697,4976.99,18283.4,-0.567,Successful,1,Synthetic - created for EcoSip project practice
CAMP1007,Synthetic Campaign 7,Technology,Software,Singapore,Innovative sustainable product designed to make everyday life easier and more convenient.,123857.0,10500.96,8.48,262,40.08,37,June,4,599,57.04,7999,No,8,209,4480,632,546,12132.0,6265,6265,4.18,11,645,1647.32,3606.18,0.161,Successful,1,Synthetic - created for EcoSip project practice
CAMP1008,Synthetic Campaign 8,Sustainability,Recycling,Canada,Innovative sustainable product designed to make everyday life easier and more convenient.,250000.0,786.6,0.31,20,39.33,15,August,4,499,53.93,9999,Yes,6,821,7115,298,740,23524.0,3990,3990,0.5,3,356,74.39,274.83,0.763,Successful,1,Synthetic - created for EcoSip project practice
CAMP1009,Synthetic Campaign 9,Consumer Products,Personal Products,India,Innovative sustainable product designed to make everyday life easier and more convenient.,5261.0,28444.06,540.66,622,45.73,27,September,3,299,68.12,14999,Yes,5,1410,10765,1243,678,692.0,14621,14621,4.25,9,426,2644.9,8186.58,0.551,Successful,1,Synthetic - created for EcoSip project practice
CAMP1010,Synthetic Campaign 10,Technology,Smart Devices,France,A challenging product concept with limitations that may reduce convenience for some users.,12228.0,3039.96,24.86,77,39.48,54,February,3,599,70.24,7999,No,10,691,5644,285,456,1527.0,2099,2099,3.66,14,106,136.98,1302.75,-0.337,Successful,1,Synthetic - created for EcoSip project practice
CAMP1011,Synthetic Campaign 11,Design,Product Design,UK,A practical product concept designed for everyday users.,25765.0,1293.14,5.02,41,31.54,39,January,4,299,41.63,4999,Yes,8,966,5698,1834,294,3776.0,6043,6043,0.68,0,166,97.72,335.19,0.092,Successful,1,Synthetic - created for EcoSip project practice
CAMP1012,Synthetic Campaign 12,Social Impact,Social Enterprise,India,A challenging product concept with limitations that may reduce convenience for some users.,110554.0,18303.06,16.56,314,58.29,43,April,6,499,85.34,7999,No,6,292,11395,276,4577,21282.0,13999,13999,2.24,2,1197,2521.19,5997.41,-0.156,Successful,1,Synthetic - created for EcoSip project practice
CAMP1013,Synthetic Campaign 13,Sustainability,Clean Tech,Canada,Innovative sustainable product designed to make everyday life easier and more convenient.,6386.0,10826.2,169.53,185,58.52,36,February,6,599,84.05,4999,Yes,8,1460,4712,511,318,593.0,4798,4798,3.85,13,179,979.28,3768.08,0.659,Failed,0,Synthetic - created for EcoSip project practice
CAMP1014,Synthetic Campaign 14,Sustainability,Eco Products,Germany,Innovative sustainable product designed to make everyday life easier and more convenient.,13913.0,5394.17,38.77,67,80.51,22,July,5,599,128.95,4999,Yes,7,1196,2411,482,257,2141.0,2096,2096,3.19,0,142,335.31,2172.54,0.248,Successful,1,Synthetic - created for EcoSip project practice
CAMP1015,Synthetic Campaign 15,Sustainability,Recycling,Germany,A practical product concept designed for everyday users.,40714.0,1484.01,3.64,33,44.97,56,December,6,299,72.46,14999,Yes,5,1555,3303,3386,772,2189.0,3375,3375,0.98,10,328,81.33,477.1,-0.035,Successful,1,Synthetic - created for EcoSip project practice
CAMP1016,Synthetic Campaign 16,Fashion,Accessories,UK,Innovative sustainable product designed to make everyday life easier and more convenient.,28414.0,8083.84,28.45,136,59.44,50,April,5,499,95.72,7999,Yes,9,1575,9425,1252,643,2539.0,4143,4143,3.28,8,347,430.93,3104.88,0.19,Successful,1,Synthetic - created for EcoSip project practice
CAMP1017,Synthetic Campaign 17,Design,Industrial Design,UK,A challenging product concept with limitations that may reduce convenience for some users.,12127.0,775.97,6.4,13,59.69,60,June,5,599,74.08,9999,No,17,728,5015,728,123,1450.0,2605,2605,0.5,5,112,102.64,252.65,-0.55,Successful,1,Synthetic - created for EcoSip project practice
CAMP1018,Synthetic Campaign 18,Consumer Products,Personal Products,USA,A practical product concept designed for everyday users.,15640.0,4863.05,31.09,95,51.19,54,March,4,599,72.4,9999,No,10,217,7026,1482,1537,855.0,4127,4127,2.3,13,192,611.61,1837.24,-0.124,Successful,1,Synthetic - created for EcoSip project practice
CAMP1019,Synthetic Campaign 19,Fashion,Apparel,USA,Innovative sustainable product designed to make everyday life easier and more convenient.,4249.0,25144.6,591.78,380,66.17,28,January,3,299,110.36,9999,No,11,721,9772,109,455,606.0,9745,9745,3.9,13,798,2831.1,9611.35,0.19,Successful,1,Synthetic - created for EcoSip project practice
CAMP1020,Synthetic Campaign 20,Design,Graphic Design,USA,Innovative sustainable product designed to make everyday life easier and more convenient.,14017.0,4664.1,33.27,70,66.63,26,September,4,599,91.09,9999,Yes,17,389,3437,862,165,2127.0,2758,2758,2.55,5,194,513.26,1832.21,0.417,Successful,1,Synthetic - created for EcoSip project practice
CAMP1021,Synthetic Campaign 21,Design,Graphic Design,Germany,A challenging product concept with limitations that may reduce convenience for some users.,13608.0,7009.47,51.51,117,59.91,26,April,6,299,107.18,4999,No,11,1029,10651,6634,1642,2205.0,5918,5918,1.98,0,122,430.66,2992.97,-0.364,Successful,1,Synthetic - created for EcoSip project practice
CAMP1022,Synthetic Campaign 22,Gaming,Tabletop,Singapore,A practical product concept designed for everyday users.,22969.0,18318.86,79.75,358,51.17,57,July,5,499,69.35,9999,Yes,5,391,7303,1027,935,2928.0,9885,9885,3.62,2,1049,2016.62,6269.02,0.073,Successful,1,Synthetic - created for EcoSip project practice
CAMP1023,Synthetic Campaign 23,Consumer Products,Lifestyle,Australia,Innovative sustainable product designed to make everyday life easier and more convenient.,10047.0,1935.96,19.27,39,49.64,40,September,6,299,71.9,14999,No,8,1671,1454,963,141,1413.0,1043,1043,3.69,1,69,93.68,460.73,0.463,Failed,0,Synthetic - created for EcoSip project practice
CAMP1024,Synthetic Campaign 24,Social Impact,Community,Singapore,A challenging product concept with limitations that may reduce convenience for some users.,29532.0,24515.28,83.01,711,34.48,35,November,3,299,49.38,4999,Yes,9,1143,21152,1557,2957,3231.0,17081,17081,4.16,15,1060,4158.29,9411.23,-0.226,Failed,0,Synthetic - created for EcoSip project practice
CAMP1025,Synthetic Campaign 25,Fashion,Accessories,Germany,Innovative sustainable product designed to make everyday life easier and more convenient.,52129.0,3561.53,6.83,83,42.91,59,March,3,299,60.23,4999,No,9,567,3030,2204,966,2929.0,2309,2309,3.61,9,73,171.39,723.47,0.244,Successful,1,Synthetic - created for EcoSip project practice
CAMP1026,Synthetic Campaign 26,Food,Cooking,France,Innovative sustainable product designed to make everyday life easier and more convenient.,21191.0,776.39,3.66,17,45.67,42,July,4,299,77.27,9999,Yes,4,1670,955,122,495,1377.0,456,456,3.83,10,23,77.09,190.75,0.198,Successful,1,Synthetic - created for EcoSip project practice
CAMP1027,Synthetic Campaign 27,Gaming,Tabletop,Germany,Innovative sustainable product designed to make everyday life easier and more convenient.,26042.0,2707.94,10.4,71,38.14,56,November,4,599,46.1,14999,Yes,3,1419,1758,167,2452,3861.0,2047,2047,3.46,3,95,108.53,1130.96,0.66,Successful,1,Synthetic - created for EcoSip project practice
CAMP1028,Synthetic Campaign 28,Fashion,Footwear,UK,A practical product concept designed for everyday users.,19033.0,2587.2,13.59,42,61.6,60,June,6,499,92.24,7999,No,7,872,1801,1111,586,3794.0,1460,1460,2.86,13,58,388.24,803.38,0.116,Successful,1,Synthetic - created for EcoSip project practice
CAMP1029,Synthetic Campaign 29,Design,Product Design,India,A practical product concept designed for everyday users.,18002.0,2772.1,15.4,38,72.95,18,January,4,499,111.83,14999,Yes,16,391,5268,440,486,943.0,1424,1424,2.64,11,103,175.37,913.17,0.132,Failed,0,Synthetic - created for EcoSip project practice
CAMP1030,Synthetic Campaign 30,Gaming,Mobile Games,India,Innovative sustainable product designed to make everyday life easier and more convenient.,8438.0,5172.5,61.3,125,41.38,31,April,5,499,70.17,4999,Yes,13,717,3802,3342,258,1128.0,5532,5532,2.25,12,337,876.68,2463.24,0.419,Failed,0,Synthetic - created for EcoSip project practice
CAMP1031,Synthetic Campaign 31,Design,Industrial Design,Germany,A challenging product concept with limitations that may reduce convenience for some users.,25096.0,2962.5,11.8,50,59.25,48,October,5,499,90.44,9999,No,15,1113,3570,657,895,4082.0,4533,4533,1.1,7,489,136.74,742.26,-0.191,Successful,1,Synthetic - created for EcoSip project practice
CAMP1032,Synthetic Campaign 32,Education,Learning,France,A practical product concept designed for everyday users.,16252.0,5923.5,36.45,150,39.49,52,October,4,299,69.98,14999,Yes,4,1413,9292,130,805,2828.0,10727,10727,1.4,11,1218,917.61,1100.98,0.118,Successful,1,Synthetic - created for EcoSip project practice
CAMP1033,Synthetic Campaign 33,Technology,Software,USA,A practical product concept designed for everyday users.,162098.0,10388.58,6.41,206,50.43,21,April,6,299,86.26,7999,Yes,8,582,7024,253,507,21361.0,9387,9387,2.2,8,320,1370.56,2217.05,0.052,Successful,1,Synthetic - created for EcoSip project practice
CAMP1034,Synthetic Campaign 34,Design,Product Design,Germany,A practical product concept designed for everyday users.,93915.0,11921.55,12.69,267,44.65,29,March,3,599,60.01,9999,Yes,11,1375,6858,58,227,13429.0,9488,9488,2.81,6,199,893.68,3020.33,0.141,Failed,0,Synthetic - created for EcoSip project practice
CAMP1035,Synthetic Campaign 35,Fashion,Footwear,France,Innovative sustainable product designed to make everyday life easier and more convenient.,26991.0,13830.48,51.24,216,64.03,40,April,3,299,108.97,4999,Yes,8,616,7533,712,569,4170.0,5061,5061,4.27,9,488,945.16,5501.43,0.418,Successful,1,Synthetic - created for EcoSip project practice
CAMP1036,Synthetic Campaign 36,Technology,Software,USA,Innovative sustainable product designed to make everyday life easier and more convenient.,8078.0,10443.06,129.28,233,44.82,51,March,5,599,79.37,9999,Yes,8,557,9259,745,466,1445.0,9386,9386,2.49,5,1121,940.66,4310.34,0.335,Successful,1,Synthetic - created for EcoSip project practice
CAMP1037,Synthetic Campaign 37,Fashion,Apparel,Australia,A practical product concept designed for everyday users.,5598.0,1613.91,28.83,23,70.17,20,September,5,599,89.82,9999,No,7,887,607,589,132,383.0,614,614,3.73,15,64,251.73,564.3,-0.03,Successful,1,Synthetic - created for EcoSip project practice
CAMP1038,Synthetic Campaign 38,Fashion,Accessories,Singapore,Innovative sustainable product designed to make everyday life easier and more convenient.,62870.0,4002.18,6.37,78,51.31,42,November,4,299,78.36,14999,No,2,415,3473,2647,115,11878.0,2029,2029,3.82,11,26,643.05,1026.61,0.218,Failed,0,Synthetic - created for EcoSip project practice
CAMP1039,Synthetic Campaign 39,Education,EdTech,USA,Innovative sustainable product designed to make everyday life easier and more convenient.,23719.0,316.82,1.34,7,45.26,28,January,6,299,58.71,4999,Yes,15,817,565,2984,880,1279.0,300,300,2.28,11,11,20.45,106.62,0.597,Successful,1,Synthetic - created for EcoSip project practice
CAMP1040,Synthetic Campaign 40,Food,Beverages,UK,A practical product concept designed for everyday users.,29800.0,2389.2,8.02,66,36.2,24,September,3,299,56.28,7999,Yes,16,740,5184,759,37,5228.0,2034,2034,3.23,11,30,213.79,440.78,-0.053,Successful,1,Synthetic - created for EcoSip project practice
CAMP1041,Synthetic Campaign 41,Consumer Products,Personal Products,France,Innovative sustainable product designed to make everyday life easier and more convenient.,2882.0,7056.0,244.83,120,58.8,38,October,4,499,68.53,9999,Yes,3,612,4977,106,614,300.0,5346,5346,2.25,7,536,516.84,2713.32,0.221,Successful,1,Synthetic - created for EcoSip project practice
CAMP1042,Synthetic Campaign 42,Sustainability,Eco Products,UK,A practical product concept designed for everyday users.,47664.0,49201.17,103.23,719,68.43,34,August,3,299,110.44,14999,No,8,1429,14225,1668,310,3775.0,17442,17442,4.12,15,1290,2812.83,17923.46,0.126,Successful,1,Synthetic - created for EcoSip project practice
CAMP1043,Synthetic Campaign 43,Sustainability,Clean Tech,Germany,Innovative sustainable product designed to make everyday life easier and more convenient.,29006.0,38828.7,133.86,657,59.1,44,November,3,599,82.38,4999,Yes,10,697,16397,1568,1850,1467.0,19696,19696,3.34,3,1310,5067.26,7243.07,0.162,Failed,0,Synthetic - created for EcoSip project practice
CAMP1044,Synthetic Campaign 44,Gaming,Tabletop,Singapore,A challenging product concept with limitations that may reduce convenience for some users.,5609.0,3897.52,69.49,44,88.58,29,January,5,499,133.85,9999,Yes,14,1296,6124,1226,305,655.0,3952,3952,1.1,9,281,344.63,1656.85,-0.277,Successful,1,Synthetic - created for EcoSip project practice
CAMP1045,Synthetic Campaign 45,Technology,Software,Australia,Innovative sustainable product designed to make everyday life easier and more convenient.,10971.0,3210.9,29.27,42,76.45,52,September,5,599,85.48,14999,No,17,1338,3032,2402,967,1099.0,1536,1536,2.75,1,58,229.75,1313.35,0.575,Successful,1,Synthetic - created for EcoSip project practice
CAMP1046,Synthetic Campaign 46,Social Impact,Social Enterprise,Australia,A practical product concept designed for everyday users.,23743.0,15066.61,63.46,299,50.39,18,February,5,599,79.96,9999,No,8,1248,8122,281,336,1778.0,6636,6636,4.51,4,506,2429.34,4105.16,-0.037,Successful,1,Synthetic - created for EcoSip project practice
CAMP1047,Synthetic Campaign 47,Design,Product Design,Australia,Innovative sustainable product designed to make everyday life easier and more convenient.,19019.0,3214.72,16.9,64,50.23,54,November,6,499,72.69,7999,Yes,13,594,2949,6709,560,2238.0,2753,2753,2.33,9,37,465.38,1191.42,0.467,Successful,1,Synthetic - created for EcoSip project practice
CAMP1048,Synthetic Campaign 48,Social Impact,Social Enterprise,Canada,A practical product concept designed for everyday users.,13245.0,13402.8,101.19,216,62.05,16,June,3,499,95.41,4999,Yes,16,1518,4993,345,1045,1462.0,6985,6985,3.09,7,566,1987.99,4831.01,0.006,Successful,1,Synthetic - created for EcoSip project practice
CAMP1049,Synthetic Campaign 49,Sustainability,Recycling,Australia,A practical product concept designed for everyday users.,16147.0,24397.25,151.09,575,42.43,48,February,5,299,56.05,7999,Yes,15,540,13404,1904,315,2667.0,18009,18009,3.19,15,1635,1109.77,5439.47,0.005,Successful,1,Synthetic - created for EcoSip project practice
CAMP1050,Synthetic Campaign 50,Fashion,Apparel,India,Innovative sustainable product designed to make everyday life easier and more convenient.,13816.0,3769.48,27.28,52,72.49,30,September,3,299,87.14,4999,Yes,6,607,2862,167,1354,2542.0,3993,3993,1.31,9,336,633.72,897.05,0.52,Successful,1,Synthetic - created for EcoSip project practice
CAMP1051,Synthetic Campaign 51,Sustainability,Recycling,Singapore,Innovative sustainable product designed to make everyday life easier and more convenient.,21127.0,27853.62,131.84,461,60.42,32,September,6,499,84.88,4999,Yes,15,1593,11191,355,185,3124.0,14692,14692,3.14,6,684,3355.34,10722.58,0.458,Successful,1,Synthetic - created for EcoSip project practice
CAMP1052,Synthetic Campaign 52,Consumer Products,Lifestyle,Singapore,Innovative sustainable product designed to make everyday life easier and more convenient.,84389.0,7415.1,8.79,126,58.85,15,June,5,499,103.62,7999,Yes,8,710,9844,4100,671,5794.0,14330,14330,0.88,6,1446,819.61,3411.43,0.238,Successful,1,Synthetic - created for EcoSip project practice
CAMP1053,Synthetic Campaign 53,Gaming,Tabletop,France,Innovative sustainable product designed to make everyday life easier and more convenient.,1216.0,1893.7,155.73,29,65.3,47,April,6,499,82.24,4999,Yes,2,1300,1924,693,1258,300.0,1601,1601,1.81,9,142,78.55,668.26,0.393,Successful,1,Synthetic - created for EcoSip project practice
CAMP1054,Synthetic Campaign 54,Design,Industrial Design,USA,A practical product concept designed for everyday users.,14037.0,12772.72,90.99,158,80.84,22,January,5,299,127.17,4999,Yes,14,219,13241,2085,967,2625.0,4096,4096,3.85,12,99,2116.09,4474.85,0.099,Successful,1,Synthetic - created for EcoSip project practice
CAMP1055,Synthetic Campaign 55,Design,Graphic Design,Canada,Innovative sustainable product designed to make everyday life easier and more convenient.,21665.0,6216.48,28.69,108,57.56,45,November,4,599,65.32,9999,Yes,15,1163,10054,1141,3398,1372.0,3564,3564,3.02,4,112,722.01,2324.99,0.178,Failed,0,Synthetic - created for EcoSip project practice
CAMP1056,Synthetic Campaign 56,Technology,Wearables,France,A practical product concept designed for everyday users.,24561.0,4690.4,19.1,88,53.3,48,March,5,499,85.42,4999,Yes,7,1583,5537,810,233,2727.0,4085,4085,2.16,9,327,729.46,1464.22,-0.005,Failed,0,Synthetic - created for EcoSip project practice
CAMP1057,Synthetic Campaign 57,Design,Product Design,India,Innovative sustainable product designed to make everyday life easier and more convenient.,12181.0,3182.83,26.13,41,77.63,53,November,6,499,98.35,4999,No,9,1319,2333,3520,126,2331.0,1335,1335,3.06,9,56,419.41,624.64,0.433,Successful,1,Synthetic - created for EcoSip project practice
CAMP1058,Synthetic Campaign 58,Consumer Products,Personal Products,Canada,A practical product concept designed for everyday users.,2846.0,1668.24,58.62,24,69.51,47,August,3,499,98.43,9999,Yes,7,1111,2117,710,185,548.0,979,979,2.45,0,23,252.8,498.72,-0.014,Successful,1,Synthetic - created for EcoSip project practice
CAMP1059,Synthetic Campaign 59,Sustainability,Clean Tech,Canada,Innovative sustainable product designed to make everyday life easier and more convenient.,25400.0,5420.52,21.34,108,50.19,28,September,6,499,68.13,14999,No,3,1550,2921,152,968,2837.0,4211,4211,2.56,14,114,742.67,2439.64,0.596,Failed,0,Synthetic - created for EcoSip project practice
CAMP1060,Synthetic Campaign 60,Sustainability,Recycling,USA,A practical product concept designed for everyday users.,110398.0,7821.36,7.08,142,55.08,48,September,5,499,64.94,9999,Yes,17,641,8602,403,823,16572.0,4252,4252,3.34,9,120,1321.3,3296.58,0.092,Successful,1,Synthetic - created for EcoSip project practice
CAMP1061,Synthetic Campaign 61,Social Impact,Environment,Canada,Innovative sustainable product designed to make everyday life easier and more convenient.,3596.0,2722.71,75.71,47,57.93,52,November,3,599,77.74,4999,Yes,2,771,1923,1562,554,426.0,2787,2787,1.67,3,174,194.86,1247.62,0.186,Successful,1,Synthetic - created for EcoSip project practice
CAMP1062,Synthetic Campaign 62,Sustainability,Clean Tech,Australia,Innovative sustainable product designed to make everyday life easier and more convenient.,44585.0,14442.77,32.39,239,60.43,29,January,6,499,81.28,4999,No,10,264,7744,1337,163,7268.0,9301,9301,2.57,10,714,986.35,3261.89,0.392,Successful,1,Synthetic - created for EcoSip project practice
CAMP1063,Synthetic Campaign 63,Gaming,Mobile Games,Australia,Innovative sustainable product designed to make everyday life easier and more convenient.,12749.0,1143.45,8.97,33,34.65,20,December,3,299,50.78,9999,Yes,2,1302,1444,188,1077,698.0,1518,1518,2.18,10,45,159.8,379.38,0.187,Successful,1,Synthetic - created for EcoSip project practice
CAMP1064,Synthetic Campaign 64,Social Impact,Environment,India,A practical product concept designed for everyday users.,16877.0,892.08,5.29,28,31.86,55,January,5,599,56.73,9999,Yes,13,1343,4077,436,147,1209.0,4464,4464,0.62,14,395,98.3,317.06,0.097,Successful,1,Synthetic - created for EcoSip project practice
CAMP1065,Synthetic Campaign 65,Gaming,Mobile Games,Canada,Innovative sustainable product designed to make everyday life easier and more convenient.,5959.0,2251.26,37.78,54,41.69,21,December,3,299,59.58,7999,Yes,16,1389,5579,503,1593,847.0,3706,3706,1.46,0,152,278.89,547.01,0.172,Successful,1,Synthetic - created for EcoSip project practice
CAMP1066,Synthetic Campaign 66,Education,Books,UK,Innovative sustainable product designed to make everyday life easier and more convenient.,12669.0,111943.86,883.6,2762,40.53,42,April,3,299,70.53,14999,Yes,12,1385,57660,624,8708,1075.0,61006,61006,4.53,6,2701,15582.13,26899.11,0.43,Successful,1,Synthetic - created for EcoSip project practice
CAMP1067,Synthetic Campaign 67,Social Impact,Social Enterprise,Singapore,A practical product concept designed for everyday users.,70486.0,816.12,1.16,18,45.34,25,November,5,299,64.52,14999,Yes,11,360,1261,227,721,10566.0,610,610,3.0,2,21,95.19,338.37,-0.006,Failed,0,Synthetic - created for EcoSip project practice
CAMP1068,Synthetic Campaign 68,Gaming,Tabletop,Australia,A practical product concept designed for everyday users.,33187.0,19226.96,57.94,298,64.52,20,February,5,599,75.83,9999,Yes,15,1249,21790,480,896,3408.0,30988,30988,0.96,9,2986,2889.37,7336.15,0.145,Successful,1,Synthetic - created for EcoSip project practice
CAMP1069,Synthetic Campaign 69,Technology,Software,Canada,Innovative sustainable product designed to make everyday life easier and more convenient.,110974.0,1311.75,1.18,25,52.47,50,June,5,499,66.17,9999,Yes,17,1409,5808,434,305,20308.0,3643,3643,0.68,8,421,111.03,490.8,0.183,Successful,1,Synthetic - created for EcoSip project practice
CAMP1070,Synthetic Campaign 70,Design,Graphic Design,Germany,Innovative sustainable product designed to make everyday life easier and more convenient.,61970.0,5910.9,9.54,102,57.95,21,July,4,299,80.28,14999,Yes,15,486,7543,1947,82,10714.0,4292,4292,2.39,7,275,947.27,1537.4,0.422,Successful,1,Synthetic - created for EcoSip project practice
CAMP1071,Synthetic Campaign 71,Fashion,Apparel,India,Innovative sustainable product designed to make everyday life easier and more convenient.,28543.0,10369.12,36.33,283,36.64,45,December,6,599,48.65,4999,Yes,5,936,5628,2021,274,3537.0,6410,6410,4.41,15,94,571.08,3442.87,0.152,Successful,1,Synthetic - created for EcoSip project practice
CAMP1072,Synthetic Campaign 72,Consumer Products,Personal Products,India,Innovative sustainable product designed to make everyday life easier and more convenient.,112337.0,9231.36,8.22,192,48.08,46,February,3,299,82.03,9999,Yes,11,1656,7800,778,168,18641.0,8350,8350,2.3,8,323,1188.64,1725.53,0.686,Successful,1,Synthetic - created for EcoSip project practice
CAMP1073,Synthetic Campaign 73,Design,Industrial Design,UK,A practical product concept designed for everyday users.,28540.0,9124.83,31.97,143,63.81,17,January,6,599,100.5,14999,Yes,15,834,4288,608,118,2588.0,3491,3491,4.09,6,96,1502.12,1998.19,0.136,Successful,1,Synthetic - created for EcoSip project practice
CAMP1074,Synthetic Campaign 74,Consumer Products,Personal Products,Germany,A practical product concept designed for everyday users.,42938.0,42826.4,99.74,670,63.92,22,August,4,599,96.19,4999,Yes,6,1392,21402,1035,2799,5330.0,22270,22270,3.01,1,2287,3228.13,14367.2,0.113,Successful,1,Synthetic - created for EcoSip project practice
CAMP1075,Synthetic Campaign 75,Sustainability,Recycling,UK,A practical product concept designed for everyday users.,13184.0,1941.72,14.73,44,44.13,51,January,5,299,63.72,4999,Yes,12,1025,3168,398,657,1050.0,1424,1424,3.11,4,28,166.52,529.9,0.132,Successful,1,Synthetic - created for EcoSip project practice
CAMP1076,Synthetic Campaign 76,Design,Graphic Design,France,A challenging product concept with limitations that may reduce convenience for some users.,19303.0,9129.78,47.3,159,57.42,38,October,6,599,79.13,7999,Yes,2,1235,15513,286,731,3458.0,16935,16935,0.94,14,1970,755.6,4288.27,-0.189,Successful,1,Synthetic - created for EcoSip project practice
CAMP1077,Synthetic Campaign 77,Education,Learning,Australia,A practical product concept designed for everyday users.,8654.0,4926.88,56.93,56,87.98,20,January,4,499,134.48,7999,Yes,16,1183,2625,351,367,1501.0,1544,1544,3.66,7,115,586.28,1583.72,-0.11,Successful,1,Synthetic - created for EcoSip project practice
CAMP1078,Synthetic Campaign 78,Education,EdTech,Australia,A practical product concept designed for everyday users.,50878.0,3229.66,6.35,59,54.74,60,December,4,299,64.99,14999,Yes,11,1224,4708,477,421,9429.0,2783,2783,2.13,14,186,315.87,662.3,0.031,Failed,0,Synthetic - created for EcoSip project practice
CAMP1079,Synthetic Campaign 79,Food,Cooking,Australia,Innovative sustainable product designed to make everyday life easier and more convenient.,5223.0,1248.8,23.91,28,44.6,27,July,6,499,54.13,7999,Yes,13,1435,1712,281,1312,949.0,775,775,3.59,8,80,68.83,231.47,0.498,Successful,1,Synthetic - created for EcoSip project practice
CAMP1080,Synthetic Campaign 80,Sustainability,Clean Tech,Australia,Innovative sustainable product designed to make everyday life easier and more convenient.,40929.0,4295.98,10.5,82,52.39,15,December,6,499,68.75,9999,Yes,15,1642,7881,1058,484,7938.0,5245,5245,1.56,8,68,707.89,1707.98,0.171,Successful,1,Synthetic - created for EcoSip project practice
CAMP1081,Synthetic Campaign 81,Social Impact,Social Enterprise,Germany,A practical product concept designed for everyday users.,14734.0,21931.82,148.85,389,56.38,57,February,3,299,68.77,14999,No,5,637,21212,1867,850,1241.0,14086,14086,2.76,6,1345,1505.72,5076.16,0.044,Successful,1,Synthetic - created for EcoSip project practice
CAMP1082,Synthetic Campaign 82,Gaming,Video Games,Australia,Innovative sustainable product designed to make everyday life easier and more convenient.,61570.0,5905.76,9.59,112,52.73,15,April,5,599,83.0,14999,No,9,1681,4628,184,411,11684.0,3784,3784,2.96,8,86,677.81,1395.79,0.523,Successful,1,Synthetic - created for EcoSip project practice
CAMP1083,Synthetic Campaign 83,Consumer Products,Lifestyle,UK,Innovative sustainable product designed to make everyday life easier and more convenient.,39598.0,2562.91,6.47,47,54.53,40,June,4,299,60.93,9999,Yes,15,1185,4106,923,355,5373.0,2004,2004,2.35,1,205,315.94,787.18,0.614,Successful,1,Synthetic - created for EcoSip project practice
CAMP1084,Synthetic Campaign 84,Fashion,Footwear,India,Innovative sustainable product designed to make everyday life easier and more convenient.,121760.0,800.4,0.66,24,33.35,60,January,5,599,40.42,14999,Yes,4,1132,1640,722,122,13804.0,806,806,3.01,0,55,36.58,207.48,0.532,Successful,1,Synthetic - created for EcoSip project practice
CAMP1085,Synthetic Campaign 85,Food,Food Products,Canada,A practical product concept designed for everyday users.,38771.0,3285.36,8.47,81,40.56,41,February,4,599,70.24,9999,Yes,15,690,3975,1266,69,5197.0,3686,3686,2.2,7,62,175.44,1199.07,-0.059,Successful,1,Synthetic - created for EcoSip project practice
CAMP1086,Synthetic Campaign 86,Sustainability,Recycling,USA,A practical product concept designed for everyday users.,3455.0,369.32,10.69,7,52.76,41,April,3,499,94.88,4999,No,6,837,1017,888,385,350.0,418,418,1.76,9,42,65.01,120.29,0.041,Successful,1,Synthetic - created for EcoSip project practice
CAMP1087,Synthetic Campaign 87,Technology,Smart Devices,France,Innovative sustainable product designed to make everyday life easier and more convenient.,16778.0,5252.0,31.3,100,52.52,32,September,6,299,75.7,9999,No,11,1225,2007,210,529,1565.0,2230,2230,4.46,8,29,698.68,1120.96,0.688,Failed,0,Synthetic - created for EcoSip project practice
CAMP1088,Synthetic Campaign 88,Education,Books,Canada,Innovative sustainable product designed to make everyday life easier and more convenient.,5258.0,15766.89,299.86,339,46.51,20,September,5,299,67.29,7999,Yes,10,750,6273,255,138,453.0,8970,8970,3.78,6,226,704.77,6549.92,0.248,Successful,1,Synthetic - created for EcoSip project practice
CAMP1089,Synthetic Campaign 89,Sustainability,Recycling,India,A practical product concept designed for everyday users.,10446.0,12456.92,119.25,238,52.34,41,February,4,299,85.91,7999,Yes,12,624,18699,927,483,651.0,14651,14651,1.63,4,1432,1883.34,3833.71,0.105,Successful,1,Synthetic - created for EcoSip project practice
CAMP1090,Synthetic Campaign 90,Fashion,Apparel,UK,Innovative sustainable product designed to make everyday life easier and more convenient.,87985.0,206065.2,234.2,3685,55.92,56,January,3,499,62.93,9999,Yes,15,1501,82984,2518,528,10953.0,114218,114218,3.23,11,6983,22913.62,74853.24,0.381,Failed,0,Synthetic - created for EcoSip project practice
CAMP1091,Synthetic Campaign 91,Gaming,Tabletop,Canada,Innovative sustainable product designed to make everyday life easier and more convenient.,35156.0,1161.78,3.3,17,68.34,19,August,3,599,95.6,7999,No,7,835,2781,98,58,6439.0,1037,1037,1.62,9,111,58.7,210.49,0.462,Failed,0,Synthetic - created for EcoSip project practice
CAMP1092,Synthetic Campaign 92,Fashion,Accessories,Australia,A practical product concept designed for everyday users.,8641.0,3799.21,43.97,71,53.51,55,May,4,299,62.6,4999,No,4,1213,21005,1272,200,1249.0,6379,6379,1.11,0,510,514.05,1397.81,0.02,Successful,1,Synthetic - created for EcoSip project practice
CAMP1093,Synthetic Campaign 93,Fashion,Apparel,UK,Innovative sustainable product designed to make everyday life easier and more convenient.,6209.0,17016.21,274.06,279,60.99,34,October,5,599,84.21,14999,Yes,8,201,6380,2957,751,796.0,7348,7348,3.79,7,577,1870.24,4506.83,0.241,Successful,1,Synthetic - created for EcoSip project practice
CAMP1094,Synthetic Campaign 94,Gaming,Video Games,Singapore,Innovative sustainable product designed to make everyday life easier and more convenient.,18630.0,1218.88,6.54,26,46.88,39,April,4,299,83.85,9999,Yes,11,277,4298,772,736,2129.0,5163,5163,0.5,11,218,83.72,400.17,0.439,Successful,1,Synthetic - created for EcoSip project practice
CAMP1095,Synthetic Campaign 95,Social Impact,Community,Canada,A practical product concept designed for everyday users.,5018.0,23270.28,463.74,366,63.58,22,May,5,299,103.48,9999,Yes,14,1549,7706,1560,158,600.0,10047,10047,3.64,12,248,3790.22,6267.06,-0.145,Successful,1,Synthetic - created for EcoSip project practice
CAMP1096,Synthetic Campaign 96,Education,Learning,India,Innovative sustainable product designed to make everyday life easier and more convenient.,8897.0,2304.32,25.9,38,60.64,43,March,4,499,108.52,14999,Yes,14,384,5319,446,586,724.0,1708,1708,2.24,4,198,186.17,1103.49,0.183,Successful,1,Synthetic - created for EcoSip project practice
CAMP1097,Synthetic Campaign 97,Education,EdTech,India,A practical product concept designed for everyday users.,24978.0,10674.43,42.74,157,67.99,23,April,3,599,110.3,9999,No,7,1463,5584,799,1390,4332.0,6819,6819,2.31,14,147,852.22,2660.63,-0.132,Successful,1,Synthetic - created for EcoSip project practice
CAMP1098,Synthetic Campaign 98,Sustainability,Recycling,Australia,A practical product concept designed for everyday users.,60549.0,4796.1,7.92,73,65.7,27,September,5,599,100.24,9999,Yes,16,1635,3324,178,1088,4829.0,2396,2396,3.04,10,163,375.0,2176.75,-0.095,Successful,1,Synthetic - created for EcoSip project practice
CAMP1099,Synthetic Campaign 99,Food,Food Products,India,A practical product concept designed for everyday users.,34109.0,1595.75,4.68,25,63.83,48,June,3,499,103.91,14999,Yes,3,944,1235,86,455,5372.0,777,777,3.23,7,31,235.28,726.69,0.022,Successful,1,Synthetic - created for EcoSip project practice
CAMP1100,Synthetic Campaign 100,Consumer Products,Home Products,India,Innovative sustainable product designed to make everyday life easier and more convenient.,1623.0,428.16,26.38,8,53.52,17,August,3,299,83.56,7999,Yes,3,1609,1068,2310,313,300.0,498,498,1.54,10,19,59.45,131.15,0.314,Failed,0,Synthetic - created for EcoSip project practice
CAMP1101,Synthetic Campaign 101,Fashion,Apparel,USA,A practical product concept designed for everyday users.,24778.0,28572.29,115.31,487,58.67,35,January,3,299,83.6,14999,Yes,2,854,9609,336,266,3376.0,14366,14366,3.39,13,1083,4755.58,7748.83,0.09,Failed,0,Synthetic - created for EcoSip project practice
CAMP1102,Synthetic Campaign 102,Consumer Products,Home Products,Germany,A practical product concept designed for everyday users.,19414.0,2412.3,12.43,34,70.95,42,July,4,599,92.57,9999,No,16,1720,3791,571,798,3484.0,1249,1249,2.68,3,122,173.94,709.97,-0.002,Successful,1,Synthetic - created for EcoSip project practice
CAMP1103,Synthetic Campaign 103,Fashion,Apparel,USA,Innovative sustainable product designed to make everyday life easier and more convenient.,27798.0,1673.14,6.02,37,45.22,21,June,5,299,66.21,4999,Yes,4,541,2755,225,608,2603.0,3537,3537,1.03,2,338,251.12,797.76,0.194,Successful,1,Synthetic - created for EcoSip project practice
CAMP1104,Synthetic Campaign 104,Technology,Smart Devices,Australia,A practical product concept designed for everyday users.,98238.0,5650.68,5.75,124,45.57,28,November,6,599,58.37,4999,No,11,855,5043,220,938,17903.0,5292,5292,2.35,7,559,679.36,2066.11,-0.141,Successful,1,Synthetic - created for EcoSip project practice
CAMP1105,Synthetic Campaign 105,Fashion,Accessories,Canada,Innovative sustainable product designed to make everyday life easier and more convenient.,2063.0,31341.96,1519.24,543,57.72,30,June,3,599,83.16,14999,Yes,15,791,11071,756,570,329.0,12940,12940,4.2,1,546,2608.13,10763.9,0.3,Successful,1,Synthetic - created for EcoSip project practice
CAMP1106,Synthetic Campaign 106,Fashion,Apparel,Australia,Innovative sustainable product designed to make everyday life easier and more convenient.,9677.0,19103.76,197.41,312,61.23,45,February,3,599,73.62,14999,Yes,14,1443,5988,434,1134,1643.0,6824,6824,4.57,13,418,858.97,3644.53,0.497,Successful,1,Synthetic - created for EcoSip project practice
CAMP1107,Synthetic Campaign 107,Fashion,Footwear,USA,Innovative sustainable product designed to make everyday life easier and more convenient.,33476.0,4988.88,14.9,117,42.64,59,September,3,299,63.78,14999,Yes,17,222,2594,1313,550,5011.0,3432,3432,3.4,15,38,771.54,2166.93,0.158,Successful,1,Synthetic - created for EcoSip project practice
CAMP1108,Synthetic Campaign 108,Food,Beverages,Germany,A practical product concept designed for everyday users.,3420.0,4956.96,144.94,92,53.88,53,February,4,299,68.52,4999,Yes,2,1516,17043,1415,1096,605.0,8176,8176,1.13,9,753,365.58,1016.88,0.123,Successful,1,Synthetic - created for EcoSip project practice
CAMP1109,Synthetic Campaign 109,Design,Graphic Design,Australia,Innovative sustainable product designed to make everyday life easier and more convenient.,84785.0,10289.28,12.14,192,53.59,23,November,3,299,69.96,14999,Yes,8,188,24255,1240,1194,16869.0,6089,6089,3.15,15,263,1321.6,1997.06,0.285,Successful,1,Synthetic - created for EcoSip project practice
CAMP1110,Synthetic Campaign 110,Sustainability,Clean Tech,USA,A challenging product concept with limitations that may reduce convenience for some users.,26500.0,6335.07,23.91,291,21.77,15,May,4,499,31.55,14999,Yes,10,670,8199,1143,224,2995.0,8184,8184,3.55,1,587,740.2,1662.69,-0.388,Successful,1,Synthetic - created for EcoSip project practice
CAMP1111,Synthetic Campaign 111,Education,EdTech,USA,Innovative sustainable product designed to make everyday life easier and more convenient.,43785.0,16081.81,36.73,311,51.71,17,October,6,499,62.76,14999,Yes,13,1133,13238,4360,82,7535.0,9165,9165,3.4,10,262,653.29,5190.19,0.33,Successful,1,Synthetic - created for EcoSip project practice
CAMP1112,Synthetic Campaign 112,Fashion,Accessories,India,Innovative sustainable product designed to make everyday life easier and more convenient.,9884.0,13002.08,131.55,247,52.64,42,August,4,299,93.37,7999,Yes,11,389,17312,309,2340,1598.0,7007,7007,3.52,7,702,2330.08,5832.56,1.0,Successful,1,Synthetic - created for EcoSip project practice
CAMP1113,Synthetic Campaign 113,Food,Cooking,Germany,A practical product concept designed for everyday users.,42302.0,11729.8,27.73,223,52.6,22,June,5,499,74.32,9999,Yes,10,958,15480,852,646,4989.0,7472,7472,2.98,4,746,1806.46,4891.6,0.146,Successful,1,Synthetic - created for EcoSip project practice
CAMP1114,Synthetic Campaign 114,Design,Product Design,India,A practical product concept designed for everyday users.,55272.0,11436.0,20.69,150,76.24,25,August,5,299,102.66,7999,Yes,6,1795,9240,2794,90,10449.0,6142,6142,2.44,4,654,1236.3,2736.52,0.147,Successful,1,Synthetic - created for EcoSip project practice
CAMP1115,Synthetic Campaign 115,Design,Graphic Design,Germany,Innovative sustainable product designed to make everyday life easier and more convenient.,22986.0,2021.8,8.8,55,36.76,53,March,3,499,41.19,4999,No,3,1508,9096,3187,245,2509.0,3073,3073,1.8,8,46,273.44,589.61,0.388,Failed,0,Synthetic - created for EcoSip project practice
CAMP1116,Synthetic Campaign 116,Food,Food Products,France,Innovative sustainable product designed to make everyday life easier and more convenient.,23023.0,596.82,2.59,14,42.63,55,January,3,299,72.06,9999,No,8,199,8407,217,1082,3104.0,2700,2700,0.5,10,322,63.69,247.13,0.641,Successful,1,Synthetic - created for EcoSip project practice
CAMP1117,Synthetic Campaign 117,Technology,Smart Devices,France,Innovative sustainable product designed to make everyday life easier and more convenient.,23908.0,1360.0,5.69,68,20.0,53,October,4,599,30.76,4999,Yes,6,1126,1669,659,378,1575.0,2328,2328,2.94,2,87,196.17,459.85,0.453,Successful,1,Synthetic - created for EcoSip project practice
CAMP1118,Synthetic Campaign 118,Consumer Products,Lifestyle,Singapore,A challenging product concept with limitations that may reduce convenience for some users.,7271.0,8506.62,116.99,178,47.79,26,December,4,299,66.5,4999,No,10,1135,10076,3500,300,610.0,6450,6450,2.76,9,284,500.24,1976.49,-0.424,Successful,1,Synthetic - created for EcoSip project practice
CAMP1119,Synthetic Campaign 119,Education,Books,Singapore,Innovative sustainable product designed to make everyday life easier and more convenient.,15417.0,3042.34,19.73,62,49.07,43,November,3,599,62.41,4999,No,14,262,1289,1496,2029,2715.0,1905,1905,3.24,14,71,311.81,909.1,0.338,Successful,1,Synthetic - created for EcoSip project practice
CAMP1120,Synthetic Campaign 120,Consumer Products,Home Products,France,Innovative sustainable product designed to make everyday life easier and more convenient.,15336.0,1420.5,9.26,30,47.35,43,April,5,299,76.78,7999,No,10,1222,2259,1094,175,1679.0,3288,3288,0.92,0,130,123.55,522.43,0.9,Successful,1,Synthetic - created for EcoSip project practice
CAMP1121,Synthetic Campaign 121,Gaming,Video Games,Australia,Innovative sustainable product designed to make everyday life easier and more convenient.,26922.0,18621.2,69.17,260,71.62,23,May,4,299,126.18,4999,Yes,11,1009,18412,724,225,2938.0,7884,7884,3.3,14,558,1943.15,8788.6,0.354,Successful,1,Synthetic - created for EcoSip project practice
CAMP1122,Synthetic Campaign 122,Sustainability,Clean Tech,India,A practical product concept designed for everyday users.,51428.0,45024.33,87.55,663,67.91,40,May,4,299,92.8,14999,Yes,2,1274,11584,613,618,4469.0,13248,13248,5.01,9,482,4640.49,17043.67,-0.143,Successful,1,Synthetic - created for EcoSip project practice
CAMP1123,Synthetic Campaign 123,Food,Food Products,India,Innovative sustainable product designed to make everyday life easier and more convenient.,5923.0,32859.45,554.78,585,56.17,39,September,5,499,67.09,14999,Yes,12,640,22128,1201,739,733.0,22150,22150,2.64,5,1181,1972.66,6074.35,0.259,Successful,1,Synthetic - created for EcoSip project practice
CAMP1124,Synthetic Campaign 124,Design,Industrial Design,UK,A challenging product concept with limitations that may reduce convenience for some users.,15786.0,5191.2,32.88,105,49.44,33,August,6,599,58.16,14999,No,9,571,3811,699,821,2697.0,4243,4243,2.47,11,348,917.33,2032.37,-0.179,Failed,0,Synthetic - created for EcoSip project practice
CAMP1125,Synthetic Campaign 125,Fashion,Footwear,Germany,Innovative sustainable product designed to make everyday life easier and more convenient.,85277.0,1196.63,1.4,17,70.39,49,October,6,299,77.74,7999,No,3,1364,1580,862,1244,15714.0,585,585,2.93,9,60,50.46,305.45,0.525,Failed,0,Synthetic - created for EcoSip project practice
CAMP1126,Synthetic Campaign 126,Food,Beverages,India,A practical product concept designed for everyday users.,8245.0,5196.5,63.03,95,54.7,46,December,6,599,88.66,4999,Yes,5,1340,3931,974,610,499.0,1909,1909,4.98,12,165,215.19,2279.43,-0.088,Successful,1,Synthetic - created for EcoSip project practice
CAMP1127,Synthetic Campaign 127,Technology,Wearables,India,Innovative sustainable product designed to make everyday life easier and more convenient.,7591.0,1068.25,14.07,25,42.73,39,May,4,599,76.36,9999,Yes,14,416,5537,457,816,1034.0,1915,1915,1.32,1,144,98.58,315.31,0.201,Successful,1,Synthetic - created for EcoSip project practice
CAMP1128,Synthetic Campaign 128,Sustainability,Recycling,France,A practical product concept designed for everyday users.,22260.0,4418.26,19.85,151,29.26,48,August,3,499,52.52,9999,No,16,507,5411,1532,386,2673.0,5439,5439,2.78,0,143,560.47,1059.87,-0.06,Successful,1,Synthetic - created for EcoSip project practice
CAMP1129,Synthetic Campaign 129,Food,Food Products,Germany,A practical product concept designed for everyday users.,43684.0,17852.22,40.87,369,48.38,50,July,3,499,79.78,4999,No,10,1117,15535,16591,532,6209.0,23042,23042,1.6,10,2299,1163.1,5719.57,0.027,Successful,1,Synthetic - created for EcoSip project practice
CAMP1130,Synthetic Campaign 130,Food,Beverages,Singapore,Innovative sustainable product designed to make everyday life easier and more convenient.,18217.0,4708.72,25.85,71,66.32,41,December,4,599,80.48,14999,Yes,17,1517,3484,152,557,2133.0,3797,3797,1.88,4,54,539.84,1208.07,0.596,Successful,1,Synthetic - created for EcoSip project practice
CAMP1131,Synthetic Campaign 131,Food,Food Products,Singapore,Innovative sustainable product designed to make everyday life easier and more convenient.,72659.0,17919.15,24.66,201,89.15,27,May,4,599,159.08,7999,Yes,4,482,7110,1244,620,7978.0,8094,8094,2.48,3,316,2529.97,4493.16,0.209,Successful,1,Synthetic - created for EcoSip project practice
CAMP1132,Synthetic Campaign 132,Design,Graphic Design,France,A practical product concept designed for everyday users.,44257.0,6430.8,14.53,115,55.92,49,March,3,299,74.34,14999,Yes,6,511,1860,421,1083,5345.0,2754,2754,4.17,6,45,341.92,2263.5,0.023,Failed,0,Synthetic - created for EcoSip project practice
CAMP1133,Synthetic Campaign 133,Technology,Smart Devices,Canada,A practical product concept designed for everyday users.,43566.0,17669.12,40.56,406,43.52,48,May,3,599,58.04,4999,Yes,16,1482,7844,1603,871,5982.0,8609,8609,4.71,11,718,3141.91,7247.94,-0.141,Successful,1,Synthetic - created for EcoSip project practice
CAMP1134,Synthetic Campaign 134,Food,Cooking,UK,A challenging product concept with limitations that may reduce convenience for some users.,32207.0,1712.58,5.32,46,37.23,60,August,3,499,58.87,7999,Yes,4,1299,5016,943,523,4031.0,1506,1506,3.08,2,76,149.23,737.24,-0.344,Successful,1,Synthetic - created for EcoSip project practice
CAMP1135,Synthetic Campaign 135,Fashion,Accessories,Canada,A challenging product concept with limitations that may reduce convenience for some users.,207350.0,4113.2,1.98,65,63.28,21,December,5,299,71.78,7999,No,12,1638,2362,1928,223,25052.0,3150,3150,2.08,15,257,534.46,1231.08,-0.17,Successful,1,Synthetic - created for EcoSip project practice
CAMP1136,Synthetic Campaign 136,Education,Learning,Germany,Innovative sustainable product designed to make everyday life easier and more convenient.,14512.0,4393.62,30.28,154,28.53,34,October,4,599,47.87,4999,No,5,1442,3950,2916,535,2506.0,2788,2788,5.54,6,134,243.85,878.9,0.211,Successful,1,Synthetic - created for EcoSip project practice
CAMP1137,Synthetic Campaign 137,Food,Cooking,France,Innovative sustainable product designed to make everyday life easier and more convenient.,2196.0,1391.72,63.38,22,63.26,57,January,3,599,113.75,9999,Yes,7,1722,4159,1091,486,355.0,1062,1062,2.03,2,64,193.91,452.58,0.454,Successful,1,Synthetic - created for EcoSip project practice
CAMP1138,Synthetic Campaign 138,Technology,Smart Devices,Singapore,A practical product concept designed for everyday users.,97012.0,4238.01,4.37,63,67.27,38,July,5,499,110.49,14999,Yes,9,461,3816,2792,607,9818.0,3374,3374,1.86,1,204,668.18,1314.35,0.023,Successful,1,Synthetic - created for EcoSip project practice
CAMP1139,Synthetic Campaign 139,Gaming,Tabletop,Germany,Innovative sustainable product designed to make everyday life easier and more convenient.,11132.0,12861.86,115.54,209,61.54,58,February,6,599,101.37,9999,Yes,7,598,29394,86,4542,1893.0,41777,41777,0.5,13,627,704.06,3075.19,0.62,Successful,1,Synthetic - created for EcoSip project practice
CAMP1140,Synthetic Campaign 140,Gaming,Video Games,Germany,A practical product concept designed for everyday users.,20159.0,5636.39,27.96,109,51.71,15,May,4,299,71.01,7999,Yes,15,542,4531,4415,296,3589.0,2590,2590,4.21,1,148,324.77,2529.86,-0.021,Failed,0,Synthetic - created for EcoSip project practice
CAMP1141,Synthetic Campaign 141,Social Impact,Social Enterprise,Singapore,A practical product concept designed for everyday users.,71193.0,7997.22,11.23,126,63.47,16,December,4,599,72.75,9999,Yes,17,241,3918,1310,763,5199.0,3387,3387,3.71,6,273,634.55,3776.64,0.113,Successful,1,Synthetic - created for EcoSip project practice
CAMP1142,Synthetic Campaign 142,Consumer Products,Personal Products,Germany,A practical product concept designed for everyday users.,3347.0,920.96,27.52,16,57.56,51,December,4,499,95.25,7999,Yes,10,1435,614,2645,1455,460.0,300,300,5.47,10,21,38.38,180.07,-0.122,Failed,0,Synthetic - created for EcoSip project practice
CAMP1143,Synthetic Campaign 143,Education,EdTech,UK,Innovative sustainable product designed to make everyday life easier and more convenient.,4836.0,259.98,5.38,6,43.33,31,February,4,299,65.78,7999,Yes,10,1241,2045,266,551,449.0,659,659,0.87,8,12,46.29,108.86,0.457,Successful,1,Synthetic - created for EcoSip project practice
CAMP1144,Synthetic Campaign 144,Gaming,Video Games,India,Innovative sustainable product designed to make everyday life easier and more convenient.,3350.0,4882.84,145.76,59,82.76,38,February,4,499,143.72,14999,Yes,2,291,3843,392,5179,539.0,1348,1348,4.36,4,113,604.37,1824.79,0.767,Successful,1,Synthetic - created for EcoSip project practice
CAMP1145,Synthetic Campaign 145,Social Impact,Community,Canada,A challenging product concept with limitations that may reduce convenience for some users.,7819.0,3778.72,48.33,76,49.72,34,September,6,299,58.73,9999,Yes,5,476,2518,1041,343,671.0,2918,2918,2.62,1,128,472.58,976.54,-0.313,Successful,1,Synthetic - created for EcoSip project practice
CAMP1146,Synthetic Campaign 146,Fashion,Apparel,Germany,A practical product concept designed for everyday users.,28560.0,61975.2,217.0,930,66.64,33,May,6,499,87.54,7999,No,2,464,19908,885,691,4304.0,26479,26479,3.51,11,307,10799.47,22964.71,0.083,Failed,0,Synthetic - created for EcoSip project practice
CAMP1147,Synthetic Campaign 147,Technology,Smart Devices,Germany,Innovative sustainable product designed to make everyday life easier and more convenient.,31211.0,200.0,0.64,10,20.0,58,June,4,599,27.05,7999,Yes,15,814,4240,1194,225,2755.0,1819,1819,0.55,7,49,31.3,43.72,0.534,Successful,1,Synthetic - created for EcoSip project practice
CAMP1148,Synthetic Campaign 148,Education,Learning,Canada,A challenging product concept with limitations that may reduce convenience for some users.,24058.0,35295.4,146.71,476,74.15,19,November,6,499,117.03,14999,Yes,5,901,18136,2662,352,3047.0,11070,11070,4.3,0,717,5435.28,7088.09,-0.225,Successful,1,Synthetic - created for EcoSip project practice
CAMP1149,Synthetic Campaign 149,Fashion,Footwear,Canada,Innovative sustainable product designed to make everyday life easier and more convenient.,4084.0,7009.73,171.64,91,77.03,50,December,6,599,127.21,9999,No,7,626,5318,154,641,785.0,2626,2626,3.48,2,116,613.56,3350.98,0.339,Successful,1,Synthetic - created for EcoSip project practice
CAMP1150,Synthetic Campaign 150,Technology,Wearables,USA,Innovative sustainable product designed to make everyday life easier and more convenient.,1592.0,2051.65,128.87,37,55.45,55,November,3,499,98.3,4999,Yes,15,1684,5190,2383,1166,300.0,1472,1472,2.51,9,127,178.25,760.98,0.522,Successful,1,Synthetic - created for EcoSip project practice
CAMP1151,Synthetic Campaign 151,Fashion,Accessories,Canada,Innovative sustainable product designed to make everyday life easier and more convenient.,19057.0,9063.34,47.56,143,63.38,45,October,4,599,82.82,14999,Yes,13,501,4575,907,688,3456.0,4309,4309,3.32,2,157,732.71,2319.91,0.202,Failed,0,Synthetic - created for EcoSip project practice
CAMP1152,Synthetic Campaign 152,Education,Books,France,Innovative sustainable product designed to make everyday life easier and more convenient.,10968.0,5894.34,53.74,93,63.38,33,December,5,299,91.62,9999,Yes,11,1077,5019,734,1761,2172.0,5646,5646,1.65,6,536,521.87,1856.78,0.334,Failed,0,Synthetic - created for EcoSip project practice
CAMP1153,Synthetic Campaign 153,Social Impact,Social Enterprise,Germany,Innovative sustainable product designed to make everyday life easier and more convenient.,29158.0,24675.84,84.63,544,45.36,22,September,4,599,50.82,7999,Yes,2,872,27889,207,455,5284.0,29558,29558,1.84,1,1227,2263.55,11474.92,0.673,Successful,1,Synthetic - created for EcoSip project practice
CAMP1154,Synthetic Campaign 154,Education,Books,Singapore,Innovative sustainable product designed to make everyday life easier and more convenient.,37616.0,442.47,1.18,7,63.21,46,November,4,499,80.72,14999,Yes,11,789,492,1488,359,2817.0,362,362,1.98,12,28,26.37,137.88,0.726,Successful,1,Synthetic - created for EcoSip project practice
CAMP1155,Synthetic Campaign 155,Gaming,Video Games,Singapore,Innovative sustainable product designed to make everyday life easier and more convenient.,20812.0,214.35,1.03,5,42.87,36,July,4,599,58.38,14999,Yes,10,1512,676,81,7470,3599.0,638,638,0.5,10,62,19.26,96.49,0.163,Failed,0,Synthetic - created for EcoSip project practice
CAMP1156,Synthetic Campaign 156,Food,Cooking,France,A practical product concept designed for everyday users.,39985.0,1743.06,4.36,38,45.87,21,January,5,299,69.52,14999,Yes,7,1764,2905,1721,742,2192.0,1068,1068,3.58,12,56,178.74,768.07,0.031,Successful,1,Synthetic - created for EcoSip project practice
CAMP1157,Synthetic Campaign 157,Consumer Products,Lifestyle,UK,A practical product concept designed for everyday users.,22898.0,6399.1,27.95,89,71.9,31,October,4,299,102.79,7999,Yes,13,159,5073,202,244,2496.0,2247,2247,3.96,0,34,533.1,1812.53,-0.078,Successful,1,Synthetic - created for EcoSip project practice
CAMP1158,Synthetic Campaign 158,Food,Food Products,Canada,Innovative sustainable product designed to make everyday life easier and more convenient.,31404.0,16569.56,52.76,238,69.62,59,December,5,599,94.34,14999,Yes,16,915,9970,949,250,5672.0,14105,14105,1.69,6,972,1046.34,6442.29,0.454,Successful,1,Synthetic - created for EcoSip project practice
CAMP1159,Synthetic Campaign 159,Design,Product Design,USA,A challenging product concept with limitations that may reduce convenience for some users.,8589.0,12609.6,146.81,284,44.4,27,April,3,599,68.24,14999,Yes,6,346,8025,799,195,1317.0,9645,9645,2.94,4,1153,1163.58,4768.31,-0.204,Successful,1,Synthetic - created for EcoSip project practice
CAMP1160,Synthetic Campaign 160,Fashion,Accessories,USA,A practical product concept designed for everyday users.,14906.0,4708.0,31.58,107,44.0,23,June,6,599,73.92,14999,Yes,7,865,3405,2898,1276,1936.0,4779,4779,2.25,9,557,505.3,1936.7,0.109,Successful,1,Synthetic - created for EcoSip project practice
CAMP1161,Synthetic Campaign 161,Social Impact,Social Enterprise,UK,Innovative sustainable product designed to make everyday life easier and more convenient.,22131.0,25651.12,115.91,566,45.32,46,July,3,499,57.52,9999,Yes,7,1168,13853,753,347,2394.0,19337,19337,2.93,13,663,3614.29,7433.15,0.209,Successful,1,Synthetic - created for EcoSip project practice
CAMP1162,Synthetic Campaign 162,Food,Cooking,Canada,A practical product concept designed for everyday users.,42603.0,17553.34,41.2,266,65.99,24,August,3,499,88.43,7999,No,15,829,14008,450,568,7321.0,14873,14873,1.79,3,1385,2449.98,3434.68,0.039,Successful,1,Synthetic - created for EcoSip project practice
CAMP1163,Synthetic Campaign 163,Gaming,Mobile Games,USA,Innovative sustainable product designed to make everyday life easier and more convenient.,11905.0,5000.0,42.0,125,40.0,57,September,3,499,63.74,4999,Yes,3,660,6010,542,469,1862.0,8476,8476,1.48,12,406,341.89,1156.56,0.258,Successful,1,Synthetic - created for EcoSip project practice
CAMP1164,Synthetic Campaign 164,Gaming,Mobile Games,France,Innovative sustainable product designed to make everyday life easier and more convenient.,31112.0,23295.1,74.87,386,60.35,54,May,4,599,99.25,14999,Yes,16,665,13093,3214,1039,3742.0,10093,10093,3.82,9,279,1051.35,8501.92,0.898,Successful,1,Synthetic - created for EcoSip project practice
CAMP1165,Synthetic Campaign 165,Gaming,Tabletop,India,A practical product concept designed for everyday users.,13616.0,2714.2,19.93,41,66.2,60,November,5,299,111.07,9999,Yes,14,644,6567,1539,214,2504.0,1671,1671,2.45,13,139,224.01,1119.69,0.146,Successful,1,Synthetic - created for EcoSip project practice
CAMP1166,Synthetic Campaign 166,Fashion,Accessories,Germany,A practical product concept designed for everyday users.,15910.0,2469.28,15.52,46,53.68,56,October,6,299,66.91,14999,Yes,9,687,2852,612,171,1344.0,936,936,4.95,1,61,153.09,1004.54,0.058,Failed,0,Synthetic - created for EcoSip project practice
CAMP1167,Synthetic Campaign 167,Education,Learning,Germany,Innovative sustainable product designed to make everyday life easier and more convenient.,43007.0,7085.15,16.47,101,70.15,26,December,4,299,103.65,9999,No,11,767,10047,710,626,3250.0,3887,3887,2.6,15,269,676.0,2515.97,0.464,Failed,0,Synthetic - created for EcoSip project practice
CAMP1168,Synthetic Campaign 168,Consumer Products,Personal Products,Singapore,Innovative sustainable product designed to make everyday life easier and more convenient.,2220.0,1513.2,68.16,30,50.44,24,July,3,499,87.26,9999,Yes,16,1284,5585,188,912,325.0,2062,2062,1.44,6,208,268.0,310.85,0.247,Failed,0,Synthetic - created for EcoSip project practice
CAMP1169,Synthetic Campaign 169,Gaming,Tabletop,UK,Innovative sustainable product designed to make everyday life easier and more convenient.,4614.0,7198.81,156.02,139,51.79,30,January,4,599,71.18,4999,Yes,14,308,5007,1327,697,903.0,3453,3453,4.02,4,162,470.44,1333.12,0.583,Successful,1,Synthetic - created for EcoSip project practice
CAMP1170,Synthetic Campaign 170,Technology,Smart Devices,Canada,Innovative sustainable product designed to make everyday life easier and more convenient.,3796.0,32514.04,856.53,806,40.34,36,November,3,499,56.51,7999,No,6,217,21810,155,223,331.0,24571,24571,3.28,2,2049,2752.06,13481.7,0.226,Successful,1,Synthetic - created for EcoSip project practice
CAMP1171,Synthetic Campaign 171,Technology,Software,Canada,A practical product concept designed for everyday users.,1553.0,1264.68,81.43,18,70.26,55,January,4,499,125.72,9999,No,2,1002,431,1909,984,300.0,534,534,3.43,15,27,178.97,436.08,0.11,Successful,1,Synthetic - created for EcoSip project practice
CAMP1172,Synthetic Campaign 172,Technology,Software,India,A challenging product concept with limitations that may reduce convenience for some users.,8830.0,2044.5,23.15,47,43.5,48,March,5,499,51.29,4999,Yes,12,1274,1211,1024,238,626.0,1196,1196,3.96,14,18,227.52,848.09,-0.319,Successful,1,Synthetic - created for EcoSip project practice
CAMP1173,Synthetic Campaign 173,Sustainability,Recycling,India,A challenging product concept with limitations that may reduce convenience for some users.,39539.0,723.0,1.83,12,60.25,44,April,3,299,96.03,4999,Yes,4,576,1526,9792,297,7081.0,661,661,1.76,2,34,33.37,165.45,-0.274,Successful,1,Synthetic - created for EcoSip project practice
CAMP1174,Synthetic Campaign 174,Sustainability,Clean Tech,France,A challenging product concept with limitations that may reduce convenience for some users.,13346.0,5285.14,39.6,98,53.93,55,March,6,599,91.42,9999,Yes,3,481,3477,300,195,1121.0,4120,4120,2.37,7,472,331.04,1597.31,-0.334,Successful,1,Synthetic - created for EcoSip project practice
CAMP1175,Synthetic Campaign 175,Sustainability,Eco Products,India,Innovative sustainable product designed to make everyday life easier and more convenient.,22155.0,2509.44,11.33,64,39.21,44,September,3,599,47.27,4999,Yes,17,1180,3876,812,1837,2780.0,2688,2688,2.36,11,170,428.95,1143.68,0.286,Successful,1,Synthetic - created for EcoSip project practice
CAMP1176,Synthetic Campaign 176,Design,Industrial Design,UK,A challenging product concept with limitations that may reduce convenience for some users.,56489.0,229.3,0.41,5,45.86,32,June,5,599,73.38,9999,Yes,9,783,1108,5435,942,11220.0,300,300,1.01,9,7,12.48,53.08,-0.201,Successful,1,Synthetic - created for EcoSip project practice
CAMP1177,Synthetic Campaign 177,Sustainability,Recycling,India,Innovative sustainable product designed to make everyday life easier and more convenient.,72562.0,1893.5,2.61,25,75.74,33,March,6,599,108.22,7999,Yes,12,1364,1867,2962,916,3760.0,1122,1122,2.24,3,96,244.1,375.78,0.532,Successful,1,Synthetic - created for EcoSip project practice
CAMP1178,Synthetic Campaign 178,Consumer Products,Personal Products,Singapore,Innovative sustainable product designed to make everyday life easier and more convenient.,16740.0,3365.16,20.1,58,58.02,38,January,6,499,98.46,7999,No,5,391,2114,449,1740,2234.0,1402,1402,4.17,5,163,507.89,1265.44,0.188,Successful,1,Synthetic - created for EcoSip project practice
CAMP1179,Synthetic Campaign 179,Social Impact,Community,India,A practical product concept designed for everyday users.,74562.0,40378.18,54.15,1013,39.86,19,March,5,599,69.17,4999,Yes,3,349,58373,1126,8327,9458.0,34604,34604,2.93,5,3802,3115.64,14469.96,0.112,Successful,1,Synthetic - created for EcoSip project practice
CAMP1180,Synthetic Campaign 180,Design,Industrial Design,India,A practical product concept designed for everyday users.,19828.0,20674.26,104.27,347,59.58,49,September,5,499,101.93,7999,Yes,3,1062,30301,902,91,3393.0,38326,38326,0.91,4,2795,2925.63,9626.12,-0.056,Successful,1,Synthetic - created for EcoSip project practice
CAMP1181,Synthetic Campaign 181,Social Impact,Social Enterprise,UK,Innovative sustainable product designed to make everyday life easier and more convenient.,7472.0,1373.06,18.38,26,52.81,45,October,3,599,60.47,9999,Yes,7,797,3312,1193,239,772.0,3974,3974,0.66,15,204,87.58,620.54,0.354,Successful,1,Synthetic - created for EcoSip project practice
CAMP1182,Synthetic Campaign 182,Consumer Products,Home Products,USA,A practical product concept designed for everyday users.,9643.0,18798.56,194.95,176,106.81,48,April,3,499,174.08,9999,Yes,2,1353,3476,448,270,1076.0,3891,3891,4.53,3,287,1501.35,7610.2,-0.045,Successful,1,Synthetic - created for EcoSip project practice
CAMP1183,Synthetic Campaign 183,Design,Graphic Design,UK,A practical product concept designed for everyday users.,3803.0,948.48,24.94,16,59.28,39,January,4,599,103.45,7999,Yes,8,985,1584,823,214,300.0,671,671,2.42,11,67,79.35,176.18,-0.096,Successful,1,Synthetic - created for EcoSip project practice
CAMP1184,Synthetic Campaign 184,Sustainability,Recycling,USA,Innovative sustainable product designed to make everyday life easier and more convenient.,7084.0,788.64,11.13,16,49.29,51,July,5,299,75.66,4999,No,7,735,742,182,170,1141.0,935,935,1.75,14,98,141.56,255.61,0.513,Successful,1,Synthetic - created for EcoSip project practice
CAMP1185,Synthetic Campaign 185,Design,Graphic Design,Australia,Innovative sustainable product designed to make everyday life easier and more convenient.,12360.0,8240.4,66.67,108,76.3,58,October,5,299,116.02,14999,Yes,10,413,4448,1030,371,2073.0,4877,4877,2.21,12,488,577.16,3698.54,0.279,Successful,1,Synthetic - created for EcoSip project practice
CAMP1186,Synthetic Campaign 186,Design,Industrial Design,Singapore,A practical product concept designed for everyday users.,41852.0,191.66,0.46,7,27.38,41,January,6,299,30.98,14999,Yes,11,419,1843,1412,148,2951.0,910,910,0.75,12,55,11.13,59.43,0.114,Successful,1,Synthetic - created for EcoSip project practice
CAMP1187,Synthetic Campaign 187,Consumer Products,Home Products,Australia,Innovative sustainable product designed to make everyday life easier and more convenient.,109638.0,11676.87,10.65,207,56.41,35,October,4,499,95.85,14999,Yes,6,1397,4593,717,699,11953.0,4869,4869,4.25,2,112,1980.36,5472.29,0.36,Failed,0,Synthetic - created for EcoSip project practice
CAMP1188,Synthetic Campaign 188,Gaming,Tabletop,Germany,Innovative sustainable product designed to make everyday life easier and more convenient.,4217.0,1528.56,36.25,18,84.92,19,March,6,599,96.17,7999,Yes,9,523,1009,179,527,776.0,862,862,2.07,2,63,95.8,574.35,0.183,Successful,1,Synthetic - created for EcoSip project practice
CAMP1189,Synthetic Campaign 189,Education,EdTech,France,Innovative sustainable product designed to make everyday life easier and more convenient.,27190.0,4154.28,15.28,78,53.26,50,April,4,499,70.27,9999,Yes,3,979,2334,2419,809,1371.0,1865,1865,4.19,12,51,677.56,884.19,0.287,Successful,1,Synthetic - created for EcoSip project practice
CAMP1190,Synthetic Campaign 190,Education,EdTech,France,A practical product concept designed for everyday users.,6036.0,1711.0,28.35,59,29.0,56,August,3,599,50.7,4999,No,6,1499,5801,1296,831,572.0,2263,2263,2.61,11,38,224.25,569.39,-0.049,Successful,1,Synthetic - created for EcoSip project practice
CAMP1191,Synthetic Campaign 191,Sustainability,Eco Products,Germany,Innovative sustainable product designed to make everyday life easier and more convenient.,29630.0,13540.56,45.7,276,49.06,47,January,5,499,86.58,14999,Yes,17,1631,7211,435,914,3948.0,6475,6475,4.26,11,420,1635.17,5263.01,0.76,Successful,1,Synthetic - created for EcoSip project practice
CAMP1192,Synthetic Campaign 192,Food,Cooking,France,A practical product concept designed for everyday users.,15685.0,6222.42,39.67,81,76.82,54,April,3,599,137.84,4999,Yes,17,591,7591,680,344,1570.0,2846,2846,2.84,6,234,903.42,1242.06,0.018,Successful,1,Synthetic - created for EcoSip project practice
CAMP1193,Synthetic Campaign 193,Food,Cooking,Canada,Innovative sustainable product designed to make everyday life easier and more convenient.,2632.0,1334.08,50.69,22,60.64,54,February,4,599,86.93,7999,No,9,330,1335,201,4170,300.0,608,608,3.62,8,63,188.96,378.07,0.616,Successful,1,Synthetic - created for EcoSip project practice
CAMP1194,Synthetic Campaign 194,Gaming,Video Games,Australia,A practical product concept designed for everyday users.,47707.0,7041.72,14.76,166,42.42,51,March,6,299,51.93,14999,Yes,17,1428,11753,323,632,5677.0,4886,4886,3.4,0,470,390.63,2782.35,0.127,Successful,1,Synthetic - created for EcoSip project practice
CAMP1195,Synthetic Campaign 195,Social Impact,Social Enterprise,Australia,Innovative sustainable product designed to make everyday life easier and more convenient.,9536.0,4740.32,49.71,106,44.72,38,October,6,599,64.47,9999,No,10,1284,2246,526,78,736.0,3240,3240,3.27,4,338,852.9,1076.63,0.406,Successful,1,Synthetic - created for EcoSip project practice
CAMP1196,Synthetic Campaign 196,Technology,Wearables,France,Innovative sustainable product designed to make everyday life easier and more convenient.,10276.0,7828.8,76.19,168,46.6,19,March,4,299,54.6,14999,Yes,4,696,9415,3074,184,1330.0,5706,5706,2.95,8,534,1345.49,2227.31,0.386,Failed,0,Synthetic - created for EcoSip project practice
CAMP1197,Synthetic Campaign 197,Gaming,Video Games,Australia,Innovative sustainable product designed to make everyday life easier and more convenient.,5854.0,4652.34,79.47,77,60.42,15,January,3,499,103.37,7999,Yes,15,1129,4947,475,88,913.0,3433,3433,2.24,2,300,770.07,1800.33,0.501,Successful,1,Synthetic - created for EcoSip project practice
CAMP1198,Synthetic Campaign 198,Consumer Products,Personal Products,Singapore,A practical product concept designed for everyday users.,9056.0,3002.8,33.16,40,75.07,24,March,3,499,112.03,4999,No,8,461,1262,1707,509,1234.0,824,824,4.84,2,9,381.72,1239.14,-0.055,Successful,1,Synthetic - created for EcoSip project practice
CAMP1199,Synthetic Campaign 199,Gaming,Video Games,UK,Innovative sustainable product designed to make everyday life easier and more convenient.,28209.0,5096.88,18.07,72,70.79,34,February,3,299,97.91,4999,Yes,11,1306,3645,525,443,1804.0,5004,5004,1.45,0,395,576.92,1710.28,0.481,Successful,1,Synthetic - created for EcoSip project practice
CAMP1200,Synthetic Campaign 200,Social Impact,Social Enterprise,UK,Innovative sustainable product designed to make everyday life easier and more convenient.,14756.0,10760.16,72.92,174,61.84,49,August,6,599,71.47,4999,Yes,12,1350,7205,1153,313,2607.0,6871,6871,2.54,3,160,1238.27,5025.61,0.697,Successful,1,Synthetic - created for EcoSip project practice
CAMP1201,Synthetic Campaign 201,Gaming,Tabletop,Germany,A practical product concept designed for everyday users.,25418.0,11840.14,46.58,338,35.03,35,December,6,499,48.47,4999,Yes,6,643,9229,781,3735,1938.0,12911,12911,2.62,15,212,498.37,5418.04,0.108,Failed,0,Synthetic - created for EcoSip project practice
CAMP1202,Synthetic Campaign 202,Social Impact,Social Enterprise,France,Innovative sustainable product designed to make everyday life easier and more convenient.,26322.0,2876.56,10.93,82,35.08,16,March,5,299,59.86,7999,Yes,13,923,4342,2155,866,4336.0,2713,2713,3.04,11,74,316.21,926.34,0.19,Successful,1,Synthetic - created for EcoSip project practice
CAMP1203,Synthetic Campaign 203,Design,Graphic Design,Germany,A practical product concept designed for everyday users.,72029.0,11655.0,16.18,185,63.0,24,September,5,299,100.32,4999,Yes,10,701,23132,527,1034,7497.0,9103,9103,2.04,15,915,1484.0,2658.3,0.033,Successful,1,Synthetic - created for EcoSip project practice
CAMP1204,Synthetic Campaign 204,Sustainability,Recycling,Canada,A practical product concept designed for everyday users.,12559.0,13092.32,104.25,376,34.82,60,May,4,299,40.31,4999,Yes,7,201,13694,187,197,2103.0,12945,12945,2.9,4,1189,1731.05,5392.46,0.083,Failed,0,Synthetic - created for EcoSip project practice
CAMP1205,Synthetic Campaign 205,Design,Product Design,USA,Innovative sustainable product designed to make everyday life easier and more convenient.,3818.0,3148.82,82.47,61,51.62,60,January,3,299,62.56,7999,Yes,6,360,3868,226,184,309.0,2638,2638,2.32,9,302,272.37,796.47,0.659,Successful,1,Synthetic - created for EcoSip project practice
CAMP1206,Synthetic Campaign 206,Education,Learning,Canada,A practical product concept designed for everyday users.,55200.0,5062.6,9.17,85,59.56,32,September,3,299,81.87,9999,Yes,13,1733,10586,529,519,4306.0,13258,13258,0.64,14,1560,536.53,2191.33,-0.101,Successful,1,Synthetic - created for EcoSip project practice
CAMP1207,Synthetic Campaign 207,Sustainability,Clean Tech,Australia,A practical product concept designed for everyday users.,12709.0,45148.6,355.25,1190,37.94,52,March,5,299,44.43,9999,Yes,5,902,34578,258,594,1583.0,46655,46655,2.55,5,5051,5827.94,16079.37,-0.084,Successful,1,Synthetic - created for EcoSip project practice
CAMP1208,Synthetic Campaign 208,Social Impact,Social Enterprise,Australia,Innovative sustainable product designed to make everyday life easier and more convenient.,58015.0,14191.12,24.46,358,39.64,48,July,3,599,69.52,4999,Yes,3,393,35514,1356,78,3187.0,29857,29857,1.2,10,735,1418.58,4232.19,0.631,Successful,1,Synthetic - created for EcoSip project practice
CAMP1209,Synthetic Campaign 209,Education,Books,Singapore,Innovative sustainable product designed to make everyday life easier and more convenient.,26921.0,589.49,2.19,11,53.59,57,July,3,599,83.42,14999,Yes,16,223,1464,565,418,2256.0,2144,2144,0.5,11,229,102.98,204.5,0.355,Successful,1,Synthetic - created for EcoSip project practice
CAMP1210,Synthetic Campaign 210,Fashion,Footwear,France,Innovative sustainable product designed to make everyday life easier and more convenient.,15685.0,3190.05,20.34,51,62.55,55,August,6,599,72.96,9999,Yes,7,733,1980,9672,507,2488.0,1864,1864,2.72,13,191,442.66,1084.11,0.774,Successful,1,Synthetic - created for EcoSip project practice
CAMP1211,Synthetic Campaign 211,Education,Learning,France,A practical product concept designed for everyday users.,25961.0,28722.6,110.64,405,70.92,43,February,5,499,117.13,7999,Yes,12,1771,22073,158,403,4559.0,12993,12993,3.12,15,1375,1154.03,13138.29,0.054,Failed,0,Synthetic - created for EcoSip project practice
CAMP1212,Synthetic Campaign 212,Sustainability,Clean Tech,USA,Innovative sustainable product designed to make everyday life easier and more convenient.,139621.0,3013.17,2.16,47,64.11,33,April,4,599,87.05,7999,Yes,13,784,1735,1103,222,8673.0,1494,1494,3.16,9,40,130.35,736.14,0.215,Successful,1,Synthetic - created for EcoSip project practice
CAMP1213,Synthetic Campaign 213,Fashion,Footwear,UK,A practical product concept designed for everyday users.,159366.0,729.3,0.46,13,56.1,43,September,3,599,71.33,14999,Yes,15,1799,1332,291,292,29054.0,395,395,3.21,9,9,99.65,334.35,-0.005,Successful,1,Synthetic - created for EcoSip project practice
CAMP1214,Synthetic Campaign 214,Design,Industrial Design,Australia,Innovative sustainable product designed to make everyday life easier and more convenient.,19360.0,832.39,4.3,19,43.81,29,December,3,299,65.67,7999,Yes,12,957,3075,549,419,3284.0,3859,3859,0.5,13,431,81.38,157.66,0.22,Successful,1,Synthetic - created for EcoSip project practice
CAMP1215,Synthetic Campaign 215,Sustainability,Recycling,India,A challenging product concept with limitations that may reduce convenience for some users.,21297.0,1012.44,4.75,26,38.94,31,January,4,599,43.2,4999,Yes,13,1410,7612,1037,548,3843.0,2868,2868,0.91,10,84,159.49,415.87,-0.317,Successful,1,Synthetic - created for EcoSip project practice
CAMP1216,Synthetic Campaign 216,Education,Learning,Germany,Innovative sustainable product designed to make everyday life easier and more convenient.,55725.0,6674.94,11.98,141,47.34,43,May,4,599,67.5,7999,Yes,15,1445,4513,88,915,8624.0,2870,2870,4.92,5,145,428.68,3043.11,0.372,Failed,0,Synthetic - created for EcoSip project practice
CAMP1217,Synthetic Campaign 217,Technology,Wearables,Canada,Innovative sustainable product designed to make everyday life easier and more convenient.,7407.0,2017.95,27.24,33,61.15,41,November,5,499,103.38,4999,No,17,196,2609,1140,1474,1119.0,2496,2496,1.31,10,150,84.62,601.78,0.271,Successful,1,Synthetic - created for EcoSip project practice
CAMP1218,Synthetic Campaign 218,Technology,Wearables,USA,Innovative sustainable product designed to make everyday life easier and more convenient.,25536.0,1501.25,5.88,25,60.05,41,April,3,499,105.07,4999,No,2,160,2548,6035,373,3288.0,774,774,3.28,8,18,141.62,303.13,0.164,Successful,1,Synthetic - created for EcoSip project practice
CAMP1219,Synthetic Campaign 219,Design,Graphic Design,Canada,A practical product concept designed for everyday users.,17518.0,352.5,2.01,15,23.5,32,June,3,499,31.49,7999,Yes,13,1672,2452,572,317,2591.0,856,856,1.71,3,11,50.42,148.54,0.071,Failed,0,Synthetic - created for EcoSip project practice
CAMP1220,Synthetic Campaign 220,Social Impact,Community,France,A practical product concept designed for everyday users.,25028.0,2635.81,10.53,61,43.21,33,November,3,299,66.96,4999,No,4,1688,2075,1167,775,4702.0,2324,2324,2.64,8,277,464.01,1140.94,-0.071,Failed,0,Synthetic - created for EcoSip project practice
CAMP1221,Synthetic Campaign 221,Consumer Products,Home Products,Singapore,Innovative sustainable product designed to make everyday life easier and more convenient.,7503.0,21847.93,291.19,299,73.07,15,December,4,299,91.98,7999,No,16,368,48963,2508,921,488.0,16634,16634,1.8,9,1770,3576.76,6136.59,0.384,Failed,0,Synthetic - created for EcoSip project practice
CAMP1222,Synthetic Campaign 222,Design,Product Design,Singapore,A practical product concept designed for everyday users.,3392.0,10282.77,303.15,183,56.19,42,August,4,299,83.84,4999,Yes,2,1215,6733,764,324,330.0,5698,5698,3.21,14,629,1108.18,3450.67,-0.148,Successful,1,Synthetic - created for EcoSip project practice
CAMP1223,Synthetic Campaign 223,Sustainability,Eco Products,India,Innovative sustainable product designed to make everyday life easier and more convenient.,2042.0,7490.28,366.81,222,33.74,41,September,3,299,43.11,9999,No,5,1674,12136,503,1102,300.0,8172,8172,2.72,9,338,1151.96,3167.2,0.323,Successful,1,Synthetic - created for EcoSip project practice
CAMP1224,Synthetic Campaign 224,Consumer Products,Lifestyle,USA,Innovative sustainable product designed to make everyday life easier and more convenient.,5568.0,2981.22,53.54,33,90.34,58,August,5,499,135.51,4999,Yes,5,1718,3066,92,1332,1068.0,1641,1641,2.02,2,56,148.6,708.38,0.761,Successful,1,Synthetic - created for EcoSip project practice
CAMP1225,Synthetic Campaign 225,Sustainability,Recycling,Singapore,Innovative sustainable product designed to make everyday life easier and more convenient.,11120.0,1418.82,12.76,26,54.57,38,April,4,499,66.59,4999,Yes,11,639,4152,1709,1819,1299.0,2018,2018,1.31,15,115,170.43,523.11,0.596,Successful,1,Synthetic - created for EcoSip project practice
CAMP1226,Synthetic Campaign 226,Education,Learning,UK,A challenging product concept with limitations that may reduce convenience for some users.,13230.0,5226.22,39.5,86,60.77,36,November,3,299,106.89,14999,Yes,2,1498,2450,804,2960,2002.0,2950,2950,2.91,9,177,885.33,1615.89,-0.241,Failed,0,Synthetic - created for EcoSip project practice
CAMP1227,Synthetic Campaign 227,Fashion,Footwear,Canada,A practical product concept designed for everyday users.,137616.0,304.95,0.22,5,60.99,18,January,5,299,104.95,4999,Yes,2,1216,353,327,210,24244.0,508,508,1.07,4,5,29.12,70.85,0.03,Successful,1,Synthetic - created for EcoSip project practice
CAMP1228,Synthetic Campaign 228,Food,Beverages,Singapore,Innovative sustainable product designed to make everyday life easier and more convenient.,57493.0,791.84,1.38,16,49.49,24,January,4,599,66.11,7999,Yes,10,1680,1260,1021,507,11421.0,536,536,3.05,12,51,138.11,340.04,0.298,Successful,1,Synthetic - created for EcoSip project practice
CAMP1229,Synthetic Campaign 229,Design,Graphic Design,India,Innovative sustainable product designed to make everyday life easier and more convenient.,6555.0,2954.03,45.07,67,44.09,30,August,4,599,72.47,9999,No,17,392,818,502,506,487.0,1186,1186,5.69,6,142,209.43,819.46,0.16,Failed,0,Synthetic - created for EcoSip project practice
CAMP1230,Synthetic Campaign 230,Consumer Products,Home Products,UK,A challenging product concept with limitations that may reduce convenience for some users.,25932.0,1910.26,7.37,22,86.83,32,November,4,499,101.32,7999,Yes,10,1141,527,531,453,4407.0,524,524,4.16,5,36,104.66,879.35,-0.212,Failed,0,Synthetic - created for EcoSip project practice
CAMP1231,Synthetic Campaign 231,Design,Graphic Design,India,Innovative sustainable product designed to make everyday life easier and more convenient.,11739.0,3782.7,32.22,54,70.05,31,October,3,599,113.36,7999,Yes,9,190,1513,1650,261,2150.0,1592,1592,3.39,13,84,429.21,1326.52,0.288,Successful,1,Synthetic - created for EcoSip project practice
CAMP1232,Synthetic Campaign 232,Fashion,Accessories,USA,Innovative sustainable product designed to make everyday life easier and more convenient.,13354.0,34809.61,260.67,517,67.33,33,September,4,499,87.38,4999,Yes,12,739,18810,236,113,766.0,21395,21395,2.42,13,1138,5813.71,11638.7,0.177,Failed,0,Synthetic - created for EcoSip project practice
CAMP1233,Synthetic Campaign 233,Technology,Software,Canada,Innovative sustainable product designed to make everyday life easier and more convenient.,21867.0,1718.28,7.86,27,63.64,50,May,5,299,76.05,7999,Yes,10,168,4783,2565,549,3567.0,5406,5406,0.5,8,111,143.61,527.5,0.716,Successful,1,Synthetic - created for EcoSip project practice
CAMP1234,Synthetic Campaign 234,Sustainability,Clean Tech,Singapore,A practical product concept designed for everyday users.,34484.0,8709.1,25.26,218,39.95,21,May,3,599,62.91,14999,No,8,880,18174,222,232,3559.0,23168,23168,0.94,5,910,1323.98,2614.48,0.109,Successful,1,Synthetic - created for EcoSip project practice
CAMP1235,Synthetic Campaign 235,Design,Graphic Design,Canada,Innovative sustainable product designed to make everyday life easier and more convenient.,12606.0,19504.08,154.72,263,74.16,30,June,5,599,105.96,9999,No,11,1488,7541,464,545,1857.0,6443,6443,4.08,13,420,1242.17,8296.84,0.507,Successful,1,Synthetic - created for EcoSip project practice
CAMP1236,Synthetic Campaign 236,Sustainability,Clean Tech,Singapore,A challenging product concept with limitations that may reduce convenience for some users.,55005.0,6733.65,12.24,159,42.35,22,April,3,499,62.3,14999,Yes,2,1235,10935,6157,226,6992.0,10024,10024,1.59,2,576,972.2,2580.67,-0.175,Failed,0,Synthetic - created for EcoSip project practice
CAMP1237,Synthetic Campaign 237,Food,Cooking,India,A practical product concept designed for everyday users.,5427.0,1303.5,24.02,22,59.25,29,June,5,499,86.76,9999,Yes,5,672,2031,2779,166,483.0,1330,1330,1.69,11,93,153.79,537.18,-0.108,Failed,0,Synthetic - created for EcoSip project practice
CAMP1238,Synthetic Campaign 238,Gaming,Video Games,Germany,Innovative sustainable product designed to make everyday life easier and more convenient.,18120.0,2311.16,12.75,76,30.41,46,February,3,299,34.72,14999,Yes,12,854,8443,992,632,1274.0,3222,3222,2.35,9,333,149.08,707.97,0.382,Successful,1,Synthetic - created for EcoSip project practice
CAMP1239,Synthetic Campaign 239,Education,Learning,Germany,Innovative sustainable product designed to make everyday life easier and more convenient.,250000.0,3463.38,1.39,142,24.39,17,April,3,499,27.71,7999,Yes,7,756,10362,351,581,16886.0,11199,11199,1.27,13,389,486.72,895.05,0.483,Successful,1,Synthetic - created for EcoSip project practice
CAMP1240,Synthetic Campaign 240,Food,Cooking,India,A practical product concept designed for everyday users.,22751.0,537.93,2.36,9,59.77,30,December,4,499,90.9,9999,No,2,1357,2809,530,892,1490.0,820,820,1.08,6,11,75.27,110.85,-0.088,Successful,1,Synthetic - created for EcoSip project practice
CAMP1241,Synthetic Campaign 241,Consumer Products,Lifestyle,USA,Innovative sustainable product designed to make everyday life easier and more convenient.,81065.0,5657.52,6.98,132,42.86,16,September,5,499,65.86,9999,No,3,589,8749,968,4449,11809.0,5202,5202,2.55,13,74,634.55,2336.54,0.187,Successful,1,Synthetic - created for EcoSip project practice
CAMP1242,Synthetic Campaign 242,Food,Beverages,Singapore,A challenging product concept with limitations that may reduce convenience for some users.,19816.0,1207.68,6.09,48,25.16,58,February,5,299,28.51,14999,Yes,15,301,8808,934,660,2035.0,3239,3239,1.47,0,80,86.43,367.84,-0.207,Failed,0,Synthetic - created for EcoSip project practice
CAMP1243,Synthetic Campaign 243,Technology,Smart Devices,Australia,A practical product concept designed for everyday users.,33122.0,1451.53,4.38,23,63.11,48,April,4,599,86.14,9999,Yes,7,986,2886,822,812,2732.0,1410,1410,1.66,12,103,84.95,483.02,0.129,Successful,1,Synthetic - created for EcoSip project practice
CAMP1244,Synthetic Campaign 244,Food,Cooking,Germany,Innovative sustainable product designed to make everyday life easier and more convenient.,16958.0,2343.6,13.82,27,86.8,26,April,3,499,132.72,7999,Yes,2,1519,1627,873,170,2608.0,1706,1706,1.59,1,169,407.82,751.83,0.414,Successful,1,Synthetic - created for EcoSip project practice
CAMP1245,Synthetic Campaign 245,Food,Cooking,India,A practical product concept designed for everyday users.,15051.0,3792.0,25.19,50,75.84,24,April,4,299,118.29,4999,Yes,13,937,1530,726,138,2303.0,1584,1584,3.15,10,170,499.84,1173.02,0.058,Successful,1,Synthetic - created for EcoSip project practice
CAMP1246,Synthetic Campaign 246,Technology,Software,Germany,A practical product concept designed for everyday users.,7940.0,4960.58,62.48,97,51.14,19,September,6,599,85.9,14999,Yes,10,486,5452,213,2434,1039.0,4232,4232,2.3,3,338,760.43,1910.67,0.11,Successful,1,Synthetic - created for EcoSip project practice
CAMP1247,Synthetic Campaign 247,Sustainability,Recycling,Canada,A practical product concept designed for everyday users.,28281.0,3197.54,11.31,58,55.13,36,November,3,499,76.88,7999,Yes,9,226,6934,537,199,5380.0,2515,2515,2.31,15,137,439.9,1159.49,-0.136,Successful,1,Synthetic - created for EcoSip project practice
CAMP1248,Synthetic Campaign 248,Gaming,Video Games,France,A practical product concept designed for everyday users.,7361.0,3962.56,53.83,58,68.32,49,September,5,499,101.37,14999,Yes,16,1707,2263,2246,176,794.0,1792,1792,3.25,12,48,618.66,1868.81,-0.002,Failed,0,Synthetic - created for EcoSip project practice
CAMP1249,Synthetic Campaign 249,Fashion,Apparel,UK,Innovative sustainable product designed to make everyday life easier and more convenient.,36206.0,6033.72,16.66,84,71.83,41,June,4,499,108.1,9999,No,7,1405,5135,229,481,6350.0,3548,3548,2.37,1,192,378.61,1337.5,0.672,Successful,1,Synthetic - created for EcoSip project practice
CAMP1250,Synthetic Campaign 250,Technology,Smart Devices,Germany,Innovative sustainable product designed to make everyday life easier and more convenient.,56257.0,11166.4,19.85,224,49.85,55,February,3,499,65.72,4999,Yes,11,406,8846,745,457,3447.0,10178,10178,2.2,14,474,1223.54,3931.2,0.2,Successful,1,Synthetic - created for EcoSip project practice
CAMP1251,Synthetic Campaign 251,Consumer Products,Home Products,India,A practical product concept designed for everyday users.,26449.0,15487.29,58.56,279,55.51,30,February,5,299,63.15,9999,Yes,13,271,9278,396,203,4258.0,9035,9035,3.09,4,955,2065.97,3081.54,-0.101,Successful,1,Synthetic - created for EcoSip project practice
CAMP1252,Synthetic Campaign 252,Design,Product Design,India,A practical product concept designed for everyday users.,13327.0,40526.31,304.09,681,59.51,27,October,3,299,65.64,7999,Yes,11,363,23602,1006,369,2642.0,20403,20403,3.34,8,1296,2207.65,17117.32,0.092,Successful,1,Synthetic - created for EcoSip project practice
CAMP1253,Synthetic Campaign 253,Consumer Products,Lifestyle,USA,A challenging product concept with limitations that may reduce convenience for some users.,28992.0,23298.08,80.36,368,63.31,36,September,4,599,106.7,4999,Yes,5,771,17929,610,1710,5131.0,15396,15396,2.39,1,537,1421.04,8501.32,-0.267,Failed,0,Synthetic - created for EcoSip project practice
CAMP1254,Synthetic Campaign 254,Education,Books,Australia,A practical product concept designed for everyday users.,13017.0,3710.0,28.5,70,53.0,24,July,3,499,65.73,7999,Yes,12,1489,1837,3943,223,1783.0,2678,2678,2.63,1,112,477.69,1144.59,-0.104,Failed,0,Synthetic - created for EcoSip project practice
CAMP1255,Synthetic Campaign 255,Food,Food Products,USA,Innovative sustainable product designed to make everyday life easier and more convenient.,48072.0,27185.2,56.55,511,53.2,59,July,5,499,81.99,9999,Yes,13,413,26924,1494,124,6923.0,32184,32184,1.59,3,805,4393.64,11436.02,0.561,Successful,1,Synthetic - created for EcoSip project practice
CAMP1256,Synthetic Campaign 256,Consumer Products,Personal Products,India,A practical product concept designed for everyday users.,2631.0,2952.3,112.21,39,75.7,23,November,3,299,113.85,4999,Yes,3,1500,2940,242,1283,300.0,2561,2561,1.52,8,284,391.06,934.41,0.14,Failed,0,Synthetic - created for EcoSip project practice
CAMP1257,Synthetic Campaign 257,Sustainability,Eco Products,Germany,Innovative sustainable product designed to make everyday life easier and more convenient.,12654.0,30645.66,242.18,419,73.14,37,October,3,599,100.91,9999,Yes,4,153,14215,1761,818,1922.0,12069,12069,3.47,8,188,1381.16,7610.42,0.709,Successful,1,Synthetic - created for EcoSip project practice
CAMP1258,Synthetic Campaign 258,Technology,Wearables,India,Innovative sustainable product designed to make everyday life easier and more convenient.,2226.0,2859.36,128.45,46,62.16,39,February,5,599,104.64,14999,Yes,12,1368,5352,415,269,369.0,1515,1515,3.06,13,17,502.85,920.0,0.153,Successful,1,Synthetic - created for EcoSip project practice
CAMP1259,Synthetic Campaign 259,Consumer Products,Lifestyle,France,Innovative sustainable product designed to make everyday life easier and more convenient.,3746.0,11714.55,312.72,145,80.79,17,May,6,599,128.37,4999,Yes,3,615,3311,505,103,748.0,4729,4729,3.07,2,142,697.38,2357.55,0.17,Successful,1,Synthetic - created for EcoSip project practice
CAMP1260,Synthetic Campaign 260,Food,Cooking,Canada,Innovative sustainable product designed to make everyday life easier and more convenient.,75371.0,738.0,0.98,15,49.2,36,January,3,499,54.9,4999,Yes,16,1734,820,1232,237,9336.0,532,532,2.87,11,53,53.55,331.63,0.359,Successful,1,Synthetic - created for EcoSip project practice
CAMP1261,Synthetic Campaign 261,Fashion,Footwear,Canada,A challenging product concept with limitations that may reduce convenience for some users.,46077.0,4919.08,10.68,62,79.34,35,May,4,499,130.41,4999,Yes,3,935,4212,550,473,2728.0,2401,2401,2.59,0,162,868.2,1964.13,-0.568,Failed,0,Synthetic - created for EcoSip project practice
CAMP1262,Synthetic Campaign 262,Consumer Products,Home Products,Australia,Innovative sustainable product designed to make everyday life easier and more convenient.,8456.0,3409.56,40.32,54,63.14,26,August,6,599,91.86,9999,Yes,17,596,1051,2198,1604,1179.0,1576,1576,3.41,4,124,504.43,1391.42,0.237,Failed,0,Synthetic - created for EcoSip project practice
CAMP1263,Synthetic Campaign 263,Education,Books,UK,Innovative sustainable product designed to make everyday life easier and more convenient.,3716.0,57342.57,1543.13,551,104.07,20,March,4,599,139.76,14999,Yes,12,550,13154,415,177,300.0,15106,15106,3.65,2,745,9812.5,25365.37,0.166,Successful,1,Synthetic - created for EcoSip project practice
CAMP1264,Synthetic Campaign 264,Social Impact,Social Enterprise,France,Innovative sustainable product designed to make everyday life easier and more convenient.,1000.0,9500.16,950.02,256,37.11,17,February,4,499,59.7,14999,No,9,1513,22788,485,459,300.0,7046,7046,3.63,1,124,1452.83,3966.05,0.596,Successful,1,Synthetic - created for EcoSip project practice
CAMP1265,Synthetic Campaign 265,Social Impact,Environment,France,Innovative sustainable product designed to make everyday life easier and more convenient.,10173.0,803.88,7.9,18,44.66,15,June,6,599,70.57,4999,No,6,814,2254,467,982,1010.0,738,738,2.43,9,77,105.5,248.85,0.45,Failed,0,Synthetic - created for EcoSip project practice
CAMP1266,Synthetic Campaign 266,Food,Food Products,Australia,A practical product concept designed for everyday users.,228562.0,4902.4,2.14,80,61.28,37,July,5,599,80.73,7999,Yes,7,730,6763,511,46,36491.0,1906,1906,4.18,14,59,391.39,1056.91,-0.137,Failed,0,Synthetic - created for EcoSip project practice
CAMP1267,Synthetic Campaign 267,Design,Product Design,France,Innovative sustainable product designed to make everyday life easier and more convenient.,28417.0,4206.24,14.8,69,60.96,19,September,4,599,109.0,4999,Yes,13,1363,2421,2702,1406,2204.0,2420,2420,2.84,10,33,360.74,1228.26,0.528,Successful,1,Synthetic - created for EcoSip project practice
CAMP1268,Synthetic Campaign 268,Gaming,Mobile Games,USA,A practical product concept designed for everyday users.,10002.0,2527.5,25.27,30,84.25,59,January,6,299,130.93,7999,Yes,14,1036,2667,1688,153,749.0,905,905,3.29,13,66,436.29,1163.22,0.107,Successful,1,Synthetic - created for EcoSip project practice
CAMP1269,Synthetic Campaign 269,Food,Food Products,UK,A practical product concept designed for everyday users.,29333.0,19966.68,68.07,444,44.97,26,March,5,299,68.54,7999,No,5,1245,10847,4976,697,1664.0,15367,15367,2.89,9,294,3204.4,9279.06,-0.073,Successful,1,Synthetic - created for EcoSip project practice
CAMP1270,Synthetic Campaign 270,Food,Food Products,Canada,Innovative sustainable product designed to make everyday life easier and more convenient.,3495.0,13371.15,382.58,195,68.57,45,October,5,299,78.78,9999,Yes,10,885,4811,8691,640,633.0,6837,6837,2.85,0,140,1207.8,5487.0,0.235,Failed,0,Synthetic - created for EcoSip project practice
CAMP1271,Synthetic Campaign 271,Education,EdTech,Australia,A practical product concept designed for everyday users.,13173.0,32308.24,245.26,446,72.44,45,September,4,599,93.85,14999,No,17,255,28477,321,1479,2029.0,26557,26557,1.68,5,2604,2980.68,7796.92,0.123,Successful,1,Synthetic - created for EcoSip project practice
CAMP1272,Synthetic Campaign 272,Technology,Smart Devices,UK,Innovative sustainable product designed to make everyday life easier and more convenient.,19982.0,7015.99,35.11,107,65.57,37,November,6,299,92.64,14999,Yes,6,159,3087,966,867,1119.0,3151,3151,3.39,13,202,573.05,1672.16,0.611,Successful,1,Synthetic - created for EcoSip project practice
CAMP1273,Synthetic Campaign 273,Consumer Products,Lifestyle,India,Innovative sustainable product designed to make everyday life easier and more convenient.,16444.0,20092.05,122.18,495,40.59,55,October,6,299,62.57,4999,Yes,13,214,13582,278,46,892.0,8351,8351,5.93,0,305,1721.05,8919.49,0.275,Successful,1,Synthetic - created for EcoSip project practice
CAMP1274,Synthetic Campaign 274,Social Impact,Social Enterprise,France,Innovative sustainable product designed to make everyday life easier and more convenient.,41294.0,2892.56,7.0,38,76.12,20,November,6,299,111.05,4999,Yes,4,1097,5512,414,228,5525.0,1819,1819,2.08,1,88,464.24,643.81,0.238,Successful,1,Synthetic - created for EcoSip project practice
CAMP1275,Synthetic Campaign 275,Gaming,Tabletop,Australia,Innovative sustainable product designed to make everyday life easier and more convenient.,25848.0,25043.04,96.89,341,73.44,25,July,5,299,120.01,7999,Yes,15,997,11081,479,574,2388.0,12985,12985,2.63,13,1171,1038.56,8896.32,0.432,Successful,1,Synthetic - created for EcoSip project practice
CAMP1276,Synthetic Campaign 276,Design,Product Design,Australia,Innovative sustainable product designed to make everyday life easier and more convenient.,36311.0,1535.76,4.23,24,63.99,26,December,4,599,82.15,7999,No,4,1383,3197,313,411,5066.0,1206,1206,2.0,1,21,155.18,450.71,0.486,Failed,0,Synthetic - created for EcoSip project practice
CAMP1277,Synthetic Campaign 277,Design,Product Design,USA,Innovative sustainable product designed to make everyday life easier and more convenient.,8737.0,1916.31,21.93,33,58.07,21,May,3,599,92.42,7999,Yes,6,1626,4758,314,806,1006.0,1698,1698,1.96,15,39,329.6,518.56,0.399,Successful,1,Synthetic - created for EcoSip project practice
CAMP1278,Synthetic Campaign 278,Fashion,Footwear,Canada,Innovative sustainable product designed to make everyday life easier and more convenient.,46205.0,7357.14,15.92,126,58.39,28,November,3,599,97.61,9999,Yes,9,438,4455,779,1101,8709.0,2847,2847,4.41,12,221,853.2,2819.36,0.577,Successful,1,Synthetic - created for EcoSip project practice
CAMP1279,Synthetic Campaign 279,Technology,Wearables,France,Innovative sustainable product designed to make everyday life easier and more convenient.,99560.0,538.2,0.54,10,53.82,29,May,6,299,88.02,9999,Yes,7,1729,2167,267,919,9276.0,576,576,1.74,10,44,55.47,251.81,0.35,Successful,1,Synthetic - created for EcoSip project practice
CAMP1280,Synthetic Campaign 280,Technology,Wearables,France,Innovative sustainable product designed to make everyday life easier and more convenient.,6499.0,9756.11,150.12,151,64.61,50,June,4,499,105.93,14999,Yes,4,1687,9694,2089,404,987.0,7683,7683,1.97,8,899,816.9,4032.1,0.227,Failed,0,Synthetic - created for EcoSip project practice
CAMP1281,Synthetic Campaign 281,Education,Learning,USA,Innovative sustainable product designed to make everyday life easier and more convenient.,7087.0,3716.49,52.44,67,55.47,28,September,3,599,95.52,9999,Yes,12,1166,9580,359,79,412.0,10869,10869,0.61,1,556,187.12,1211.01,0.527,Successful,1,Synthetic - created for EcoSip project practice
CAMP1282,Synthetic Campaign 282,Design,Product Design,USA,Innovative sustainable product designed to make everyday life easier and more convenient.,73182.0,7862.22,10.74,186,42.27,55,May,3,499,48.99,7999,Yes,2,1025,9052,14942,317,14152.0,11330,11330,1.64,6,194,561.58,2454.69,0.155,Successful,1,Synthetic - created for EcoSip project practice
CAMP1283,Synthetic Campaign 283,Sustainability,Clean Tech,France,Innovative sustainable product designed to make everyday life easier and more convenient.,14724.0,4594.59,31.2,117,39.27,50,February,3,599,62.36,4999,Yes,17,441,23252,573,758,2902.0,23377,23377,0.5,12,1616,241.97,2078.13,0.189,Successful,1,Synthetic - created for EcoSip project practice
CAMP1284,Synthetic Campaign 284,Design,Product Design,UK,Innovative sustainable product designed to make everyday life easier and more convenient.,78601.0,40003.8,50.89,915,43.72,56,November,5,499,77.74,7999,Yes,2,444,21302,967,168,12644.0,27876,27876,3.28,14,2236,2309.74,14138.63,0.662,Successful,1,Synthetic - created for EcoSip project practice
CAMP1285,Synthetic Campaign 285,Gaming,Video Games,India,Innovative sustainable product designed to make everyday life easier and more convenient.,11310.0,8982.82,79.42,154,58.33,19,June,5,299,87.59,14999,No,7,180,3437,246,940,1355.0,2606,2606,5.91,7,66,564.95,2955.27,0.634,Successful,1,Synthetic - created for EcoSip project practice
CAMP1286,Synthetic Campaign 286,Social Impact,Social Enterprise,France,Innovative sustainable product designed to make everyday life easier and more convenient.,82944.0,11029.2,13.3,202,54.6,60,December,4,499,68.37,14999,Yes,16,1215,7261,4957,1240,6884.0,9519,9519,2.13,13,674,907.53,4244.6,0.178,Successful,1,Synthetic - created for EcoSip project practice
CAMP1287,Synthetic Campaign 287,Consumer Products,Home Products,France,A practical product concept designed for everyday users.,20665.0,756.99,3.66,13,58.23,43,May,5,599,104.76,7999,No,4,864,2680,2757,568,3552.0,2367,2367,0.55,12,75,31.45,190.12,0.053,Failed,0,Synthetic - created for EcoSip project practice
CAMP1288,Synthetic Campaign 288,Food,Beverages,India,Innovative sustainable product designed to make everyday life easier and more convenient.,23606.0,6063.47,25.69,97,62.51,60,December,4,599,76.4,4999,No,3,466,5118,1211,23,3788.0,2706,2706,3.59,0,279,1049.1,1207.36,0.59,Failed,0,Synthetic - created for EcoSip project practice
CAMP1289,Synthetic Campaign 289,Design,Graphic Design,Australia,Innovative sustainable product designed to make everyday life easier and more convenient.,93068.0,2963.35,3.18,65,45.59,31,August,6,499,60.86,4999,Yes,13,370,2745,234,139,7752.0,3926,3926,1.65,9,400,169.9,1293.6,0.404,Successful,1,Synthetic - created for EcoSip project practice
CAMP1290,Synthetic Campaign 290,Design,Graphic Design,France,Innovative sustainable product designed to make everyday life easier and more convenient.,12311.0,47958.54,389.56,623,76.98,58,October,6,499,93.95,4999,Yes,3,254,25267,1111,3297,1449.0,15001,15001,4.15,9,859,4490.88,17369.55,0.268,Successful,1,Synthetic - created for EcoSip project practice
CAMP1291,Synthetic Campaign 291,Fashion,Apparel,Germany,A practical product concept designed for everyday users.,6701.0,2294.1,34.24,45,50.98,42,October,3,599,72.65,9999,No,16,1207,7193,293,289,800.0,2034,2034,2.19,8,237,374.25,526.41,0.09,Successful,1,Synthetic - created for EcoSip project practice
CAMP1292,Synthetic Campaign 292,Education,Learning,France,Innovative sustainable product designed to make everyday life easier and more convenient.,11239.0,1891.5,16.83,39,48.5,18,March,4,599,67.57,9999,Yes,9,1280,4021,3885,69,1955.0,2225,2225,1.77,12,262,103.88,509.6,0.273,Successful,1,Synthetic - created for EcoSip project practice
CAMP1293,Synthetic Campaign 293,Social Impact,Social Enterprise,India,Innovative sustainable product designed to make everyday life easier and more convenient.,28943.0,17116.0,59.14,275,62.24,33,October,6,499,89.87,9999,Yes,15,1192,16495,2021,1720,4416.0,11684,11684,2.36,14,283,1843.47,8163.99,0.174,Failed,0,Synthetic - created for EcoSip project practice
CAMP1294,Synthetic Campaign 294,Education,Books,Singapore,A practical product concept designed for everyday users.,3478.0,384.3,11.05,14,27.45,21,December,5,299,48.03,4999,Yes,5,332,571,990,507,509.0,394,394,3.45,8,20,60.82,142.32,-0.006,Successful,1,Synthetic - created for EcoSip project practice
CAMP1295,Synthetic Campaign 295,Design,Product Design,France,Innovative sustainable product designed to make everyday life easier and more convenient.,35153.0,603.96,1.72,14,43.14,58,August,6,599,61.9,7999,Yes,4,218,667,79,1510,5184.0,604,604,2.29,5,46,71.25,223.97,0.216,Successful,1,Synthetic - created for EcoSip project practice
CAMP1296,Synthetic Campaign 296,Design,Industrial Design,USA,Innovative sustainable product designed to make everyday life easier and more convenient.,10223.0,20358.24,199.14,292,69.72,29,December,4,599,101.81,4999,Yes,17,325,11081,337,660,926.0,15003,15003,1.95,15,290,1413.84,4105.22,0.254,Successful,1,Synthetic - created for EcoSip project practice
CAMP1297,Synthetic Campaign 297,Fashion,Accessories,Canada,A practical product concept designed for everyday users.,60074.0,2199.44,3.66,76,28.94,25,November,3,299,49.8,7999,No,14,1390,5312,1790,791,6353.0,3269,3269,2.31,15,170,314.46,1035.27,0.075,Successful,1,Synthetic - created for EcoSip project practice
CAMP1298,Synthetic Campaign 298,Gaming,Mobile Games,France,Innovative sustainable product designed to make everyday life easier and more convenient.,1457.0,4233.84,290.59,59,71.76,40,August,6,299,120.01,9999,Yes,16,1370,6423,3027,719,300.0,5787,5787,1.02,10,224,573.21,1896.06,0.433,Failed,0,Synthetic - created for EcoSip project practice
CAMP1299,Synthetic Campaign 299,Education,Books,USA,Innovative sustainable product designed to make everyday life easier and more convenient.,7881.0,2097.09,26.61,27,77.67,34,June,6,299,98.47,7999,No,7,636,1327,2729,1004,1324.0,896,896,3.03,10,103,190.22,722.1,0.541,Successful,1,Synthetic - created for EcoSip project practice
CAMP1300,Synthetic Campaign 300,Technology,Wearables,Germany,Innovative sustainable product designed to make everyday life easier and more convenient.,3064.0,1533.26,50.04,31,49.46,19,November,5,499,54.85,9999,Yes,8,241,4885,183,4876,352.0,6239,6239,0.5,1,345,71.27,418.3,0.452,Successful,1,Synthetic - created for EcoSip project practice
CAMP1301,Synthetic Campaign 301,Gaming,Mobile Games,Canada,A practical product concept designed for everyday users.,7560.0,19951.68,263.91,336,59.38,52,March,4,299,91.48,7999,Yes,11,677,37075,1217,1320,875.0,16573,16573,2.03,6,1556,820.04,7769.51,0.103,Successful,1,Synthetic - created for EcoSip project practice
CAMP1302,Synthetic Campaign 302,Fashion,Apparel,UK,Innovative sustainable product designed to make everyday life easier and more convenient.,23346.0,10696.71,45.82,149,71.79,53,July,3,599,121.43,9999,Yes,9,1486,11400,2485,103,2027.0,4325,4325,3.44,3,227,1663.93,4599.72,0.392,Failed,0,Synthetic - created for EcoSip project practice
CAMP1303,Synthetic Campaign 303,Technology,Smart Devices,India,Innovative sustainable product designed to make everyday life easier and more convenient.,14912.0,7248.0,48.61,151,48.0,49,October,5,599,71.38,7999,Yes,5,386,5925,171,782,1214.0,5207,5207,2.91,8,128,616.21,3013.98,0.202,Successful,1,Synthetic - created for EcoSip project practice
CAMP1304,Synthetic Campaign 304,Social Impact,Social Enterprise,Singapore,A challenging product concept with limitations that may reduce convenience for some users.,13795.0,7822.3,56.7,115,68.02,43,December,5,299,84.88,7999,Yes,8,1463,3223,893,1566,1906.0,3513,3513,3.27,13,369,463.77,3700.84,-0.166,Successful,1,Synthetic - created for EcoSip project practice
CAMP1305,Synthetic Campaign 305,Design,Product Design,Singapore,Innovative sustainable product designed to make everyday life easier and more convenient.,15229.0,4672.72,30.68,104,44.93,33,April,5,599,72.74,4999,Yes,11,914,3370,1184,1665,1293.0,4194,4194,2.49,3,42,526.14,1733.84,0.368,Successful,1,Synthetic - created for EcoSip project practice
CAMP1306,Synthetic Campaign 306,Consumer Products,Lifestyle,Australia,Innovative sustainable product designed to make everyday life easier and more convenient.,22285.0,1100.32,4.94,23,47.84,39,February,3,299,75.05,9999,Yes,2,383,595,666,326,1329.0,587,587,3.94,15,9,185.86,304.09,0.221,Successful,1,Synthetic - created for EcoSip project practice
CAMP1307,Synthetic Campaign 307,Education,Learning,USA,Innovative sustainable product designed to make everyday life easier and more convenient.,6243.0,12429.89,199.1,289,43.01,38,May,5,599,64.32,14999,Yes,7,1690,6469,141,1603,1031.0,7875,7875,3.67,2,394,511.95,4094.14,0.906,Successful,1,Synthetic - created for EcoSip project practice
CAMP1308,Synthetic Campaign 308,Design,Industrial Design,Singapore,Innovative sustainable product designed to make everyday life easier and more convenient.,37810.0,16057.38,42.47,267,60.14,22,November,5,499,102.5,9999,Yes,6,1005,11646,650,1264,4026.0,8628,8628,3.09,1,738,768.51,6822.7,0.588,Successful,1,Synthetic - created for EcoSip project practice
CAMP1309,Synthetic Campaign 309,Education,Learning,Singapore,Innovative sustainable product designed to make everyday life easier and more convenient.,36096.0,796.07,2.21,11,72.37,18,July,6,299,119.34,9999,Yes,3,1258,1034,649,6549,3864.0,301,301,3.74,15,14,78.32,206.66,0.379,Successful,1,Synthetic - created for EcoSip project practice
CAMP1310,Synthetic Campaign 310,Technology,Software,India,Innovative sustainable product designed to make everyday life easier and more convenient.,26968.0,1828.4,6.78,35,52.24,26,January,5,499,81.89,14999,Yes,3,309,2581,776,236,3093.0,1020,1020,3.43,1,18,246.17,456.04,0.25,Successful,1,Synthetic - created for EcoSip project practice
CAMP1311,Synthetic Campaign 311,Food,Beverages,Germany,Innovative sustainable product designed to make everyday life easier and more convenient.,32289.0,323.37,1.0,9,35.93,35,February,5,599,56.24,4999,Yes,9,763,1571,512,301,5562.0,469,469,2.0,11,21,34.49,128.52,0.226,Failed,0,Synthetic - created for EcoSip project practice
CAMP1312,Synthetic Campaign 312,Sustainability,Eco Products,India,A practical product concept designed for everyday users.,24572.0,465.12,1.89,12,38.76,22,May,4,599,60.6,14999,Yes,3,1193,1904,578,368,2411.0,1259,1259,0.92,12,47,77.05,145.74,-0.101,Successful,1,Synthetic - created for EcoSip project practice
CAMP1313,Synthetic Campaign 313,Consumer Products,Personal Products,USA,A challenging product concept with limitations that may reduce convenience for some users.,152505.0,8467.88,5.55,139,60.92,19,May,5,299,89.41,4999,Yes,7,1214,5275,865,306,24966.0,4586,4586,3.04,5,49,390.98,3598.6,-0.307,Successful,1,Synthetic - created for EcoSip project practice
CAMP1314,Synthetic Campaign 314,Education,Learning,UK,A practical product concept designed for everyday users.,16427.0,1157.24,7.04,14,82.66,54,February,5,599,117.77,9999,Yes,10,253,622,1401,205,3136.0,433,433,3.18,1,30,101.4,258.19,-0.064,Successful,1,Synthetic - created for EcoSip project practice
CAMP1315,Synthetic Campaign 315,Education,Books,UK,Innovative sustainable product designed to make everyday life easier and more convenient.,13039.0,20465.76,156.96,336,60.91,32,June,6,299,97.26,14999,Yes,15,1147,9242,664,32,1945.0,8787,8787,3.82,4,201,1825.31,5744.92,0.167,Successful,1,Synthetic - created for EcoSip project practice
CAMP1316,Synthetic Campaign 316,Food,Food Products,Singapore,A challenging product concept with limitations that may reduce convenience for some users.,8159.0,6248.4,76.58,127,49.2,41,June,6,499,75.15,14999,Yes,3,1708,10626,597,324,936.0,9040,9040,1.41,1,376,547.47,1627.27,-0.41,Successful,1,Synthetic - created for EcoSip project practice
CAMP1317,Synthetic Campaign 317,Sustainability,Clean Tech,USA,A practical product concept designed for everyday users.,6089.0,4122.38,67.7,62,66.49,39,March,3,299,95.94,7999,Yes,8,1447,3890,987,723,987.0,4269,4269,1.46,10,344,446.35,1605.09,0.028,Successful,1,Synthetic - created for EcoSip project practice
CAMP1318,Synthetic Campaign 318,Sustainability,Clean Tech,India,A practical product concept designed for everyday users.,4873.0,719.74,14.77,14,51.41,48,March,6,599,61.11,14999,Yes,3,492,418,132,305,578.0,453,453,3.08,14,41,108.45,293.51,0.111,Failed,0,Synthetic - created for EcoSip project practice
CAMP1319,Synthetic Campaign 319,Social Impact,Community,Canada,A practical product concept designed for everyday users.,7079.0,1479.9,20.91,30,49.33,49,August,6,599,78.5,9999,Yes,8,1655,1846,1450,3463,794.0,1195,1195,2.51,15,47,125.06,468.83,0.12,Successful,1,Synthetic - created for EcoSip project practice
CAMP1320,Synthetic Campaign 320,Sustainability,Eco Products,USA,A practical product concept designed for everyday users.,16713.0,2396.58,14.34,59,40.62,28,December,5,499,63.05,4999,No,9,1276,17156,899,507,2153.0,11714,11714,0.5,12,541,345.65,775.08,-0.005,Successful,1,Synthetic - created for EcoSip project practice
CAMP1321,Synthetic Campaign 321,Education,EdTech,Singapore,A practical product concept designed for everyday users.,25569.0,685.17,2.68,9,76.13,54,December,5,599,101.98,4999,No,14,243,311,936,1818,2497.0,305,305,3.02,12,11,41.46,150.47,0.084,Successful,1,Synthetic - created for EcoSip project practice
CAMP1322,Synthetic Campaign 322,Technology,Wearables,USA,Innovative sustainable product designed to make everyday life easier and more convenient.,18993.0,360.0,1.9,18,20.0,32,July,5,599,26.99,14999,Yes,9,361,3532,2352,649,1247.0,3516,3516,0.5,14,405,42.66,140.6,0.663,Failed,0,Synthetic - created for EcoSip project practice
CAMP1323,Synthetic Campaign 323,Food,Food Products,France,Innovative sustainable product designed to make everyday life easier and more convenient.,8057.0,937.58,11.64,14,66.97,53,January,4,299,85.23,14999,Yes,16,1670,1536,128,1143,904.0,988,988,1.42,12,31,86.74,447.88,0.365,Successful,1,Synthetic - created for EcoSip project practice
CAMP1324,Synthetic Campaign 324,Social Impact,Community,France,A practical product concept designed for everyday users.,46320.0,14844.36,32.05,309,48.04,33,November,4,299,85.19,14999,Yes,4,495,11179,125,661,3177.0,7411,7411,4.16,10,223,1714.37,6136.31,0.023,Failed,0,Synthetic - created for EcoSip project practice
CAMP1325,Synthetic Campaign 325,Social Impact,Social Enterprise,France,Innovative sustainable product designed to make everyday life easier and more convenient.,39125.0,6593.4,16.85,135,48.84,20,December,6,299,83.13,7999,No,2,309,2545,1183,1965,4365.0,2844,2844,4.76,15,168,363.2,1628.13,0.161,Successful,1,Synthetic - created for EcoSip project practice
CAMP1326,Synthetic Campaign 326,Education,Books,UK,Innovative sustainable product designed to make everyday life easier and more convenient.,15222.0,6912.68,45.41,86,80.38,49,April,6,499,119.99,7999,Yes,2,894,7489,894,529,2033.0,7933,7933,1.08,5,245,1199.24,2536.52,0.172,Successful,1,Synthetic - created for EcoSip project practice
CAMP1327,Synthetic Campaign 327,Education,EdTech,Singapore,A practical product concept designed for everyday users.,9069.0,3498.91,38.58,79,44.29,16,May,3,499,61.17,14999,Yes,7,1017,8801,1067,821,1720.0,3686,3686,2.15,6,100,583.86,939.41,-0.035,Successful,1,Synthetic - created for EcoSip project practice
CAMP1328,Synthetic Campaign 328,Technology,Software,India,A practical product concept designed for everyday users.,32016.0,29209.6,91.23,652,44.8,50,January,6,299,72.39,4999,Yes,5,1095,31364,567,721,1775.0,25132,25132,2.6,14,516,4547.8,5522.16,-0.035,Successful,1,Synthetic - created for EcoSip project practice
CAMP1329,Synthetic Campaign 329,Consumer Products,Home Products,Australia,Innovative sustainable product designed to make everyday life easier and more convenient.,21928.0,13843.44,63.13,261,53.04,16,October,4,499,77.94,14999,Yes,3,1237,4082,1749,375,3141.0,5576,5576,4.67,4,448,2284.02,3238.63,0.463,Successful,1,Synthetic - created for EcoSip project practice
CAMP1330,Synthetic Campaign 330,Design,Graphic Design,Germany,A practical product concept designed for everyday users.,3935.0,2570.82,65.33,42,61.21,24,October,3,299,109.14,9999,Yes,5,1798,7283,2287,750,467.0,2151,2151,1.96,4,166,155.63,541.87,0.062,Successful,1,Synthetic - created for EcoSip project practice
CAMP1331,Synthetic Campaign 331,Design,Graphic Design,Canada,A practical product concept designed for everyday users.,16760.0,1451.1,8.66,30,48.37,42,January,6,599,55.07,9999,Yes,17,1402,1132,1460,4670,889.0,1493,1493,2.04,2,122,160.38,346.49,-0.127,Failed,0,Synthetic - created for EcoSip project practice
CAMP1332,Synthetic Campaign 332,Gaming,Tabletop,Canada,Innovative sustainable product designed to make everyday life easier and more convenient.,23701.0,10295.92,43.44,328,31.39,58,September,3,599,35.28,7999,Yes,14,192,16442,693,382,2072.0,7464,7464,4.39,4,710,870.08,4310.71,0.168,Successful,1,Synthetic - created for EcoSip project practice
CAMP1333,Synthetic Campaign 333,Education,EdTech,Canada,Innovative sustainable product designed to make everyday life easier and more convenient.,6998.0,1806.43,25.81,43,42.01,33,May,3,599,62.93,14999,Yes,2,296,2337,109,761,474.0,2066,2066,2.09,9,95,296.68,483.85,0.213,Failed,0,Synthetic - created for EcoSip project practice
CAMP1334,Synthetic Campaign 334,Fashion,Footwear,India,A challenging product concept with limitations that may reduce convenience for some users.,21971.0,5714.94,26.01,77,74.22,20,July,4,299,92.2,9999,No,16,150,2854,1942,1759,1813.0,2227,2227,3.44,14,247,380.17,2326.62,-0.372,Successful,1,Synthetic - created for EcoSip project practice
CAMP1335,Synthetic Campaign 335,Design,Industrial Design,India,Innovative sustainable product designed to make everyday life easier and more convenient.,3907.0,561.2,14.36,10,56.12,25,March,4,599,85.47,4999,No,5,802,4890,3054,1564,356.0,1284,1284,0.8,2,116,39.73,260.77,0.169,Successful,1,Synthetic - created for EcoSip project practice
CAMP1336,Synthetic Campaign 336,Fashion,Apparel,UK,Innovative sustainable product designed to make everyday life easier and more convenient.,73213.0,2100.18,2.87,34,61.77,56,October,3,499,101.73,9999,Yes,8,728,1048,1715,506,8068.0,1461,1461,2.34,10,144,285.92,739.86,0.423,Successful,1,Synthetic - created for EcoSip project practice
CAMP1337,Synthetic Campaign 337,Social Impact,Environment,UK,Innovative sustainable product designed to make everyday life easier and more convenient.,66734.0,1379.16,2.07,27,51.08,48,May,3,599,61.13,14999,Yes,7,1690,6285,373,46,8632.0,5145,5145,0.52,12,459,72.33,449.09,0.306,Successful,1,Synthetic - created for EcoSip project practice
CAMP1338,Synthetic Campaign 338,Education,Books,Singapore,Innovative sustainable product designed to make everyday life easier and more convenient.,13808.0,11006.84,79.71,244,45.11,19,November,4,599,63.53,4999,Yes,8,754,13156,1765,838,692.0,18982,18982,1.29,14,938,1568.82,4458.19,0.804,Failed,0,Synthetic - created for EcoSip project practice
CAMP1339,Synthetic Campaign 339,Consumer Products,Home Products,India,Innovative sustainable product designed to make everyday life easier and more convenient.,26364.0,11543.04,43.78,144,80.16,32,February,3,499,126.82,9999,No,14,200,6702,2128,54,1958.0,4078,4078,3.53,12,168,895.02,2413.96,0.53,Failed,0,Synthetic - created for EcoSip project practice
CAMP1340,Synthetic Campaign 340,Social Impact,Environment,France,Innovative sustainable product designed to make everyday life easier and more convenient.,1433.0,1774.12,123.8,34,52.18,27,August,3,299,87.86,4999,Yes,13,1608,1021,4278,2174,300.0,1361,1361,2.52,2,77,235.13,547.25,0.586,Failed,0,Synthetic - created for EcoSip project practice
CAMP1341,Synthetic Campaign 341,Food,Beverages,Canada,Innovative sustainable product designed to make everyday life easier and more convenient.,5345.0,6478.9,121.21,134,48.35,23,April,6,599,69.98,9999,Yes,11,579,4418,375,592,708.0,6198,6198,2.16,7,128,1051.04,2135.75,0.964,Failed,0,Synthetic - created for EcoSip project practice
CAMP1342,Synthetic Campaign 342,Education,EdTech,Canada,Innovative sustainable product designed to make everyday life easier and more convenient.,13222.0,11787.6,89.15,165,71.44,53,December,5,499,88.89,14999,No,12,1655,10501,718,1359,1314.0,9934,9934,1.66,15,592,1477.52,5060.6,0.392,Successful,1,Synthetic - created for EcoSip project practice
CAMP1343,Synthetic Campaign 343,Food,Food Products,Canada,Innovative sustainable product designed to make everyday life easier and more convenient.,5839.0,397.44,6.81,9,44.16,43,July,3,599,66.68,7999,Yes,13,1427,764,1900,203,772.0,385,385,2.27,14,6,27.73,168.62,0.226,Successful,1,Synthetic - created for EcoSip project practice
CAMP1344,Synthetic Campaign 344,Design,Product Design,India,Innovative sustainable product designed to make everyday life easier and more convenient.,38110.0,2488.32,6.53,54,46.08,23,September,3,599,65.35,4999,Yes,4,1602,1707,953,106,3174.0,1889,1889,2.88,9,20,116.66,1081.12,0.453,Successful,1,Synthetic - created for EcoSip project practice
CAMP1345,Synthetic Campaign 345,Social Impact,Social Enterprise,France,A practical product concept designed for everyday users.,146574.0,23107.85,15.77,419,55.15,44,February,6,299,90.47,4999,Yes,8,1502,12013,294,649,7861.0,11247,11247,3.72,15,1265,1068.64,8997.32,0.023,Successful,1,Synthetic - created for EcoSip project practice
CAMP1346,Synthetic Campaign 346,Education,Books,India,Innovative sustainable product designed to make everyday life easier and more convenient.,5233.0,2585.0,49.4,47,55.0,34,September,4,599,81.89,9999,Yes,3,386,6550,1362,483,1001.0,9371,9371,0.5,10,804,135.54,876.75,0.21,Failed,0,Synthetic - created for EcoSip project practice
CAMP1347,Synthetic Campaign 347,Social Impact,Environment,Canada,A practical product concept designed for everyday users.,7471.0,5476.77,73.31,93,58.89,17,February,3,299,76.3,14999,Yes,13,1183,7549,1605,306,495.0,6032,6032,1.54,1,433,663.64,2346.05,-0.001,Successful,1,Synthetic - created for EcoSip project practice
CAMP1348,Synthetic Campaign 348,Social Impact,Social Enterprise,Singapore,Innovative sustainable product designed to make everyday life easier and more convenient.,23048.0,44399.32,192.64,514,86.38,35,May,5,299,140.63,7999,Yes,9,829,32102,983,544,1591.0,18800,18800,2.73,14,893,3940.46,19623.82,0.291,Successful,1,Synthetic - created for EcoSip project practice
CAMP1349,Synthetic Campaign 349,Consumer Products,Lifestyle,India,A practical product concept designed for everyday users.,97714.0,5103.4,5.22,85,60.04,23,March,6,299,87.8,14999,No,12,1187,7988,1121,7959,7034.0,3378,3378,2.52,2,246,377.83,1654.24,-0.003,Successful,1,Synthetic - created for EcoSip project practice
CAMP1350,Synthetic Campaign 350,Consumer Products,Personal Products,Australia,A practical product concept designed for everyday users.,4987.0,6600.0,132.34,330,20.0,26,January,4,599,24.49,7999,Yes,11,1380,9654,695,1152,983.0,10844,10844,3.04,6,1172,466.64,3139.61,-0.012,Successful,1,Synthetic - created for EcoSip project practice
CAMP1351,Synthetic Campaign 351,Design,Industrial Design,USA,Innovative sustainable product designed to make everyday life easier and more convenient.,23380.0,191049.1,817.15,3190,59.89,55,August,5,299,89.48,4999,No,6,976,75202,3947,1428,3335.0,110369,110369,2.89,3,9024,33013.55,84528.8,0.296,Successful,1,Synthetic - created for EcoSip project practice
CAMP1352,Synthetic Campaign 352,Technology,Software,India,A practical product concept designed for everyday users.,121843.0,1389.25,1.14,25,55.57,47,March,4,599,98.02,9999,No,4,665,4038,366,1163,17246.0,1153,1153,2.19,11,88,78.68,462.82,0.141,Successful,1,Synthetic - created for EcoSip project practice
CAMP1353,Synthetic Campaign 353,Education,EdTech,India,A challenging product concept with limitations that may reduce convenience for some users.,3177.0,2838.15,89.33,51,55.65,21,July,3,299,88.7,14999,Yes,17,1661,2251,500,2195,629.0,2646,2646,1.94,0,160,234.64,569.86,-0.36,Successful,1,Synthetic - created for EcoSip project practice
CAMP1354,Synthetic Campaign 354,Gaming,Mobile Games,Singapore,A challenging product concept with limitations that may reduce convenience for some users.,4689.0,14202.98,302.9,242,58.69,54,October,6,499,76.83,7999,No,6,1244,7669,910,413,300.0,10803,10803,2.24,10,519,1505.61,3513.07,-0.228,Successful,1,Synthetic - created for EcoSip project practice
CAMP1355,Synthetic Campaign 355,Social Impact,Social Enterprise,UK,A practical product concept designed for everyday users.,11537.0,5675.28,49.19,104,54.57,41,March,6,299,87.18,14999,Yes,3,1611,7756,2168,64,2263.0,2664,2664,3.9,13,231,227.37,2343.43,-0.141,Successful,1,Synthetic - created for EcoSip project practice
CAMP1356,Synthetic Campaign 356,Social Impact,Community,UK,A practical product concept designed for everyday users.,10420.0,1029.99,9.88,19,54.21,55,September,6,499,70.36,9999,Yes,6,541,2953,201,414,840.0,1145,1145,1.65,12,135,174.0,219.74,-0.067,Successful,1,Synthetic - created for EcoSip project practice
CAMP1357,Synthetic Campaign 357,Consumer Products,Personal Products,Singapore,Innovative sustainable product designed to make everyday life easier and more convenient.,42250.0,3145.8,7.45,49,64.2,49,April,3,499,95.01,7999,Yes,16,1533,1781,243,1126,6061.0,1986,1986,2.48,4,113,169.48,1009.61,0.296,Successful,1,Synthetic - created for EcoSip project practice
CAMP1358,Synthetic Campaign 358,Social Impact,Social Enterprise,India,Innovative sustainable product designed to make everyday life easier and more convenient.,23199.0,68617.68,295.78,1464,46.87,30,April,5,599,68.83,9999,Yes,6,683,50364,117,190,2622.0,53384,53384,2.74,14,2837,9300.84,24802.25,0.241,Successful,1,Synthetic - created for EcoSip project practice
CAMP1359,Synthetic Campaign 359,Technology,Software,USA,Innovative sustainable product designed to make everyday life easier and more convenient.,2792.0,4200.34,150.44,103,40.78,39,July,5,599,51.92,7999,No,17,909,6933,930,419,300.0,2330,2330,4.41,5,133,537.82,1862.87,0.478,Successful,1,Synthetic - created for EcoSip project practice
CAMP1360,Synthetic Campaign 360,Sustainability,Clean Tech,USA,Innovative sustainable product designed to make everyday life easier and more convenient.,30925.0,6724.12,21.74,67,100.36,39,August,3,599,134.84,4999,Yes,9,1569,2404,294,250,5866.0,3108,3108,2.17,10,177,1030.6,2919.17,0.391,Successful,1,Synthetic - created for EcoSip project practice
CAMP1361,Synthetic Campaign 361,Fashion,Footwear,Australia,Innovative sustainable product designed to make everyday life easier and more convenient.,9815.0,18633.46,189.85,421,44.26,48,August,6,499,77.88,14999,Yes,15,735,12495,613,2245,710.0,11299,11299,3.73,8,1344,2444.6,7626.37,0.48,Successful,1,Synthetic - created for EcoSip project practice
CAMP1362,Synthetic Campaign 362,Social Impact,Environment,India,Innovative sustainable product designed to make everyday life easier and more convenient.,68617.0,14125.0,20.59,250,56.5,26,March,3,299,72.06,7999,Yes,12,563,4483,1744,1058,13693.0,6204,6204,4.04,1,544,2086.46,4270.1,0.35,Successful,1,Synthetic - created for EcoSip project practice
CAMP1363,Synthetic Campaign 363,Education,EdTech,UK,Innovative sustainable product designed to make everyday life easier and more convenient.,9313.0,4201.53,45.11,129,32.57,30,July,4,299,54.09,9999,Yes,2,1660,3883,474,959,995.0,5232,5232,2.47,0,259,415.85,935.57,0.239,Successful,1,Synthetic - created for EcoSip project practice
CAMP1364,Synthetic Campaign 364,Social Impact,Community,Canada,Innovative sustainable product designed to make everyday life easier and more convenient.,9225.0,14471.25,156.87,255,56.75,26,April,6,599,88.94,9999,Yes,10,1741,8773,1134,931,1359.0,11103,11103,2.3,2,565,1568.95,5512.02,0.488,Successful,1,Synthetic - created for EcoSip project practice
CAMP1365,Synthetic Campaign 365,Consumer Products,Home Products,Germany,Innovative sustainable product designed to make everyday life easier and more convenient.,31771.0,1066.0,3.36,26,41.0,28,April,5,499,60.39,4999,Yes,8,663,1374,667,482,6201.0,1230,1230,2.14,14,71,147.36,249.86,0.437,Successful,1,Synthetic - created for EcoSip project practice
CAMP1366,Synthetic Campaign 366,Design,Graphic Design,Singapore,Innovative sustainable product designed to make everyday life easier and more convenient.,40103.0,4352.4,10.85,90,48.36,22,December,5,599,57.85,9999,No,5,655,7114,1763,609,2352.0,4017,4017,2.24,15,56,520.46,1516.35,0.285,Successful,1,Synthetic - created for EcoSip project practice
CAMP1367,Synthetic Campaign 367,Design,Graphic Design,Australia,Innovative sustainable product designed to make everyday life easier and more convenient.,28814.0,74991.48,260.26,1061,70.68,16,February,4,499,87.87,7999,Yes,10,525,33865,1447,153,5429.0,29885,29885,3.55,6,2034,8370.2,35561.22,0.536,Successful,1,Synthetic - created for EcoSip project practice
CAMP1368,Synthetic Campaign 368,Education,Books,Australia,A challenging product concept with limitations that may reduce convenience for some users.,3066.0,5214.72,170.08,84,62.08,58,May,6,499,76.07,9999,No,3,188,7969,451,56,414.0,2996,2996,2.79,15,297,358.66,1799.56,-0.477,Successful,1,Synthetic - created for EcoSip project practice
CAMP1369,Synthetic Campaign 369,Technology,Software,Canada,A practical product concept designed for everyday users.,31668.0,6607.12,20.86,104,63.53,18,June,3,599,95.98,7999,Yes,13,1062,3432,760,581,4929.0,3684,3684,2.82,0,305,503.03,2468.86,0.099,Successful,1,Synthetic - created for EcoSip project practice
CAMP1370,Synthetic Campaign 370,Sustainability,Eco Products,UK,A practical product concept designed for everyday users.,6076.0,426.45,7.02,15,28.43,55,March,5,599,50.64,14999,Yes,15,570,3011,2556,691,440.0,1257,1257,1.2,15,40,38.46,163.45,0.094,Successful,1,Synthetic - created for EcoSip project practice
CAMP1371,Synthetic Campaign 371,Gaming,Video Games,USA,Innovative sustainable product designed to make everyday life easier and more convenient.,23044.0,3467.1,15.05,42,82.55,15,October,3,299,141.5,4999,Yes,3,1550,3317,1334,1676,2996.0,2949,2949,1.41,3,266,143.19,1487.79,0.503,Successful,1,Synthetic - created for EcoSip project practice
CAMP1372,Synthetic Campaign 372,Food,Beverages,France,Innovative sustainable product designed to make everyday life easier and more convenient.,4037.0,2338.56,57.93,63,37.12,50,June,3,499,41.49,4999,Yes,9,432,3879,223,2407,610.0,1233,1233,5.15,0,110,230.19,726.11,0.62,Successful,1,Synthetic - created for EcoSip project practice
CAMP1373,Synthetic Campaign 373,Gaming,Mobile Games,USA,A challenging product concept with limitations that may reduce convenience for some users.,28761.0,3974.43,13.82,51,77.93,30,September,5,299,100.66,7999,No,12,1198,3427,1734,2403,3406.0,2140,2140,2.37,12,83,160.52,1308.59,-0.226,Successful,1,Synthetic - created for EcoSip project practice
CAMP1374,Synthetic Campaign 374,Gaming,Video Games,France,Innovative sustainable product designed to make everyday life easier and more convenient.,7717.0,7594.56,98.41,108,70.32,38,May,4,599,85.09,4999,Yes,2,986,12500,304,184,565.0,6751,6751,1.59,6,530,904.53,1767.95,0.575,Successful,1,Synthetic - created for EcoSip project practice
CAMP1375,Synthetic Campaign 375,Fashion,Footwear,UK,A practical product concept designed for everyday users.,4681.0,2482.74,53.04,39,63.66,27,November,3,299,113.5,4999,Yes,8,1159,884,3696,352,405.0,906,906,4.26,4,70,344.02,904.72,-0.148,Successful,1,Synthetic - created for EcoSip project practice
CAMP1376,Synthetic Campaign 376,Technology,Software,Germany,A practical product concept designed for everyday users.,38087.0,17799.96,46.74,422,42.18,37,September,6,599,53.35,9999,No,6,335,11839,2506,808,6786.0,14603,14603,2.89,12,1495,2112.87,4783.34,-0.14,Successful,1,Synthetic - created for EcoSip project practice
CAMP1377,Synthetic Campaign 377,Sustainability,Recycling,Singapore,A practical product concept designed for everyday users.,23199.0,2118.99,9.13,37,57.27,35,April,4,599,71.07,14999,Yes,2,919,3420,1203,6289,1280.0,1100,1100,3.32,5,27,290.5,704.11,0.114,Successful,1,Synthetic - created for EcoSip project practice
CAMP1378,Synthetic Campaign 378,Sustainability,Recycling,Germany,A practical product concept designed for everyday users.,9447.0,11074.14,117.22,231,47.94,39,December,6,299,73.57,9999,Yes,14,1182,7289,1053,2197,1477.0,9569,9569,2.41,12,301,442.99,4540.03,0.091,Failed,0,Synthetic - created for EcoSip project practice
CAMP1379,Synthetic Campaign 379,Gaming,Mobile Games,Germany,A challenging product concept with limitations that may reduce convenience for some users.,82608.0,2605.68,3.15,47,55.44,33,November,3,499,82.57,7999,No,9,712,1620,730,1532,16514.0,2148,2148,2.18,3,136,125.91,482.76,-0.256,Successful,1,Synthetic - created for EcoSip project practice
CAMP1380,Synthetic Campaign 380,Education,Learning,Canada,Innovative sustainable product designed to make everyday life easier and more convenient.,11333.0,15272.5,134.76,298,51.25,39,August,3,299,64.48,14999,Yes,14,1593,18879,1774,339,579.0,12797,12797,2.33,1,190,2104.32,5332.77,0.362,Successful,1,Synthetic - created for EcoSip project practice
CAMP1381,Synthetic Campaign 381,Technology,Wearables,India,Innovative sustainable product designed to make everyday life easier and more convenient.,18617.0,3956.04,21.25,162,24.42,52,January,4,499,38.32,7999,No,11,1023,17376,621,207,1381.0,18658,18658,0.87,5,1040,602.92,917.93,0.37,Successful,1,Synthetic - created for EcoSip project practice
CAMP1382,Synthetic Campaign 382,Social Impact,Environment,Germany,Innovative sustainable product designed to make everyday life easier and more convenient.,23873.0,17311.03,72.51,241,71.83,34,August,5,499,83.89,4999,Yes,16,748,13053,1139,1100,3608.0,9832,9832,2.45,9,951,2431.82,4566.91,0.475,Successful,1,Synthetic - created for EcoSip project practice
CAMP1383,Synthetic Campaign 383,Social Impact,Community,Australia,A practical product concept designed for everyday users.,9391.0,752.92,8.02,14,53.78,31,September,4,499,59.89,14999,No,17,200,1099,2152,166,554.0,487,487,2.88,3,13,100.0,143.37,0.059,Successful,1,Synthetic - created for EcoSip project practice
CAMP1384,Synthetic Campaign 384,Education,EdTech,USA,Innovative sustainable product designed to make everyday life easier and more convenient.,29520.0,23674.08,80.2,496,47.73,21,May,3,599,55.26,9999,Yes,11,428,11457,513,394,4088.0,10435,10435,4.75,2,632,3291.49,5464.9,0.169,Successful,1,Synthetic - created for EcoSip project practice
CAMP1385,Synthetic Campaign 385,Technology,Wearables,Singapore,Innovative sustainable product designed to make everyday life easier and more convenient.,10280.0,3308.6,32.18,71,46.6,31,February,5,499,63.16,7999,Yes,7,936,7495,486,446,1569.0,2683,2683,2.64,11,319,474.93,1574.86,0.171,Successful,1,Synthetic - created for EcoSip project practice
CAMP1386,Synthetic Campaign 386,Consumer Products,Personal Products,UK,Innovative sustainable product designed to make everyday life easier and more convenient.,11683.0,422.66,3.62,7,60.38,20,July,6,499,107.63,9999,Yes,8,810,1004,273,2459,1615.0,1353,1353,0.5,7,89,59.77,202.69,0.653,Successful,1,Synthetic - created for EcoSip project practice
CAMP1387,Synthetic Campaign 387,Technology,Smart Devices,Singapore,A challenging product concept with limitations that may reduce convenience for some users.,75275.0,6903.94,9.17,166,41.59,23,October,3,299,61.68,9999,No,15,1587,4880,310,351,7887.0,6858,6858,2.42,6,445,989.48,2733.65,-0.614,Successful,1,Synthetic - created for EcoSip project practice
CAMP1388,Synthetic Campaign 388,Fashion,Accessories,Singapore,A practical product concept designed for everyday users.,6036.0,11283.61,186.94,533,21.17,58,April,4,599,34.47,4999,Yes,8,1446,7199,145,44,933.0,9193,9193,5.8,3,657,568.27,4102.24,-0.088,Successful,1,Synthetic - created for EcoSip project practice
CAMP1389,Synthetic Campaign 389,Social Impact,Environment,USA,Innovative sustainable product designed to make everyday life easier and more convenient.,1429.0,18210.78,1274.37,298,61.11,19,June,4,299,80.97,4999,No,10,412,8719,1867,828,300.0,8311,8311,3.59,0,253,889.74,7522.91,0.182,Successful,1,Synthetic - created for EcoSip project practice
CAMP1390,Synthetic Campaign 390,Consumer Products,Home Products,Germany,A practical product concept designed for everyday users.,97696.0,5588.31,5.72,89,62.79,37,January,5,499,100.69,9999,Yes,5,1125,5970,5493,249,7928.0,5654,5654,1.57,0,148,506.06,2508.96,-0.124,Successful,1,Synthetic - created for EcoSip project practice
CAMP1391,Synthetic Campaign 391,Sustainability,Clean Tech,Germany,A practical product concept designed for everyday users.,250000.0,16799.23,6.72,323,52.01,53,September,3,299,92.39,4999,Yes,17,899,6690,3743,522,33618.0,9906,9906,3.26,10,837,1912.82,5641.04,0.108,Successful,1,Synthetic - created for EcoSip project practice
CAMP1392,Synthetic Campaign 392,Consumer Products,Home Products,UK,A practical product concept designed for everyday users.,11762.0,7593.78,64.56,201,37.78,58,November,3,299,51.02,9999,No,12,316,21825,177,458,2144.0,12219,12219,1.64,1,654,1114.51,1447.26,0.145,Successful,1,Synthetic - created for EcoSip project practice
CAMP1393,Synthetic Campaign 393,Gaming,Tabletop,France,A practical product concept designed for everyday users.,2355.0,3041.82,129.16,54,56.33,21,October,3,499,101.36,7999,Yes,7,1248,17038,1858,380,353.0,5877,5877,0.91,3,246,264.21,1194.88,-0.004,Successful,1,Synthetic - created for EcoSip project practice
CAMP1394,Synthetic Campaign 394,Food,Beverages,USA,Innovative sustainable product designed to make everyday life easier and more convenient.,12992.0,198.18,1.53,6,33.03,22,June,5,599,51.09,4999,Yes,11,1036,284,3731,1102,1569.0,300,300,2.14,14,4,15.56,94.21,0.198,Successful,1,Synthetic - created for EcoSip project practice
CAMP1395,Synthetic Campaign 395,Sustainability,Clean Tech,UK,Innovative sustainable product designed to make everyday life easier and more convenient.,13328.0,2494.17,18.71,63,39.59,32,January,3,299,64.29,9999,Yes,8,294,3640,570,108,1309.0,2406,2406,2.63,5,248,372.64,642.04,0.356,Successful,1,Synthetic - created for EcoSip project practice
CAMP1396,Synthetic Campaign 396,Fashion,Footwear,Singapore,A practical product concept designed for everyday users.,14746.0,612.36,4.15,14,43.74,40,June,5,499,55.83,7999,Yes,4,922,4241,996,298,927.0,2769,2769,0.5,11,38,45.87,195.37,0.114,Successful,1,Synthetic - created for EcoSip project practice
CAMP1397,Synthetic Campaign 397,Technology,Smart Devices,Germany,A practical product concept designed for everyday users.,5592.0,338.3,6.05,5,67.66,59,December,4,599,104.88,7999,Yes,15,1357,867,121,991,485.0,300,300,1.17,5,28,52.41,97.56,0.053,Successful,1,Synthetic - created for EcoSip project practice
CAMP1398,Synthetic Campaign 398,Consumer Products,Personal Products,USA,A practical product concept designed for everyday users.,33079.0,6888.84,20.83,139,49.56,24,February,4,499,72.24,4999,Yes,16,689,5494,1175,271,1709.0,5468,5468,2.54,14,284,446.39,2046.95,0.134,Successful,1,Synthetic - created for EcoSip project practice
CAMP1399,Synthetic Campaign 399,Education,Books,UK,Innovative sustainable product designed to make everyday life easier and more convenient.,31221.0,9897.4,31.7,205,48.28,22,March,6,299,85.43,9999,Yes,15,738,17430,311,100,6182.0,10110,10110,2.03,13,767,894.0,3923.53,0.178,Successful,1,Synthetic - created for EcoSip project practice
CAMP1400,Synthetic Campaign 400,Education,Learning,Canada,A challenging product concept with limitations that may reduce convenience for some users.,3748.0,2108.0,56.24,25,84.32,26,November,6,299,146.15,14999,Yes,7,331,1687,1099,976,312.0,818,818,3.03,7,30,202.69,618.74,-0.307,Successful,1,Synthetic - created for EcoSip project practice
CAMP1401,Synthetic Campaign 401,Social Impact,Social Enterprise,USA,Innovative sustainable product designed to make everyday life easier and more convenient.,37507.0,1386.67,3.7,23,60.29,55,July,6,599,83.06,9999,Yes,6,487,7000,189,1537,6460.0,2104,2104,1.1,10,57,113.61,641.09,0.309,Successful,1,Synthetic - created for EcoSip project practice
CAMP1402,Synthetic Campaign 402,Sustainability,Recycling,UK,A practical product concept designed for everyday users.,155352.0,2883.84,1.86,48,60.08,16,March,6,299,105.91,4999,Yes,2,1768,2001,1549,478,11697.0,1412,1412,3.4,6,97,116.71,1202.27,0.054,Successful,1,Synthetic - created for EcoSip project practice
CAMP1403,Synthetic Campaign 403,Education,Books,India,Innovative sustainable product designed to make everyday life easier and more convenient.,21562.0,1879.1,8.71,38,49.45,32,January,3,299,85.02,14999,Yes,13,1174,2554,2507,70,1995.0,3445,3445,1.1,15,298,137.12,353.82,0.533,Successful,1,Synthetic - created for EcoSip project practice
CAMP1404,Synthetic Campaign 404,Social Impact,Social Enterprise,USA,Innovative sustainable product designed to make everyday life easier and more convenient.,12631.0,30623.25,242.45,665,46.05,20,May,6,299,69.69,4999,Yes,7,440,21908,411,1013,1424.0,14697,14697,4.52,5,463,2672.54,13032.17,0.345,Failed,0,Synthetic - created for EcoSip project practice
CAMP1405,Synthetic Campaign 405,Design,Product Design,Canada,Innovative sustainable product designed to make everyday life easier and more convenient.,15507.0,355.2,2.29,16,22.2,22,August,3,599,25.7,7999,Yes,16,946,2906,289,95,1530.0,3193,3193,0.5,13,185,29.8,146.29,0.508,Successful,1,Synthetic - created for EcoSip project practice
CAMP1406,Synthetic Campaign 406,Design,Industrial Design,Canada,A practical product concept designed for everyday users.,34343.0,8135.01,23.69,117,69.53,57,November,4,499,84.31,4999,Yes,15,468,7938,104,681,5830.0,9491,9491,1.23,9,559,1220.07,2724.81,-0.103,Successful,1,Synthetic - created for EcoSip project practice
CAMP1407,Synthetic Campaign 407,Gaming,Mobile Games,Singapore,A practical product concept designed for everyday users.,2925.0,925.8,31.65,15,61.72,15,November,5,599,71.21,14999,Yes,4,880,770,690,206,566.0,508,508,3.03,10,17,43.17,304.63,0.076,Successful,1,Synthetic - created for EcoSip project practice
CAMP1408,Synthetic Campaign 408,Consumer Products,Home Products,Singapore,A challenging product concept with limitations that may reduce convenience for some users.,21391.0,97191.98,454.36,1858,52.31,29,June,5,499,61.5,4999,Yes,16,390,32193,503,157,3878.0,41112,41112,4.52,5,2966,9180.06,41856.51,-0.168,Successful,1,Synthetic - created for EcoSip project practice
CAMP1409,Synthetic Campaign 409,Social Impact,Environment,France,A practical product concept designed for everyday users.,11946.0,15670.24,131.18,296,52.94,57,June,5,299,94.44,9999,No,4,1171,9135,191,321,872.0,10184,10184,2.91,13,265,709.11,4817.59,-0.017,Successful,1,Synthetic - created for EcoSip project practice
CAMP1410,Synthetic Campaign 410,Technology,Software,Canada,Innovative sustainable product designed to make everyday life easier and more convenient.,125285.0,8387.08,6.69,127,66.04,42,December,5,299,82.45,4999,Yes,9,1090,4166,1416,416,20860.0,3954,3954,3.21,11,261,1428.24,1910.9,0.531,Successful,1,Synthetic - created for EcoSip project practice
CAMP1411,Synthetic Campaign 411,Consumer Products,Lifestyle,India,Innovative sustainable product designed to make everyday life easier and more convenient.,14992.0,1805.76,12.04,57,31.68,18,October,4,299,50.17,4999,Yes,9,1195,8891,574,263,1082.0,2234,2234,2.55,13,50,272.0,494.54,0.596,Successful,1,Synthetic - created for EcoSip project practice
CAMP1412,Synthetic Campaign 412,Education,EdTech,India,A practical product concept designed for everyday users.,103716.0,230.75,0.22,5,46.15,36,March,5,299,71.33,9999,Yes,17,882,1221,307,901,19396.0,359,359,1.32,12,23,40.96,59.89,-0.141,Successful,1,Synthetic - created for EcoSip project practice
CAMP1413,Synthetic Campaign 413,Education,Books,France,A practical product concept designed for everyday users.,5649.0,17917.12,317.17,472,37.96,59,September,4,499,58.53,14999,Yes,12,621,16313,517,320,721.0,24283,24283,1.94,2,1075,2999.73,6885.87,0.052,Failed,0,Synthetic - created for EcoSip project practice
CAMP1414,Synthetic Campaign 414,Consumer Products,Lifestyle,Germany,Innovative sustainable product designed to make everyday life easier and more convenient.,33348.0,3996.93,11.99,49,81.57,33,September,4,299,101.53,4999,No,16,561,3616,2627,1332,3350.0,4440,4440,1.11,14,265,336.6,933.93,0.159,Failed,0,Synthetic - created for EcoSip project practice
CAMP1415,Synthetic Campaign 415,Technology,Smart Devices,Singapore,Innovative sustainable product designed to make everyday life easier and more convenient.,25172.0,4019.67,15.97,59,68.13,39,March,5,299,102.57,4999,No,11,504,4077,1645,662,1851.0,5797,5797,1.01,13,335,549.98,1501.07,0.344,Successful,1,Synthetic - created for EcoSip project practice
CAMP1416,Synthetic Campaign 416,Sustainability,Eco Products,India,A challenging product concept with limitations that may reduce convenience for some users.,7227.0,2788.92,38.59,127,21.96,39,December,5,499,33.77,7999,No,15,858,3058,790,249,374.0,4214,4214,3.01,3,463,231.25,891.87,-0.313,Failed,0,Synthetic - created for EcoSip project practice
CAMP1417,Synthetic Campaign 417,Social Impact,Social Enterprise,Singapore,A challenging product concept with limitations that may reduce convenience for some users.,21685.0,290.61,1.34,9,32.29,45,April,4,499,48.41,14999,Yes,15,894,2798,1672,210,1891.0,771,771,1.18,15,49,47.76,125.51,-0.269,Successful,1,Synthetic - created for EcoSip project practice
CAMP1418,Synthetic Campaign 418,Consumer Products,Home Products,Germany,Innovative sustainable product designed to make everyday life easier and more convenient.,64297.0,19083.6,29.68,360,53.01,23,July,3,599,65.22,4999,Yes,15,1261,10015,282,96,12030.0,12417,12417,2.9,8,1242,1860.75,6211.7,0.317,Successful,1,Synthetic - created for EcoSip project practice
CAMP1419,Synthetic Campaign 419,Education,Learning,Germany,A challenging product concept with limitations that may reduce convenience for some users.,12812.0,2491.32,19.45,52,47.91,53,June,4,499,76.95,4999,Yes,8,236,6458,930,669,2173.0,5256,5256,0.98,5,183,230.76,1143.37,-0.366,Successful,1,Synthetic - created for EcoSip project practice
CAMP1420,Synthetic Campaign 420,Design,Industrial Design,Germany,A practical product concept designed for everyday users.,3046.0,12049.59,395.59,343,35.13,60,September,4,499,40.44,7999,Yes,8,614,9594,1043,351,595.0,11867,11867,2.89,3,578,2023.97,5424.01,0.055,Successful,1,Synthetic - created for EcoSip project practice
CAMP1421,Synthetic Campaign 421,Social Impact,Social Enterprise,Canada,Innovative sustainable product designed to make everyday life easier and more convenient.,17671.0,2104.25,11.91,25,84.17,21,November,3,499,127.42,7999,Yes,17,1556,4956,563,47,1151.0,1281,1281,1.93,5,23,330.67,495.73,0.225,Successful,1,Synthetic - created for EcoSip project practice
CAMP1422,Synthetic Campaign 422,Sustainability,Recycling,India,Innovative sustainable product designed to make everyday life easier and more convenient.,6978.0,12833.35,183.91,215,59.69,52,May,3,299,83.89,4999,Yes,14,1660,8353,1391,293,969.0,5097,5097,4.22,0,287,2249.66,4951.75,0.296,Failed,0,Synthetic - created for EcoSip project practice
CAMP1423,Synthetic Campaign 423,Sustainability,Eco Products,Canada,A practical product concept designed for everyday users.,12565.0,7081.68,56.36,114,62.12,52,May,6,499,79.22,9999,Yes,16,1685,3289,412,203,1113.0,3911,3911,2.91,11,327,349.19,1730.67,0.14,Successful,1,Synthetic - created for EcoSip project practice
CAMP1424,Synthetic Campaign 424,Food,Beverages,Germany,A practical product concept designed for everyday users.,16522.0,104633.9,633.3,2345,44.62,49,October,4,499,74.3,9999,No,11,655,46487,1498,2417,2172.0,57703,57703,4.06,11,5897,7749.97,44677.76,0.078,Successful,1,Synthetic - created for EcoSip project practice
CAMP1425,Synthetic Campaign 425,Gaming,Mobile Games,Canada,Innovative sustainable product designed to make everyday life easier and more convenient.,3002.0,1119.11,37.28,17,65.83,32,December,5,299,80.52,4999,Yes,16,376,1042,1563,91,300.0,1068,1068,1.62,10,77,91.9,414.87,0.416,Successful,1,Synthetic - created for EcoSip project practice
CAMP1426,Synthetic Campaign 426,Consumer Products,Home Products,France,Innovative sustainable product designed to make everyday life easier and more convenient.,3300.0,14096.94,427.18,286,49.29,36,November,3,599,86.41,9999,Yes,13,476,17644,49,118,305.0,11055,11055,2.59,8,889,1401.37,3781.3,0.26,Successful,1,Synthetic - created for EcoSip project practice
CAMP1427,Synthetic Campaign 427,Fashion,Accessories,India,A practical product concept designed for everyday users.,29861.0,8830.5,29.57,174,50.75,53,October,6,499,87.25,4999,No,13,367,19636,2959,1517,4063.0,12527,12527,1.39,5,370,938.14,2249.46,-0.001,Successful,1,Synthetic - created for EcoSip project practice
CAMP1428,Synthetic Campaign 428,Fashion,Accessories,Germany,Innovative sustainable product designed to make everyday life easier and more convenient.,10397.0,4106.88,39.5,64,64.17,22,September,3,599,86.78,9999,Yes,4,1725,2132,43,1942,806.0,3109,3109,2.07,11,44,331.86,1268.51,0.191,Successful,1,Synthetic - created for EcoSip project practice
CAMP1429,Synthetic Campaign 429,Technology,Software,UK,Innovative sustainable product designed to make everyday life easier and more convenient.,1218.0,25128.54,2063.1,822,30.57,53,October,4,299,40.16,7999,Yes,11,1607,46466,486,237,300.0,37127,37127,2.21,13,3605,3785.94,10559.44,0.287,Failed,0,Synthetic - created for EcoSip project practice
CAMP1430,Synthetic Campaign 430,Sustainability,Recycling,France,Innovative sustainable product designed to make everyday life easier and more convenient.,41036.0,14370.72,35.02,182,78.96,57,December,6,599,94.46,4999,Yes,13,1487,13530,2509,266,6058.0,10945,10945,1.66,1,311,1023.97,6019.15,0.661,Successful,1,Synthetic - created for EcoSip project practice
CAMP1431,Synthetic Campaign 431,Technology,Software,France,Innovative sustainable product designed to make everyday life easier and more convenient.,23959.0,7852.64,32.78,136,57.74,46,January,3,499,100.55,4999,Yes,14,1354,13205,655,926,1659.0,12418,12418,1.09,6,249,1079.84,1492.1,0.4,Successful,1,Synthetic - created for EcoSip project practice
CAMP1432,Synthetic Campaign 432,Sustainability,Eco Products,UK,Innovative sustainable product designed to make everyday life easier and more convenient.,8506.0,2374.72,27.92,32,74.21,30,August,5,599,114.23,14999,Yes,17,716,5142,208,49,1613.0,3918,3918,0.82,15,443,378.17,642.8,0.52,Successful,1,Synthetic - created for EcoSip project practice
CAMP1433,Synthetic Campaign 433,Fashion,Accessories,Canada,A practical product concept designed for everyday users.,4516.0,738.53,16.35,19,38.87,40,January,6,499,43.62,9999,Yes,7,934,4024,301,78,568.0,3786,3786,0.5,13,439,91.96,226.62,0.009,Successful,1,Synthetic - created for EcoSip project practice
CAMP1434,Synthetic Campaign 434,Consumer Products,Lifestyle,Germany,A practical product concept designed for everyday users.,43292.0,1687.15,3.9,41,41.15,17,July,3,499,59.98,9999,Yes,6,1538,4055,2513,378,7486.0,3205,3205,1.27,15,249,151.14,600.08,0.033,Failed,0,Synthetic - created for EcoSip project practice
CAMP1435,Synthetic Campaign 435,Gaming,Video Games,France,A practical product concept designed for everyday users.,25976.0,11872.12,45.7,316,37.57,57,May,3,299,43.58,4999,Yes,17,1493,7389,132,2355,3847.0,9483,9483,3.33,2,490,787.18,2669.54,0.114,Successful,1,Synthetic - created for EcoSip project practice
CAMP1436,Synthetic Campaign 436,Consumer Products,Lifestyle,Germany,A practical product concept designed for everyday users.,219665.0,10222.5,4.65,174,58.75,30,April,6,599,88.22,4999,Yes,17,1006,20300,2783,323,34378.0,28142,28142,0.62,7,2861,601.17,2868.28,0.14,Successful,1,Synthetic - created for EcoSip project practice
CAMP1437,Synthetic Campaign 437,Food,Beverages,Australia,A practical product concept designed for everyday users.,27982.0,4255.24,15.21,76,55.99,17,November,4,299,81.54,4999,Yes,4,1531,5994,852,553,4405.0,8482,8482,0.9,2,276,613.54,1896.47,-0.102,Successful,1,Synthetic - created for EcoSip project practice
CAMP1438,Synthetic Campaign 438,Social Impact,Environment,Canada,Innovative sustainable product designed to make everyday life easier and more convenient.,27044.0,4322.7,15.98,90,48.03,51,September,6,299,55.62,7999,No,8,722,2010,273,1554,4902.0,1920,1920,4.71,13,110,456.82,1396.08,0.534,Failed,0,Synthetic - created for EcoSip project practice
CAMP1439,Synthetic Campaign 439,Technology,Smart Devices,Singapore,Innovative sustainable product designed to make everyday life easier and more convenient.,15106.0,6684.72,44.25,168,39.79,45,July,6,499,66.49,7999,Yes,17,832,11403,502,4111,2146.0,9153,9153,1.84,8,451,310.74,2695.57,0.427,Successful,1,Synthetic - created for EcoSip project practice
CAMP1440,Synthetic Campaign 440,Gaming,Mobile Games,France,A practical product concept designed for everyday users.,42436.0,14904.0,35.12,414,36.0,43,November,6,599,46.21,14999,Yes,5,1535,12561,325,281,3893.0,14213,14213,2.91,3,1569,2649.0,4850.26,0.094,Successful,1,Synthetic - created for EcoSip project practice
CAMP1441,Synthetic Campaign 441,Social Impact,Social Enterprise,Singapore,Innovative sustainable product designed to make everyday life easier and more convenient.,34699.0,22467.78,64.75,414,54.27,17,February,6,599,80.27,14999,Yes,14,771,9622,2140,492,2253.0,12488,12488,3.31,1,1388,3010.29,7178.34,0.36,Successful,1,Synthetic - created for EcoSip project practice
CAMP1442,Synthetic Campaign 442,Education,Books,Canada,Innovative sustainable product designed to make everyday life easier and more convenient.,66999.0,16326.8,24.37,340,48.02,49,August,6,599,74.3,7999,No,3,1391,10537,1872,3092,9443.0,10049,10049,3.39,11,820,2582.66,5985.04,0.242,Successful,1,Synthetic - created for EcoSip project practice
CAMP1443,Synthetic Campaign 443,Consumer Products,Home Products,Australia,Innovative sustainable product designed to make everyday life easier and more convenient.,10412.0,1341.6,12.89,30,44.72,44,February,4,499,79.32,7999,Yes,4,897,3813,161,109,624.0,4290,4290,0.69,12,95,135.97,345.88,0.382,Successful,1,Synthetic - created for EcoSip project practice
CAMP1444,Synthetic Campaign 444,Design,Product Design,UK,A challenging product concept with limitations that may reduce convenience for some users.,11395.0,4223.34,37.06,54,78.21,51,March,6,599,113.07,7999,Yes,14,641,1975,601,1397,982.0,2345,2345,2.28,14,148,733.85,1076.7,-0.196,Successful,1,Synthetic - created for EcoSip project practice
CAMP1445,Synthetic Campaign 445,Design,Product Design,Singapore,A practical product concept designed for everyday users.,10884.0,699.01,6.42,13,53.77,53,March,4,499,93.67,9999,Yes,11,511,2099,380,181,643.0,2299,2299,0.58,15,85,47.49,333.29,0.139,Successful,1,Synthetic - created for EcoSip project practice
CAMP1446,Synthetic Campaign 446,Food,Food Products,France,Innovative sustainable product designed to make everyday life easier and more convenient.,41294.0,4665.15,11.3,63,74.05,24,July,5,499,99.85,9999,Yes,10,1151,974,3281,554,5465.0,1152,1152,5.48,13,124,307.52,2055.92,0.164,Failed,0,Synthetic - created for EcoSip project practice
CAMP1447,Synthetic Campaign 447,Education,Learning,UK,Innovative sustainable product designed to make everyday life easier and more convenient.,86805.0,940.0,1.08,20,47.0,24,August,3,299,79.91,9999,Yes,15,941,6337,233,392,6428.0,3237,3237,0.62,12,82,154.77,377.25,0.355,Successful,1,Synthetic - created for EcoSip project practice
CAMP1448,Synthetic Campaign 448,Social Impact,Community,UK,A practical product concept designed for everyday users.,11118.0,2992.17,26.91,51,58.67,57,October,6,599,74.22,4999,Yes,6,759,4600,4477,192,1574.0,4016,4016,1.28,12,64,493.23,661.7,0.004,Successful,1,Synthetic - created for EcoSip project practice
CAMP1449,Synthetic Campaign 449,Design,Graphic Design,India,A challenging product concept with limitations that may reduce convenience for some users.,11523.0,2220.97,19.27,41,54.17,39,June,5,299,86.41,7999,No,10,1376,3220,871,187,1943.0,3173,3173,1.28,15,278,244.0,419.91,-0.52,Successful,1,Synthetic - created for EcoSip project practice
CAMP1450,Synthetic Campaign 450,Education,Learning,Australia,A practical product concept designed for everyday users.,25032.0,147.7,0.59,5,29.54,35,December,6,299,34.33,14999,Yes,11,151,260,282,659,4338.0,300,300,0.75,7,18,8.51,34.36,-0.123,Successful,1,Synthetic - created for EcoSip project practice
CAMP1451,Synthetic Campaign 451,Social Impact,Environment,Australia,Innovative sustainable product designed to make everyday life easier and more convenient.,13906.0,6037.97,43.42,79,76.43,28,May,4,499,136.83,7999,Yes,13,302,1436,457,1353,1341.0,1895,1895,4.18,12,194,499.52,2785.43,0.163,Successful,1,Synthetic - created for EcoSip project practice
CAMP1452,Synthetic Campaign 452,Social Impact,Environment,Canada,Innovative sustainable product designed to make everyday life easier and more convenient.,48912.0,44759.65,91.51,845,52.97,44,February,4,499,93.64,4999,Yes,7,1736,15337,404,439,6473.0,15529,15529,5.44,13,283,6516.17,19017.79,0.198,Successful,1,Synthetic - created for EcoSip project practice
CAMP1453,Synthetic Campaign 453,Design,Industrial Design,Germany,Innovative sustainable product designed to make everyday life easier and more convenient.,1692.0,1390.2,82.16,21,66.2,49,January,5,299,93.31,4999,Yes,12,1244,2572,252,536,300.0,1058,1058,1.97,1,104,220.26,468.39,0.651,Successful,1,Synthetic - created for EcoSip project practice
CAMP1454,Synthetic Campaign 454,Technology,Software,Singapore,Innovative sustainable product designed to make everyday life easier and more convenient.,7556.0,3847.36,50.92,88,43.72,15,February,6,499,64.13,4999,Yes,9,1056,7171,990,885,914.0,9110,9110,0.97,11,129,341.15,1810.7,0.343,Successful,1,Synthetic - created for EcoSip project practice
CAMP1455,Synthetic Campaign 455,Food,Food Products,Singapore,Innovative sustainable product designed to make everyday life easier and more convenient.,7916.0,367.71,4.65,7,52.53,40,June,5,299,79.76,14999,Yes,10,174,1245,264,189,1174.0,1427,1427,0.5,5,19,17.86,82.36,0.203,Successful,1,Synthetic - created for EcoSip project practice
CAMP1456,Synthetic Campaign 456,Design,Graphic Design,Australia,Innovative sustainable product designed to make everyday life easier and more convenient.,1575.0,23940.0,1520.0,570,42.0,60,May,6,499,54.29,4999,No,15,1137,21076,102,1048,300.0,25246,25246,2.26,2,1534,3188.85,8325.02,0.171,Successful,1,Synthetic - created for EcoSip project practice
CAMP1457,Synthetic Campaign 457,Consumer Products,Lifestyle,France,Innovative sustainable product designed to make everyday life easier and more convenient.,6544.0,5147.8,78.66,70,73.54,27,November,3,599,115.61,9999,No,8,867,4329,616,1135,1288.0,3204,3204,2.18,2,110,738.86,1209.56,0.489,Successful,1,Synthetic - created for EcoSip project practice
CAMP1458,Synthetic Campaign 458,Food,Food Products,Germany,A practical product concept designed for everyday users.,6886.0,9666.54,140.38,162,59.67,27,February,6,599,94.82,7999,No,12,1139,6682,148,6756,446.0,8805,8805,1.84,1,663,960.49,2628.61,0.015,Failed,0,Synthetic - created for EcoSip project practice
CAMP1459,Synthetic Campaign 459,Fashion,Footwear,UK,A practical product concept designed for everyday users.,14574.0,66500.49,456.3,1099,60.51,55,April,5,299,88.8,4999,Yes,17,217,51173,424,343,2541.0,39277,39277,2.8,14,504,8088.7,30725.92,0.141,Successful,1,Synthetic - created for EcoSip project practice
CAMP1460,Synthetic Campaign 460,Technology,Wearables,France,A practical product concept designed for everyday users.,57916.0,49668.83,85.76,659,75.37,17,December,6,499,90.7,14999,Yes,14,1058,22780,363,316,8057.0,21940,21940,3.0,12,305,8852.58,21878.3,-0.125,Successful,1,Synthetic - created for EcoSip project practice
CAMP1461,Synthetic Campaign 461,Sustainability,Recycling,Canada,Innovative sustainable product designed to make everyday life easier and more convenient.,13916.0,1953.45,14.04,27,72.35,33,January,3,499,126.14,9999,Yes,17,1103,3680,377,1079,1207.0,923,923,2.94,1,83,145.14,411.28,0.577,Successful,1,Synthetic - created for EcoSip project practice
CAMP1462,Synthetic Campaign 462,Consumer Products,Home Products,Germany,Innovative sustainable product designed to make everyday life easier and more convenient.,6098.0,4254.72,69.77,64,66.48,36,June,4,299,78.48,14999,Yes,11,628,2763,6657,1134,987.0,2918,2918,2.19,10,97,511.49,1084.37,0.29,Successful,1,Synthetic - created for EcoSip project practice
CAMP1463,Synthetic Campaign 463,Sustainability,Eco Products,Germany,A practical product concept designed for everyday users.,16955.0,1683.5,9.93,50,33.67,51,March,3,299,51.87,14999,Yes,6,239,3611,952,293,1063.0,4144,4144,1.21,10,341,211.34,603.29,-0.018,Successful,1,Synthetic - created for EcoSip project practice
CAMP1464,Synthetic Campaign 464,Gaming,Video Games,Singapore,A practical product concept designed for everyday users.,54163.0,11852.96,21.88,266,44.56,20,July,4,299,52.23,14999,Yes,17,1753,8326,1150,334,9000.0,7984,7984,3.33,8,738,1385.31,2351.7,0.148,Successful,1,Synthetic - created for EcoSip project practice
CAMP1465,Synthetic Campaign 465,Technology,Software,Singapore,Innovative sustainable product designed to make everyday life easier and more convenient.,6460.0,3994.0,61.83,100,39.94,34,December,6,599,48.02,9999,Yes,12,1320,4501,152,859,895.0,3919,3919,2.56,9,65,645.74,1378.03,0.323,Successful,1,Synthetic - created for EcoSip project practice
CAMP1466,Synthetic Campaign 466,Social Impact,Community,France,A practical product concept designed for everyday users.,6919.0,10084.23,145.75,153,65.91,22,March,5,499,73.45,9999,Yes,5,1175,3368,468,219,461.0,4252,4252,3.59,14,403,1257.51,3583.41,0.11,Successful,1,Synthetic - created for EcoSip project practice
CAMP1467,Synthetic Campaign 467,Consumer Products,Lifestyle,India,A practical product concept designed for everyday users.,32358.0,47889.92,148.0,832,57.56,51,May,6,299,77.96,9999,No,7,1415,21685,1116,332,2004.0,23891,23891,3.48,8,944,5320.79,12800.5,0.03,Failed,0,Synthetic - created for EcoSip project practice
CAMP1468,Synthetic Campaign 468,Food,Cooking,Australia,A practical product concept designed for everyday users.,14264.0,751.08,5.27,22,34.14,44,June,5,599,52.84,7999,Yes,6,1257,4460,323,547,2320.0,2665,2665,0.83,10,141,42.98,201.24,-0.003,Successful,1,Synthetic - created for EcoSip project practice
CAMP1469,Synthetic Campaign 469,Consumer Products,Personal Products,Australia,Innovative sustainable product designed to make everyday life easier and more convenient.,35525.0,31771.53,89.43,609,52.17,37,October,6,299,76.43,4999,Yes,15,371,49850,2232,1354,3337.0,72225,72225,0.84,9,1411,4398.75,7902.34,0.275,Failed,0,Synthetic - created for EcoSip project practice
CAMP1470,Synthetic Campaign 470,Social Impact,Social Enterprise,Singapore,A practical product concept designed for everyday users.,17744.0,3291.59,18.55,101,32.59,33,December,6,599,51.24,7999,Yes,3,900,5475,270,273,3254.0,6209,6209,1.62,6,635,192.54,1516.45,0.08,Successful,1,Synthetic - created for EcoSip project practice
CAMP1471,Synthetic Campaign 471,Sustainability,Recycling,UK,A practical product concept designed for everyday users.,37604.0,30026.8,79.85,554,54.2,22,February,5,499,85.23,7999,Yes,13,1616,29807,676,79,6179.0,44261,44261,1.25,14,3173,1312.77,8907.79,0.053,Successful,1,Synthetic - created for EcoSip project practice
CAMP1472,Synthetic Campaign 472,Fashion,Apparel,India,A challenging product concept with limitations that may reduce convenience for some users.,6071.0,10800.86,177.91,358,30.17,57,June,6,299,36.15,4999,No,10,624,7147,501,74,939.0,10464,10464,3.42,6,686,1170.75,3840.58,-0.194,Successful,1,Synthetic - created for EcoSip project practice
CAMP1473,Synthetic Campaign 473,Gaming,Mobile Games,Germany,Innovative sustainable product designed to make everyday life easier and more convenient.,17773.0,33982.2,191.2,540,62.93,44,October,3,499,71.75,14999,Yes,3,1754,13097,1061,142,1631.0,18318,18318,2.95,12,2135,4082.7,9191.25,0.202,Successful,1,Synthetic - created for EcoSip project practice
CAMP1474,Synthetic Campaign 474,Design,Graphic Design,USA,A practical product concept designed for everyday users.,14428.0,6734.37,46.68,111,60.67,29,January,5,599,93.3,14999,No,11,256,2423,474,134,2256.0,2894,2894,3.84,9,135,1211.29,2631.79,0.129,Successful,1,Synthetic - created for EcoSip project practice
CAMP1475,Synthetic Campaign 475,Food,Food Products,Germany,A practical product concept designed for everyday users.,5021.0,5435.3,108.25,65,83.62,34,October,5,499,130.22,7999,No,14,695,2129,686,428,965.0,2154,2154,3.01,10,233,759.45,1143.76,0.09,Successful,1,Synthetic - created for EcoSip project practice
CAMP1476,Synthetic Campaign 476,Fashion,Accessories,Canada,Innovative sustainable product designed to make everyday life easier and more convenient.,3486.0,6907.44,198.15,102,67.72,48,March,6,599,100.88,7999,Yes,13,727,7918,711,152,300.0,3684,3684,2.77,12,328,1096.92,1391.8,0.236,Successful,1,Synthetic - created for EcoSip project practice
CAMP1477,Synthetic Campaign 477,Fashion,Accessories,Canada,Innovative sustainable product designed to make everyday life easier and more convenient.,36981.0,24086.7,65.13,495,48.66,48,July,5,599,61.9,14999,Yes,10,1168,13437,432,248,3658.0,12486,12486,3.97,11,1400,2131.54,9713.81,0.389,Successful,1,Synthetic - created for EcoSip project practice
CAMP1478,Synthetic Campaign 478,Technology,Software,India,Innovative sustainable product designed to make everyday life easier and more convenient.,12452.0,13050.38,104.81,194,67.27,36,December,3,299,112.18,7999,Yes,7,440,5205,1462,231,1061.0,6281,6281,3.09,9,690,1451.83,5194.06,0.376,Successful,1,Synthetic - created for EcoSip project practice
CAMP1479,Synthetic Campaign 479,Food,Cooking,USA,Innovative sustainable product designed to make everyday life easier and more convenient.,6153.0,1123.32,18.26,33,34.04,28,August,5,599,39.25,9999,Yes,4,528,1381,1142,322,671.0,1244,1244,2.62,9,148,198.15,291.5,0.335,Failed,0,Synthetic - created for EcoSip project practice
CAMP1480,Synthetic Campaign 480,Technology,Wearables,UK,A practical product concept designed for everyday users.,16271.0,3001.44,18.45,74,40.56,45,December,6,499,62.57,9999,Yes,2,1242,1283,824,1876,2625.0,1713,1713,4.35,8,42,295.44,859.95,0.113,Successful,1,Synthetic - created for EcoSip project practice
CAMP1481,Synthetic Campaign 481,Education,Learning,Australia,A practical product concept designed for everyday users.,58838.0,720.0,1.22,12,60.0,45,August,3,599,71.06,7999,No,7,619,1200,585,969,7127.0,464,464,2.69,5,45,110.17,336.37,0.021,Successful,1,Synthetic - created for EcoSip project practice
CAMP1482,Synthetic Campaign 482,Fashion,Apparel,India,A practical product concept designed for everyday users.,1641.0,316.82,19.31,14,22.63,42,March,3,499,35.26,14999,Yes,12,1600,854,1996,508,300.0,620,620,2.18,11,61,36.0,66.94,-0.112,Successful,1,Synthetic - created for EcoSip project practice
CAMP1483,Synthetic Campaign 483,Education,Learning,USA,A practical product concept designed for everyday users.,3739.0,4083.0,109.2,75,54.44,18,September,5,499,75.8,4999,No,2,1585,5579,711,315,363.0,4923,4923,1.53,14,398,291.34,959.28,0.014,Successful,1,Synthetic - created for EcoSip project practice
CAMP1484,Synthetic Campaign 484,Fashion,Accessories,Canada,Innovative sustainable product designed to make everyday life easier and more convenient.,6830.0,16316.7,238.9,411,39.7,36,August,5,499,63.63,4999,Yes,17,649,15402,662,324,486.0,12174,12174,3.38,11,495,1978.54,5042.05,0.186,Successful,1,Synthetic - created for EcoSip project practice
CAMP1485,Synthetic Campaign 485,Design,Graphic Design,Canada,A practical product concept designed for everyday users.,83480.0,4352.04,5.21,77,56.52,43,April,5,599,64.24,9999,No,11,1073,4933,999,694,7517.0,1903,1903,4.03,12,221,306.94,1151.68,-0.04,Failed,0,Synthetic - created for EcoSip project practice
CAMP1486,Synthetic Campaign 486,Education,Learning,India,Innovative sustainable product designed to make everyday life easier and more convenient.,24218.0,271.81,1.12,7,38.83,58,January,3,299,57.8,9999,Yes,6,699,522,4910,897,4334.0,300,300,2.5,13,10,10.99,101.85,0.207,Successful,1,Synthetic - created for EcoSip project practice
CAMP1487,Synthetic Campaign 487,Gaming,Mobile Games,Canada,A practical product concept designed for everyday users.,40288.0,13437.84,33.35,219,61.36,39,August,5,599,73.72,14999,Yes,17,719,4132,236,202,5655.0,5359,5359,4.09,5,348,981.3,5202.87,-0.09,Successful,1,Synthetic - created for EcoSip project practice
CAMP1488,Synthetic Campaign 488,Design,Industrial Design,USA,A challenging product concept with limitations that may reduce convenience for some users.,5437.0,995.22,18.3,18,55.29,30,July,5,299,87.23,9999,Yes,4,1256,4249,1944,519,580.0,3635,3635,0.5,1,245,66.72,336.3,-0.285,Successful,1,Synthetic - created for EcoSip project practice
CAMP1489,Synthetic Campaign 489,Sustainability,Eco Products,India,Innovative sustainable product designed to make everyday life easier and more convenient.,5556.0,23563.1,424.1,310,76.01,40,October,6,599,89.99,4999,Yes,17,633,40668,136,66,936.0,12644,12644,2.45,5,352,2166.13,8561.87,0.409,Successful,1,Synthetic - created for EcoSip project practice
CAMP1490,Synthetic Campaign 490,Food,Food Products,France,A practical product concept designed for everyday users.,28806.0,440.8,1.53,8,55.1,23,February,4,299,63.45,14999,No,6,396,1165,1118,618,1719.0,315,315,2.5,12,28,72.47,136.66,0.047,Successful,1,Synthetic - created for EcoSip project practice
CAMP1491,Synthetic Campaign 491,Social Impact,Community,India,A practical product concept designed for everyday users.,19136.0,2086.56,10.9,48,43.47,19,July,4,299,69.52,7999,Yes,8,577,3383,4348,1071,1686.0,2848,2848,1.69,13,56,196.76,851.56,-0.054,Failed,0,Synthetic - created for EcoSip project practice
CAMP1492,Synthetic Campaign 492,Fashion,Footwear,Canada,A practical product concept designed for everyday users.,32026.0,34730.1,108.44,677,51.3,46,October,3,299,58.71,4999,Yes,8,1683,27530,1467,378,2707.0,12539,12539,5.4,8,1081,5498.69,6690.04,-0.126,Successful,1,Synthetic - created for EcoSip project practice
CAMP1493,Synthetic Campaign 493,Sustainability,Eco Products,Australia,Innovative sustainable product designed to make everyday life easier and more convenient.,14781.0,7769.32,52.56,223,34.84,60,November,5,499,43.8,9999,Yes,17,577,7841,1067,3075,2924.0,8871,8871,2.51,12,917,915.12,2127.76,0.298,Successful,1,Synthetic - created for EcoSip project practice
CAMP1494,Synthetic Campaign 494,Food,Cooking,UK,Innovative sustainable product designed to make everyday life easier and more convenient.,24105.0,13623.07,56.52,223,61.09,53,December,5,299,102.47,4999,Yes,6,750,8782,514,207,3758.0,10926,10926,2.04,1,529,559.45,5249.36,0.565,Successful,1,Synthetic - created for EcoSip project practice
CAMP1495,Synthetic Campaign 495,Education,EdTech,UK,A practical product concept designed for everyday users.,21251.0,4916.45,23.14,77,63.85,41,March,4,499,106.42,7999,Yes,17,1187,5607,928,621,3032.0,3002,3002,2.57,10,264,326.57,1371.17,0.067,Successful,1,Synthetic - created for EcoSip project practice
CAMP1496,Synthetic Campaign 496,Gaming,Tabletop,Australia,A practical product concept designed for everyday users.,40733.0,3129.36,7.68,34,92.04,16,March,5,599,156.27,7999,Yes,7,316,6954,699,482,2067.0,6886,6886,0.5,10,188,533.18,637.01,0.12,Successful,1,Synthetic - created for EcoSip project practice
CAMP1497,Synthetic Campaign 497,Consumer Products,Home Products,India,Innovative sustainable product designed to make everyday life easier and more convenient.,42003.0,3562.26,8.48,78,45.67,60,July,6,299,60.66,4999,Yes,6,592,10881,410,452,3261.0,4821,4821,1.62,8,497,443.8,1009.92,0.48,Successful,1,Synthetic - created for EcoSip project practice
CAMP1498,Synthetic Campaign 498,Gaming,Video Games,Australia,A challenging product concept with limitations that may reduce convenience for some users.,3285.0,2650.96,80.7,52,50.98,35,June,3,499,74.92,14999,Yes,12,438,2225,674,446,477.0,1401,1401,3.72,11,161,451.03,1043.02,-0.327,Successful,1,Synthetic - created for EcoSip project practice
CAMP1499,Synthetic Campaign 499,Social Impact,Environment,Singapore,Innovative sustainable product designed to make everyday life easier and more convenient.,1700.0,13583.48,799.03,293,46.36,28,March,5,599,76.09,9999,Yes,13,1675,12031,1097,557,300.0,16374,16374,1.79,7,439,1133.09,2942.12,0.731,Successful,1,Synthetic - created for EcoSip project practice
CAMP1500,Synthetic Campaign 500,Gaming,Mobile Games,Germany,Innovative sustainable product designed to make everyday life easier and more convenient.,51532.0,1047.24,2.03,18,58.18,56,February,5,499,69.58,14999,No,7,1689,1267,418,1167,9721.0,1178,1178,1.56,8,101,146.95,416.16,0.864,Successful,1,Synthetic - created for EcoSip project practice
