campaign_id,campaign_name,category,subcategory,country,description,funding_goal,amount_raised,funding_percentage,number_of_backers,average_contribution,campaign_duration,launch_month,reward_tiers,lowest_reward,average_reward,highest_reward,video_available,number_of_images,story_length,social_media_followers,email_list_size,pre_launch_community_size,marketing_spend,landing_page_traffic,campaign_page_visits,conversion_rate,updates_posted,comments_engagement,first_24h_funding,first_7d_funding,sentiment_polarity,campaign_status,success,data_source,sentiment_category,category_encoded,subcategory_encoded,country_encoded,launch_month_encoded
ECOSIP-1001,Synthetic Campaign 1,Food,Kitchen,United States,Our campaign introduces an new product development. We aim to provide practical value to customers while creating a reliable product experience.,56215.0,83580.0,148.68,184,454.24,30,May,3,299,455.0,924.0,1,11,1840,8132,8930,2804,46857.0,28275,33174,0.55,9,4572,13.3,31.73,0.13636363636363635,Successful,1,Synthetic - improved for EcoSip project practice,Positive,4,14,4,8
ECOSIP-1002,Synthetic Campaign 2,Design,Product Design,India,Our campaign introduces an high quality reusable solution. We aim to provide practical value to customers while creating a reliable product experience.,109863.0,159469.0,145.15,67,2380.13,44,September,5,999,2398.0,4685.0,0,13,2163,25892,436,838,86410.0,9925,10540,0.64,8,608,4.67,45.14,0.16,Successful,1,Synthetic - improved for EcoSip project practice,Positive,1,18,2,11
ECOSIP-1003,Synthetic Campaign 3,Education,EdTech,Canada,Our campaign introduces an designed for everyday use. We aim to provide practical value to customers while creating a reliable product experience.,120066.0,180183.0,150.07,105,1716.03,41,September,4,499,1724.0,5108.0,1,9,1097,14672,1019,4888,70000.0,26513,30271,0.35,10,1001,10.53,65.64,-0.2,Successful,1,Synthetic - improved for EcoSip project practice,Negative,2,7,1,11
ECOSIP-1004,Synthetic Campaign 4,Food,Kitchen,Canada,Our campaign introduces an smart technology for modern consumers. We aim to provide practical value to customers while creating a reliable product experience.,44753.0,65879.0,147.21,39,1689.21,32,August,6,999,1705.0,2993.0,1,12,848,17894,9247,32,88832.0,28428,30361,0.13,14,1942,7.66,48.07,0.20714285714285713,Failed,0,Synthetic - improved for EcoSip project practice,Positive,4,14,1,1
ECOSIP-1005,Synthetic Campaign 5,Sustainability,Eco Products,Australia,Our campaign introduces an high quality reusable solution. We aim to provide practical value to customers while creating a reliable product experience.,73374.0,100137.0,136.47,26,3851.42,20,January,7,1499,3891.0,11079.0,0,12,1055,19981,5870,3999,24334.0,45490,45619,0.06,11,2794,15.23,20.92,0.16,Successful,1,Synthetic - improved for EcoSip project practice,Positive,6,6,0,4
ECOSIP-1006,Synthetic Campaign 6,Fashion,Sustainable Fashion,United States,Our campaign introduces an innovative sustainable solution. We aim to provide practical value to customers while creating a reliable product experience.,500000.0,591114.0,118.22,572,1033.42,36,January,7,299,1034.0,2756.0,0,11,1607,20856,3102,940,87969.0,41712,45026,1.27,11,3051,4.35,19.85,0.5,Failed,0,Synthetic - improved for EcoSip project practice,Positive,3,21,4,4
ECOSIP-1007,Synthetic Campaign 7,Education,Learning,Australia,Our campaign introduces an early stage product. We aim to provide practical value to customers while creating a reliable product experience.,355057.0,487077.0,137.18,124,3928.04,25,September,5,1499,3914.0,6320.0,1,6,2376,7494,7447,4940,10677.0,8710,9135,1.36,8,76,13.4,61.44,0.1,Failed,0,Synthetic - improved for EcoSip project practice,Positive,2,15,0,11
ECOSIP-1008,Synthetic Campaign 8,Education,EdTech,United States,Our campaign introduces an consumer lifestyle product. We aim to provide practical value to customers while creating a reliable product experience.,111072.0,129339.0,116.45,230,562.34,23,November,6,299,562.0,1675.0,1,4,2128,29516,2352,2438,89417.0,3259,7125,3.23,2,3408,6.44,19.98,0.0,Successful,1,Synthetic - improved for EcoSip project practice,Neutral,2,7,4,9
ECOSIP-1009,Synthetic Campaign 9,Food,Beverages,Australia,Our campaign introduces an smart technology for modern consumers. We aim to provide practical value to customers while creating a reliable product experience.,77610.0,106772.0,137.58,20,5338.6,39,August,3,1999,5326.0,10157.0,1,14,795,17035,2333,1334,36262.0,16591,20802,0.1,5,2760,19.79,22.54,0.20714285714285713,Failed,0,Synthetic - improved for EcoSip project practice,Positive,4,2,0,1
ECOSIP-1010,Synthetic Campaign 10,Consumer Products,Personal Care,United Kingdom,Our campaign introduces an product focused campaign. We aim to provide practical value to customers while creating a reliable product experience.,83556.0,113953.0,136.38,120,949.61,35,October,7,499,953.0,1570.0,1,10,1882,11686,9849,3697,34886.0,502,712,16.85,6,479,9.58,34.9,0.0,Failed,0,Synthetic - improved for EcoSip project practice,Neutral,0,17,3,10
ECOSIP-1011,Synthetic Campaign 11,Sustainability,Green Living,United Kingdom,Our campaign introduces an innovative sustainable solution. We aim to provide practical value to customers while creating a reliable product experience.,130276.0,150576.0,115.58,30,5019.2,34,September,5,1999,5076.0,13928.0,1,6,2466,25852,4416,2037,53648.0,41458,41664,0.07,13,1734,7.98,50.95,0.5,Successful,1,Synthetic - improved for EcoSip project practice,Positive,6,11,3,11
ECOSIP-1012,Synthetic Campaign 12,Food,Beverages,United Kingdom,Our campaign introduces an new product development. We aim to provide practical value to customers while creating a reliable product experience.,29874.0,42827.0,143.36,13,3294.38,34,July,6,1999,3295.0,8435.0,1,15,2329,13026,172,1248,94366.0,30660,33186,0.04,9,3995,20.19,35.21,0.13636363636363635,Successful,1,Synthetic - improved for EcoSip project practice,Positive,4,2,3,5
ECOSIP-1013,Synthetic Campaign 13,Sustainability,Clean Technology,United Kingdom,Our campaign introduces an high quality reusable solution. We aim to provide practical value to customers while creating a reliable product experience.,59492.0,96476.0,162.17,24,4019.83,25,March,6,1499,4064.0,9859.0,1,11,2176,20816,6849,4812,9539.0,21207,25685,0.09,8,1641,12.99,44.27,0.16,Successful,1,Synthetic - improved for EcoSip project practice,Positive,6,4,3,7
ECOSIP-1014,Synthetic Campaign 14,Sustainability,Green Living,India,Our campaign introduces an high quality reusable solution. We aim to provide practical value to customers while creating a reliable product experience.,16706.0,19128.0,114.5,15,1275.2,34,March,6,499,1264.0,2192.0,1,6,866,1097,9522,2454,38462.0,15748,20212,0.07,14,784,16.66,38.96,0.16,Failed,0,Synthetic - improved for EcoSip project practice,Positive,6,11,2,7
ECOSIP-1015,Synthetic Campaign 15,Fashion,Accessories,United Kingdom,Our campaign introduces an eco friendly product. We aim to provide practical value to customers while creating a reliable product experience.,107425.0,148664.0,138.39,167,890.2,33,February,6,299,891.0,1976.0,1,10,1453,20560,3777,2888,86374.0,6273,8904,1.88,1,3022,4.55,21.76,0.375,Failed,0,Synthetic - improved for EcoSip project practice,Positive,3,0,3,3
ECOSIP-1016,Synthetic Campaign 16,Education,Training,Canada,Our campaign introduces an eco friendly product. We aim to provide practical value to customers while creating a reliable product experience.,134285.0,181561.0,135.21,220,825.28,30,May,6,299,826.0,2206.0,1,11,2009,14490,8500,2535,42625.0,13286,16530,1.33,7,2513,9.03,56.7,0.375,Successful,1,Synthetic - improved for EcoSip project practice,Positive,2,22,1,8
ECOSIP-1017,Synthetic Campaign 17,Design,Industrial Design,Canada,Our campaign introduces an development challenges remain. We aim to provide practical value to customers while creating a reliable product experience.,48551.0,70214.0,144.62,27,2600.52,26,December,7,999,2597.0,5078.0,1,15,475,6199,9189,1458,23920.0,15537,20330,0.13,13,1496,15.9,44.23,0.0,Successful,1,Synthetic - improved for EcoSip project practice,Neutral,1,13,1,2
ECOSIP-1018,Synthetic Campaign 18,Fashion,Sustainable Fashion,India,Our campaign introduces an smart technology for modern consumers. We aim to provide practical value to customers while creating a reliable product experience.,309227.0,499956.0,161.68,581,860.51,28,December,5,299,861.0,1694.0,1,11,919,22039,5008,4184,45355.0,2385,3283,17.7,15,4029,22.13,46.89,0.20714285714285713,Successful,1,Synthetic - improved for EcoSip project practice,Positive,3,21,2,2
ECOSIP-1019,Synthetic Campaign 19,Fashion,Accessories,United Kingdom,Our campaign introduces an smart technology for modern consumers. We aim to provide practical value to customers while creating a reliable product experience.,24886.0,38766.0,155.77,14,2769.0,45,March,6,1499,2680.0,4033.0,1,12,2013,27407,574,3563,41627.0,40328,42865,0.03,15,4237,9.47,63.59,0.20714285714285713,Successful,1,Synthetic - improved for EcoSip project practice,Positive,3,0,3,7
ECOSIP-1020,Synthetic Campaign 20,Sustainability,Clean Technology,United Kingdom,Our campaign introduces an product focused campaign. We aim to provide practical value to customers while creating a reliable product experience.,20077.0,28424.0,141.57,5,5684.8,35,June,4,1999,5379.0,9474.0,1,6,1166,28613,9129,3195,91965.0,16831,18942,0.03,6,939,20.05,61.71,0.0,Failed,0,Synthetic - improved for EcoSip project practice,Neutral,6,4,3,6
ECOSIP-1021,Synthetic Campaign 21,Gaming,Gaming Hardware,United Kingdom,Our campaign introduces an consumer lifestyle product. We aim to provide practical value to customers while creating a reliable product experience.,91789.0,129089.0,140.64,35,3688.26,24,February,4,1999,3687.0,10372.0,1,3,2423,20536,8449,1801,77384.0,41112,41637,0.08,3,3022,14.25,38.96,0.0,Successful,1,Synthetic - improved for EcoSip project practice,Neutral,5,10,3,3
ECOSIP-1022,Synthetic Campaign 22,Education,Learning,Australia,Our campaign introduces an designed with customers in mind. We aim to provide practical value to customers while creating a reliable product experience.,192458.0,240054.0,124.73,36,6668.17,44,December,5,1999,6699.0,14487.0,1,5,2371,21787,198,2283,52986.0,22995,26139,0.14,1,1515,15.73,25.16,0.0,Successful,1,Synthetic - improved for EcoSip project practice,Neutral,2,15,0,2
ECOSIP-1023,Synthetic Campaign 23,Consumer Products,Lifestyle,United States,Our campaign introduces an product focused campaign. We aim to provide practical value to customers while creating a reliable product experience.,341389.0,375531.0,110.0,460,816.37,39,March,3,499,817.0,2432.0,1,11,1464,24602,8051,1989,98895.0,13950,17338,2.65,7,4739,8.54,43.42,0.0,Failed,0,Synthetic - improved for EcoSip project practice,Neutral,0,16,4,7
ECOSIP-1024,Synthetic Campaign 24,Fashion,Accessories,Australia,Our campaign introduces an consumer lifestyle product. We aim to provide practical value to customers while creating a reliable product experience.,49625.0,71996.0,145.08,102,705.84,29,May,3,299,706.0,1478.0,1,6,1955,22586,487,231,49201.0,9991,13005,0.78,10,2954,8.05,39.31,0.0,Failed,0,Synthetic - improved for EcoSip project practice,Neutral,3,0,0,8
ECOSIP-1025,Synthetic Campaign 25,Design,Product Design,United States,Our campaign introduces an innovative sustainable solution. We aim to provide practical value to customers while creating a reliable product experience.,198007.0,276549.0,139.67,64,4321.08,37,December,3,1499,4335.0,11153.0,0,7,2092,13609,3799,527,10533.0,9768,11107,0.58,4,2829,19.46,60.15,0.5,Successful,1,Synthetic - improved for EcoSip project practice,Positive,1,18,4,2
ECOSIP-1026,Synthetic Campaign 26,Gaming,Board Games,United Kingdom,Our campaign introduces an high quality reusable solution. We aim to provide practical value to customers while creating a reliable product experience.,72445.0,94032.0,129.8,78,1205.54,22,November,4,499,1206.0,2319.0,0,9,2233,5590,8236,351,29916.0,28257,31748,0.25,5,1194,18.43,56.46,0.16,Successful,1,Synthetic - improved for EcoSip project practice,Positive,5,3,3,9
ECOSIP-1027,Synthetic Campaign 27,Gaming,Board Games,United Kingdom,Our campaign introduces an designed for everyday use. We aim to provide practical value to customers while creating a reliable product experience.,64208.0,82944.0,129.18,49,1692.73,32,November,3,999,1683.0,3443.0,1,7,305,25048,4503,570,46427.0,42407,46720,0.1,13,298,11.59,23.83,-0.2,Failed,0,Synthetic - improved for EcoSip project practice,Negative,5,3,3,9
ECOSIP-1028,Synthetic Campaign 28,Consumer Products,Personal Care,Australia,Our campaign introduces an consumer lifestyle product. We aim to provide practical value to customers while creating a reliable product experience.,166132.0,216528.0,130.33,55,3936.87,30,January,7,1499,3908.0,6980.0,1,6,969,5716,5386,961,19906.0,7291,11388,0.48,10,1821,4.01,56.95,0.0,Failed,0,Synthetic - improved for EcoSip project practice,Neutral,0,17,0,4
ECOSIP-1029,Synthetic Campaign 29,Fashion,Accessories,Australia,Our campaign introduces an designed for everyday convenience. We aim to provide practical value to customers while creating a reliable product experience.,134906.0,210653.0,156.15,50,4213.06,36,January,6,1499,4172.0,8430.0,1,4,2329,16058,4601,747,95019.0,40439,43545,0.11,6,537,6.74,40.67,-0.2,Successful,1,Synthetic - improved for EcoSip project practice,Negative,3,0,0,4
ECOSIP-1030,Synthetic Campaign 30,Design,Creative,United States,Our campaign introduces an new product development. We aim to provide practical value to customers while creating a reliable product experience.,18151.0,20598.0,113.48,5,4119.6,41,October,4,1499,4358.0,10114.0,1,4,823,2348,2873,4995,77851.0,28814,31953,0.02,14,926,11.21,39.02,0.13636363636363635,Failed,0,Synthetic - improved for EcoSip project practice,Positive,1,5,4,10
ECOSIP-1031,Synthetic Campaign 31,Education,EdTech,Canada,Our campaign introduces an innovative sustainable solution. We aim to provide practical value to customers while creating a reliable product experience.,283263.0,348349.0,122.98,78,4466.01,32,September,5,1999,4491.0,13418.0,1,15,916,17332,5778,2882,30487.0,29083,29781,0.26,14,1718,4.04,19.73,0.5,Successful,1,Synthetic - improved for EcoSip project practice,Positive,2,7,1,11
ECOSIP-1032,Synthetic Campaign 32,Technology,Software,United States,Our campaign introduces an early stage product. We aim to provide practical value to customers while creating a reliable product experience.,259711.0,324910.0,125.1,83,3914.58,25,July,5,1499,3938.0,9830.0,0,15,533,10848,8727,3263,61126.0,22050,24237,0.34,9,3584,9.71,52.12,0.1,Failed,0,Synthetic - improved for EcoSip project practice,Positive,7,20,4,5
ECOSIP-1033,Synthetic Campaign 33,Design,Creative,Australia,Our campaign introduces an designed for everyday use. We aim to provide practical value to customers while creating a reliable product experience.,42712.0,68305.0,159.92,95,719.0,36,January,6,299,718.0,1292.0,1,6,1994,10614,8441,668,73538.0,593,1877,5.06,0,3329,10.62,54.77,-0.2,Successful,1,Synthetic - improved for EcoSip project practice,Negative,1,5,0,4
ECOSIP-1034,Synthetic Campaign 34,Consumer Products,Lifestyle,Australia,Our campaign introduces an product focused campaign. We aim to provide practical value to customers while creating a reliable product experience.,107094.0,158442.0,147.95,37,4282.22,32,December,4,1499,4263.0,6682.0,1,12,2484,22838,2032,2757,94421.0,36255,39105,0.09,7,1416,17.12,50.76,0.0,Successful,1,Synthetic - improved for EcoSip project practice,Neutral,0,16,0,2
ECOSIP-1035,Synthetic Campaign 35,Gaming,Gaming Hardware,India,Our campaign introduces an eco friendly product. We aim to provide practical value to customers while creating a reliable product experience.,116993.0,187101.0,159.92,35,5345.74,38,August,3,1999,5332.0,9009.0,0,15,747,8795,7046,2767,88755.0,46115,48799,0.07,3,1251,5.86,67.27,0.375,Successful,1,Synthetic - improved for EcoSip project practice,Positive,5,10,2,1
ECOSIP-1036,Synthetic Campaign 36,Education,Learning,Australia,Our campaign introduces an designed for everyday convenience. We aim to provide practical value to customers while creating a reliable product experience.,94831.0,130786.0,137.91,34,3846.65,40,March,3,1499,3825.0,8965.0,0,12,1715,8170,9713,1029,53943.0,10467,15326,0.22,12,3143,12.23,41.72,-0.2,Successful,1,Synthetic - improved for EcoSip project practice,Negative,2,15,0,7
ECOSIP-1037,Synthetic Campaign 37,Design,Product Design,India,Our campaign introduces an consumer lifestyle product. We aim to provide practical value to customers while creating a reliable product experience.,45705.0,62767.0,137.33,31,2024.74,38,August,7,999,1997.0,5288.0,0,15,379,27865,2361,1570,78592.0,16718,20331,0.15,8,808,13.66,37.51,0.0,Successful,1,Synthetic - improved for EcoSip project practice,Neutral,1,18,2,1
ECOSIP-1038,Synthetic Campaign 38,Technology,Smart Devices,Canada,Our campaign introduces an designed for everyday use. We aim to provide practical value to customers while creating a reliable product experience.,40978.0,55377.0,135.14,37,1496.68,29,May,7,999,1503.0,4375.0,1,11,888,8994,7275,823,58404.0,43720,48565,0.08,0,1533,14.06,55.39,-0.2,Failed,0,Synthetic - improved for EcoSip project practice,Negative,7,19,1,8
ECOSIP-1039,Synthetic Campaign 39,Technology,Software,United States,Our campaign introduces an designed for everyday convenience. We aim to provide practical value to customers while creating a reliable product experience.,73295.0,111855.0,152.61,30,3728.5,22,January,3,1999,3694.0,5629.0,1,10,2411,20109,9763,4100,57507.0,9127,13281,0.23,10,4117,12.0,56.88,-0.2,Successful,1,Synthetic - improved for EcoSip project practice,Negative,7,20,4,4
ECOSIP-1040,Synthetic Campaign 40,Sustainability,Clean Technology,United States,Our campaign introduces an product focused campaign. We aim to provide practical value to customers while creating a reliable product experience.,215496.0,315858.0,146.57,609,518.65,33,July,5,299,519.0,1185.0,1,5,2310,16798,654,4329,15900.0,5447,9930,6.13,1,4938,9.75,63.71,0.0,Failed,0,Synthetic - improved for EcoSip project practice,Neutral,6,4,4,5
ECOSIP-1041,Synthetic Campaign 41,Sustainability,Eco Products,India,Our campaign introduces an designed for everyday convenience. We aim to provide practical value to customers while creating a reliable product experience.,122331.0,184310.0,150.66,257,717.16,45,May,5,299,717.0,1582.0,1,11,1235,15223,8225,4284,16983.0,39919,43955,0.58,13,2898,16.86,65.09,-0.2,Successful,1,Synthetic - improved for EcoSip project practice,Negative,6,6,2,8
ECOSIP-1042,Synthetic Campaign 42,Food,Food Products,United States,Our campaign introduces an consumer lifestyle product. We aim to provide practical value to customers while creating a reliable product experience.,53728.0,93620.0,174.25,69,1356.81,38,June,7,499,1360.0,3378.0,1,7,1242,2476,5835,3421,55306.0,23678,25477,0.27,5,2700,22.95,46.12,0.0,Successful,1,Synthetic - improved for EcoSip project practice,Neutral,4,9,4,6
ECOSIP-1043,Synthetic Campaign 43,Consumer Products,Home,Australia,Our campaign introduces an eco friendly product. We aim to provide practical value to customers while creating a reliable product experience.,150207.0,226958.0,151.1,59,3846.75,24,June,6,1999,3850.0,9007.0,1,13,2371,25716,9659,4261,30542.0,29376,33983,0.17,10,4101,17.11,42.93,0.375,Successful,1,Synthetic - improved for EcoSip project practice,Positive,0,12,0,6
ECOSIP-1044,Synthetic Campaign 44,Fashion,Accessories,United Kingdom,Our campaign introduces an early stage product. We aim to provide practical value to customers while creating a reliable product experience.,10000.0,13222.0,132.22,3,4407.33,24,August,3,1499,5064.0,12815.0,0,5,350,4478,4647,4631,6999.0,23408,26083,0.01,9,1251,18.76,29.99,0.1,Failed,0,Synthetic - improved for EcoSip project practice,Positive,3,0,3,1
ECOSIP-1045,Synthetic Campaign 45,Design,Industrial Design,India,Our campaign introduces an high quality reusable solution. We aim to provide practical value to customers while creating a reliable product experience.,210899.0,347517.0,164.78,115,3021.89,39,September,7,1999,3025.0,7524.0,1,7,2473,11282,7809,3181,73670.0,36412,36647,0.31,10,700,19.13,57.38,0.16,Successful,1,Synthetic - improved for EcoSip project practice,Positive,1,13,2,11
ECOSIP-1046,Synthetic Campaign 46,Design,Creative,United States,Our campaign introduces an new product development. We aim to provide practical value to customers while creating a reliable product experience.,15670.0,17338.0,110.64,11,1576.18,36,February,7,499,1519.0,2545.0,1,15,676,24933,7582,4568,8086.0,20471,22596,0.05,13,537,13.47,28.7,0.13636363636363635,Failed,0,Synthetic - improved for EcoSip project practice,Positive,1,5,4,3
ECOSIP-1047,Synthetic Campaign 47,Fashion,Sustainable Fashion,India,Our campaign introduces an designed for everyday convenience. We aim to provide practical value to customers while creating a reliable product experience.,54125.0,85230.0,157.47,16,5326.88,40,September,3,1999,5498.0,14842.0,1,12,290,674,8790,4175,61551.0,33084,36719,0.04,0,1505,7.9,60.76,-0.2,Successful,1,Synthetic - improved for EcoSip project practice,Negative,3,21,2,11
ECOSIP-1048,Synthetic Campaign 48,Food,Kitchen,India,Our campaign introduces an designed with customers in mind. We aim to provide practical value to customers while creating a reliable product experience.,27379.0,36264.0,132.45,8,4533.0,29,December,3,1999,4492.0,7568.0,1,15,678,29345,888,547,56223.0,49728,54682,0.01,3,3835,10.64,24.7,0.0,Failed,0,Synthetic - improved for EcoSip project practice,Neutral,4,14,2,2
ECOSIP-1049,Synthetic Campaign 49,Gaming,Video Games,United Kingdom,Our campaign introduces an designed for everyday use. We aim to provide practical value to customers while creating a reliable product experience.,23389.0,36512.0,156.11,46,793.74,24,November,5,499,799.0,2036.0,1,6,593,13430,3865,3318,97037.0,9459,12449,0.37,7,2903,13.77,28.87,-0.2,Successful,1,Synthetic - improved for EcoSip project practice,Negative,5,23,3,9
ECOSIP-1050,Synthetic Campaign 50,Gaming,Video Games,Australia,Our campaign introduces an designed for everyday convenience. We aim to provide practical value to customers while creating a reliable product experience.,213200.0,324397.0,152.16,394,823.34,23,October,6,299,824.0,1750.0,1,10,615,26228,897,1043,51000.0,28761,31618,1.25,14,902,9.24,32.16,-0.2,Successful,1,Synthetic - improved for EcoSip project practice,Negative,5,23,0,10
ECOSIP-1051,Synthetic Campaign 51,Food,Kitchen,India,Our campaign introduces an high quality reusable solution. We aim to provide practical value to customers while creating a reliable product experience.,49233.0,77133.0,156.67,23,3353.61,25,September,6,1499,3405.0,7732.0,1,15,858,29194,4759,3754,11042.0,41565,45438,0.05,9,396,14.64,27.46,0.16,Successful,1,Synthetic - improved for EcoSip project practice,Positive,4,14,2,11
ECOSIP-1052,Synthetic Campaign 52,Gaming,Gaming Hardware,United States,Our campaign introduces an innovative sustainable solution. We aim to provide practical value to customers while creating a reliable product experience.,102447.0,155803.0,152.08,93,1675.3,45,October,3,499,1683.0,4805.0,1,14,977,22069,4557,452,57410.0,39962,40442,0.23,15,1259,9.87,51.1,0.5,Successful,1,Synthetic - improved for EcoSip project practice,Positive,5,10,4,10
ECOSIP-1053,Synthetic Campaign 53,Sustainability,Green Living,Canada,Our campaign introduces an designed for everyday use. We aim to provide practical value to customers while creating a reliable product experience.,71899.0,88188.0,122.66,34,2593.76,23,October,4,999,2581.0,7317.0,1,7,1074,21976,6625,1196,84904.0,16335,17963,0.19,4,2538,13.8,23.82,-0.2,Failed,0,Synthetic - improved for EcoSip project practice,Negative,6,11,1,10
ECOSIP-1054,Synthetic Campaign 54,Design,Creative,India,Our campaign introduces an designed with customers in mind. We aim to provide practical value to customers while creating a reliable product experience.,115218.0,173719.0,150.77,172,1009.99,26,July,7,299,1010.0,2754.0,0,12,1625,9049,4823,420,99701.0,19757,24428,0.7,12,4513,13.03,29.85,0.0,Successful,1,Synthetic - improved for EcoSip project practice,Neutral,1,5,2,5
ECOSIP-1055,Synthetic Campaign 55,Food,Food Products,India,Our campaign introduces an high quality reusable solution. We aim to provide practical value to customers while creating a reliable product experience.,80369.0,102023.0,126.94,53,1924.96,26,January,7,999,1939.0,4392.0,1,14,1138,19294,4518,2124,45883.0,3846,7574,0.7,8,3538,10.8,19.58,0.16,Successful,1,Synthetic - improved for EcoSip project practice,Positive,4,9,2,4
ECOSIP-1056,Synthetic Campaign 56,Design,Industrial Design,United Kingdom,Our campaign introduces an product focused campaign. We aim to provide practical value to customers while creating a reliable product experience.,23637.0,35798.0,151.45,41,873.12,37,July,3,299,882.0,2297.0,1,10,2293,24618,5242,3070,35428.0,31307,32255,0.13,10,907,22.42,58.25,0.0,Successful,1,Synthetic - improved for EcoSip project practice,Neutral,1,13,3,5
ECOSIP-1057,Synthetic Campaign 57,Fashion,Sustainable Fashion,Australia,Our campaign introduces an eco friendly product. We aim to provide practical value to customers while creating a reliable product experience.,183851.0,240987.0,131.08,59,4084.53,22,October,4,1499,4099.0,9302.0,1,11,1591,25780,3370,2253,91132.0,30918,35145,0.17,10,720,10.11,51.6,0.375,Failed,0,Synthetic - improved for EcoSip project practice,Positive,3,21,0,10
ECOSIP-1058,Synthetic Campaign 58,Technology,Software,Canada,Our campaign introduces an high quality reusable solution. We aim to provide practical value to customers while creating a reliable product experience.,48092.0,60926.0,126.69,14,4351.86,20,May,5,1499,4465.0,12522.0,1,6,1546,5770,4748,2465,23168.0,11840,13867,0.1,5,3705,9.31,25.16,0.16,Successful,1,Synthetic - improved for EcoSip project practice,Positive,7,20,1,8
ECOSIP-1059,Synthetic Campaign 59,Sustainability,Eco Products,United States,Our campaign introduces an product focused campaign. We aim to provide practical value to customers while creating a reliable product experience.,18478.0,26243.0,142.02,7,3749.0,43,June,3,1999,3857.0,8116.0,1,9,366,24199,4361,4720,63466.0,33512,35777,0.02,0,2696,9.69,52.81,0.0,Successful,1,Synthetic - improved for EcoSip project practice,Neutral,6,6,4,6
ECOSIP-1060,Synthetic Campaign 60,Education,Learning,Canada,Our campaign introduces an high quality reusable solution. We aim to provide practical value to customers while creating a reliable product experience.,51018.0,69365.0,135.96,25,2774.6,44,October,3,999,2827.0,8355.0,1,4,1367,6667,3723,2855,43543.0,35893,40279,0.06,5,4522,18.68,38.08,0.16,Failed,0,Synthetic - improved for EcoSip project practice,Positive,2,15,1,10
ECOSIP-1061,Synthetic Campaign 61,Sustainability,Green Living,United States,Our campaign introduces an designed with customers in mind. We aim to provide practical value to customers while creating a reliable product experience.,289505.0,337843.0,116.7,453,745.79,23,July,7,299,746.0,2162.0,0,8,417,12816,1614,2533,8903.0,37117,39338,1.15,5,425,10.46,25.89,0.0,Failed,0,Synthetic - improved for EcoSip project practice,Neutral,6,11,4,5
ECOSIP-1062,Synthetic Campaign 62,Food,Beverages,Australia,Our campaign introduces an eco friendly product. We aim to provide practical value to customers while creating a reliable product experience.,161207.0,200831.0,124.58,45,4462.91,25,May,3,1499,4475.0,11691.0,0,10,1988,19943,1890,1793,37992.0,10097,14915,0.3,12,1481,12.71,41.91,0.375,Failed,0,Synthetic - improved for EcoSip project practice,Positive,4,2,0,8
ECOSIP-1063,Synthetic Campaign 63,Education,Learning,United States,Our campaign introduces an designed for everyday use. We aim to provide practical value to customers while creating a reliable product experience.,54801.0,75175.0,137.18,70,1073.93,28,July,3,499,1075.0,2063.0,1,14,1614,6217,6108,1116,30197.0,26057,29075,0.24,5,4190,7.09,27.92,-0.2,Failed,0,Synthetic - improved for EcoSip project practice,Negative,2,15,4,5
ECOSIP-1064,Synthetic Campaign 64,Technology,Smart Devices,United Kingdom,Our campaign introduces an designed for everyday convenience. We aim to provide practical value to customers while creating a reliable product experience.,54771.0,80008.0,146.08,16,5000.5,41,September,3,1499,4917.0,8347.0,0,9,944,20476,7181,948,70179.0,8237,13018,0.12,7,4272,13.86,55.08,-0.2,Successful,1,Synthetic - improved for EcoSip project practice,Negative,7,19,3,11
ECOSIP-1065,Synthetic Campaign 65,Food,Beverages,United Kingdom,Our campaign introduces an product focused campaign. We aim to provide practical value to customers while creating a reliable product experience.,56149.0,81779.0,145.65,98,834.48,33,March,7,499,833.0,2317.0,1,9,1174,7937,776,1971,95135.0,47292,47864,0.2,14,2441,9.17,23.93,0.0,Successful,1,Synthetic - improved for EcoSip project practice,Neutral,4,2,3,7
ECOSIP-1066,Synthetic Campaign 66,Consumer Products,Lifestyle,United Kingdom,Our campaign introduces an innovative sustainable solution. We aim to provide practical value to customers while creating a reliable product experience.,486171.0,667551.0,137.31,717,931.03,31,August,5,299,931.0,1627.0,0,10,401,16687,9486,1993,30464.0,45268,47155,1.52,5,2525,16.16,60.11,0.5,Failed,0,Synthetic - improved for EcoSip project practice,Positive,0,16,3,1
ECOSIP-1067,Synthetic Campaign 67,Design,Creative,United Kingdom,Our campaign introduces an new product development. We aim to provide practical value to customers while creating a reliable product experience.,105766.0,140621.0,132.95,29,4849.0,44,February,5,1499,4831.0,13437.0,1,9,835,14631,6747,1574,82089.0,41601,41814,0.07,4,1105,17.27,22.81,0.13636363636363635,Successful,1,Synthetic - improved for EcoSip project practice,Positive,1,5,3,3
ECOSIP-1068,Synthetic Campaign 68,Technology,Software,Canada,Our campaign introduces an designed for everyday use. We aim to provide practical value to customers while creating a reliable product experience.,110446.0,173237.0,156.85,37,4682.08,39,November,3,1499,4699.0,10508.0,1,7,1162,19259,9307,2798,10259.0,17776,19212,0.19,14,819,18.16,50.79,-0.2,Failed,0,Synthetic - improved for EcoSip project practice,Negative,7,20,1,9
ECOSIP-1069,Synthetic Campaign 69,Design,Creative,Australia,Our campaign introduces an innovative sustainable solution. We aim to provide practical value to customers while creating a reliable product experience.,189567.0,232733.0,122.77,308,755.63,43,July,7,299,755.0,1593.0,0,9,1827,27008,332,4441,56121.0,7810,8248,3.73,10,3054,14.44,51.64,0.5,Failed,0,Synthetic - improved for EcoSip project practice,Positive,1,5,0,5
ECOSIP-1070,Synthetic Campaign 70,Gaming,Board Games,United States,Our campaign introduces an early stage product. We aim to provide practical value to customers while creating a reliable product experience.,92981.0,115447.0,124.16,32,3607.72,44,February,5,1499,3563.0,10172.0,1,15,745,18476,1131,1014,11702.0,35667,38052,0.08,1,1002,11.36,19.07,0.1,Failed,0,Synthetic - improved for EcoSip project practice,Positive,5,3,4,3
ECOSIP-1071,Synthetic Campaign 71,Consumer Products,Home,United States,Our campaign introduces an eco friendly product. We aim to provide practical value to customers while creating a reliable product experience.,59403.0,83688.0,140.88,48,1743.5,23,April,5,499,1743.0,4193.0,0,12,2398,18727,3935,632,93733.0,37908,39204,0.12,3,1291,16.27,42.2,0.375,Successful,1,Synthetic - improved for EcoSip project practice,Positive,0,12,4,0
ECOSIP-1072,Synthetic Campaign 72,Consumer Products,Home,United Kingdom,Our campaign introduces an new product development. We aim to provide practical value to customers while creating a reliable product experience.,62851.0,82522.0,131.3,28,2947.21,40,July,5,1499,2936.0,6943.0,1,5,806,8598,2931,2613,77803.0,19844,20022,0.14,13,4380,10.6,33.48,0.13636363636363635,Failed,0,Synthetic - improved for EcoSip project practice,Positive,0,12,3,5
ECOSIP-1073,Synthetic Campaign 73,Technology,Smart Devices,United Kingdom,Our campaign introduces an smart technology for modern consumers. We aim to provide practical value to customers while creating a reliable product experience.,70319.0,95710.0,136.11,37,2586.76,43,March,7,999,2591.0,6058.0,1,7,1355,18171,3020,615,67505.0,10891,15550,0.24,15,1783,14.72,44.11,0.20714285714285713,Successful,1,Synthetic - improved for EcoSip project practice,Positive,7,19,3,7
ECOSIP-1074,Synthetic Campaign 74,Consumer Products,Personal Care,India,Our campaign introduces an designed with customers in mind. We aim to provide practical value to customers while creating a reliable product experience.,72529.0,116316.0,160.37,20,5815.8,31,February,7,1999,5680.0,11682.0,1,9,1802,4209,9394,861,83270.0,11392,14144,0.14,14,3571,9.8,34.9,0.0,Successful,1,Synthetic - improved for EcoSip project practice,Neutral,0,17,2,3
ECOSIP-1075,Synthetic Campaign 75,Education,Learning,Australia,Our campaign introduces an high quality reusable solution. We aim to provide practical value to customers while creating a reliable product experience.,144366.0,189482.0,131.25,131,1446.43,29,November,3,499,1448.0,3878.0,1,11,2370,18344,7035,4459,66514.0,11697,16454,0.8,9,3826,5.04,22.24,0.16,Successful,1,Synthetic - improved for EcoSip project practice,Positive,2,15,0,9
ECOSIP-1076,Synthetic Campaign 76,Consumer Products,Home,Canada,Our campaign introduces an eco friendly product. We aim to provide practical value to customers while creating a reliable product experience.,78590.0,103179.0,131.29,54,1910.72,41,October,6,999,1906.0,3582.0,1,4,406,26637,997,878,97050.0,13550,18030,0.3,4,1766,10.45,44.35,0.375,Failed,0,Synthetic - improved for EcoSip project practice,Positive,0,12,1,10
ECOSIP-1077,Synthetic Campaign 77,Design,Industrial Design,United States,Our campaign introduces an product focused campaign. We aim to provide practical value to customers while creating a reliable product experience.,145019.0,181776.0,125.35,216,841.56,26,July,5,299,840.0,2443.0,0,6,984,21660,4810,464,72826.0,36642,41060,0.53,9,2383,10.71,34.48,0.0,Successful,1,Synthetic - improved for EcoSip project practice,Neutral,1,13,4,5
ECOSIP-1078,Synthetic Campaign 78,Design,Creative,India,Our campaign introduces an designed with customers in mind. We aim to provide practical value to customers while creating a reliable product experience.,69745.0,97471.0,139.75,62,1572.11,22,January,6,499,1565.0,4446.0,1,14,2429,17206,9959,1808,92843.0,46179,48919,0.13,3,2586,8.49,47.06,0.0,Successful,1,Synthetic - improved for EcoSip project practice,Neutral,1,5,2,4
ECOSIP-1079,Synthetic Campaign 79,Food,Kitchen,India,Our campaign introduces an designed for everyday use. We aim to provide practical value to customers while creating a reliable product experience.,80500.0,135069.0,167.79,42,3215.93,42,August,7,1999,3198.0,6416.0,0,9,1677,25455,116,4337,54128.0,42115,43471,0.1,15,901,19.69,35.77,-0.2,Successful,1,Synthetic - improved for EcoSip project practice,Negative,4,14,2,1
ECOSIP-1080,Synthetic Campaign 80,Design,Creative,United States,Our campaign introduces an designed for everyday use. We aim to provide practical value to customers while creating a reliable product experience.,12418.0,18307.0,147.42,3,6102.33,33,March,7,1999,6643.0,17233.0,0,3,808,13621,8878,3474,16121.0,48053,48980,0.01,1,4194,5.72,37.09,-0.2,Successful,1,Synthetic - improved for EcoSip project practice,Negative,1,5,4,7
ECOSIP-1081,Synthetic Campaign 81,Food,Food Products,Canada,Our campaign introduces an smart technology for modern consumers. We aim to provide practical value to customers while creating a reliable product experience.,171089.0,257909.0,150.75,553,466.38,43,December,7,299,466.0,1100.0,1,15,2404,8820,8555,3972,55177.0,44228,47046,1.18,15,717,8.55,48.01,0.20714285714285713,Successful,1,Synthetic - improved for EcoSip project practice,Positive,4,9,1,2
ECOSIP-1082,Synthetic Campaign 82,Design,Industrial Design,India,Our campaign introduces an designed for everyday convenience. We aim to provide practical value to customers while creating a reliable product experience.,102445.0,120224.0,117.35,182,660.57,29,December,6,299,661.0,1326.0,0,4,404,4993,614,4707,17053.0,14035,16945,1.07,6,2407,14.06,38.48,-0.2,Failed,0,Synthetic - improved for EcoSip project practice,Negative,1,13,2,2
ECOSIP-1083,Synthetic Campaign 83,Education,Learning,India,Our campaign introduces an eco friendly product. We aim to provide practical value to customers while creating a reliable product experience.,184140.0,224840.0,122.1,294,764.76,35,February,7,499,764.0,2279.0,0,11,1246,16827,9843,1050,61287.0,41502,44987,0.65,9,4492,10.07,31.95,0.375,Failed,0,Synthetic - improved for EcoSip project practice,Positive,2,15,2,3
ECOSIP-1084,Synthetic Campaign 84,Fashion,Accessories,Australia,Our campaign introduces an designed for everyday use. We aim to provide practical value to customers while creating a reliable product experience.,10000.0,17338.0,173.38,7,2476.86,35,March,3,1499,2480.0,3814.0,0,15,780,28462,9067,1315,50837.0,43771,45836,0.02,15,2144,19.88,40.57,-0.2,Successful,1,Synthetic - improved for EcoSip project practice,Negative,3,0,0,7
ECOSIP-1085,Synthetic Campaign 85,Food,Kitchen,Canada,Our campaign introduces an new product development. We aim to provide practical value to customers while creating a reliable product experience.,491285.0,645277.0,131.34,650,992.73,41,May,7,299,993.0,1866.0,0,12,2221,28358,3720,2083,64145.0,5622,8149,7.98,9,2364,12.88,30.49,0.13636363636363635,Failed,0,Synthetic - improved for EcoSip project practice,Positive,4,14,1,8
ECOSIP-1086,Synthetic Campaign 86,Sustainability,Eco Products,India,Our campaign introduces an product focused campaign. We aim to provide practical value to customers while creating a reliable product experience.,66146.0,87378.0,132.1,26,3360.69,29,November,4,1499,3312.0,7552.0,0,9,978,21882,9267,1467,5954.0,10352,13293,0.2,1,4545,19.03,26.74,0.0,Failed,0,Synthetic - improved for EcoSip project practice,Neutral,6,6,2,9
ECOSIP-1087,Synthetic Campaign 87,Gaming,Gaming Hardware,Canada,Our campaign introduces an consumer lifestyle product. We aim to provide practical value to customers while creating a reliable product experience.,203335.0,292442.0,143.82,125,2339.54,44,August,6,999,2347.0,5358.0,1,14,1427,8500,2301,2065,23510.0,5887,6600,1.89,0,986,14.63,35.61,0.0,Successful,1,Synthetic - improved for EcoSip project practice,Neutral,5,10,1,1
ECOSIP-1088,Synthetic Campaign 88,Technology,Electronics,United States,Our campaign introduces an product focused campaign. We aim to provide practical value to customers while creating a reliable product experience.,29417.0,41868.0,142.33,11,3806.18,32,October,4,1999,3859.0,9198.0,1,12,403,21220,854,4639,51676.0,32259,32921,0.03,13,744,4.52,29.87,0.0,Successful,1,Synthetic - improved for EcoSip project practice,Neutral,7,8,4,10
ECOSIP-1089,Synthetic Campaign 89,Design,Industrial Design,United Kingdom,Our campaign introduces an high quality reusable solution. We aim to provide practical value to customers while creating a reliable product experience.,130189.0,177884.0,136.64,44,4042.82,25,July,7,1499,4039.0,10613.0,0,9,341,19890,4681,2870,95298.0,40899,45825,0.1,4,2478,9.89,46.48,0.16,Successful,1,Synthetic - improved for EcoSip project practice,Positive,1,13,3,5
ECOSIP-1090,Synthetic Campaign 90,Consumer Products,Personal Care,India,Our campaign introduces an new product development. We aim to provide practical value to customers while creating a reliable product experience.,29061.0,38321.0,131.86,7,5474.43,31,July,3,1999,5377.0,13094.0,1,8,1753,25987,9633,3844,41443.0,40494,44946,0.02,11,2550,6.22,42.29,0.13636363636363635,Failed,0,Synthetic - improved for EcoSip project practice,Positive,0,17,2,5
ECOSIP-1091,Synthetic Campaign 91,Fashion,Accessories,Australia,Our campaign introduces an designed for everyday convenience. We aim to provide practical value to customers while creating a reliable product experience.,42781.0,77733.0,181.7,23,3379.7,28,December,5,1499,3364.0,8075.0,1,5,1966,26975,1285,2088,45315.0,38376,38660,0.06,12,642,25.61,48.11,-0.2,Successful,1,Synthetic - improved for EcoSip project practice,Negative,3,0,0,2
ECOSIP-1092,Synthetic Campaign 92,Design,Product Design,United States,Our campaign introduces an designed with customers in mind. We aim to provide practical value to customers while creating a reliable product experience.,419942.0,625116.0,148.86,289,2163.03,32,July,7,999,2164.0,3420.0,1,12,2266,28012,6770,3781,72896.0,35378,37670,0.77,0,4278,6.32,36.88,0.0,Successful,1,Synthetic - improved for EcoSip project practice,Neutral,1,18,4,5
ECOSIP-1093,Synthetic Campaign 93,Consumer Products,Lifestyle,Canada,Our campaign introduces an eco friendly product. We aim to provide practical value to customers while creating a reliable product experience.,63173.0,72939.0,115.46,75,972.52,23,August,3,299,978.0,2019.0,0,5,1036,14706,6956,2295,62360.0,34225,38390,0.2,0,4109,8.84,25.55,0.375,Failed,0,Synthetic - improved for EcoSip project practice,Positive,0,16,1,1
ECOSIP-1094,Synthetic Campaign 94,Gaming,Board Games,United States,Our campaign introduces an innovative sustainable solution. We aim to provide practical value to customers while creating a reliable product experience.,91211.0,127214.0,139.47,56,2271.68,43,January,6,999,2264.0,4184.0,1,4,522,10239,6066,1828,33398.0,7646,7991,0.7,14,2911,7.97,43.32,0.5,Failed,0,Synthetic - improved for EcoSip project practice,Positive,5,3,4,4
ECOSIP-1095,Synthetic Campaign 95,Gaming,Video Games,India,Our campaign introduces an designed for everyday convenience. We aim to provide practical value to customers while creating a reliable product experience.,164112.0,222354.0,135.49,299,743.66,30,April,4,299,744.0,1412.0,0,13,2277,17403,3599,1331,44028.0,1060,5246,5.7,0,1673,17.83,57.67,-0.2,Failed,0,Synthetic - improved for EcoSip project practice,Negative,5,23,2,0
ECOSIP-1096,Synthetic Campaign 96,Gaming,Gaming Hardware,Canada,Our campaign introduces an product focused campaign. We aim to provide practical value to customers while creating a reliable product experience.,117167.0,138284.0,118.02,224,617.34,39,June,4,299,618.0,1441.0,1,8,426,22303,7988,4075,25681.0,1812,4146,5.4,5,2025,7.91,41.98,0.0,Failed,0,Synthetic - improved for EcoSip project practice,Neutral,5,10,1,6
ECOSIP-1097,Synthetic Campaign 97,Consumer Products,Personal Care,United Kingdom,Our campaign introduces an designed with customers in mind. We aim to provide practical value to customers while creating a reliable product experience.,85873.0,109886.0,127.96,18,6104.78,37,September,4,1999,6144.0,11055.0,1,6,892,2144,4191,2471,96772.0,18705,19670,0.09,8,3191,19.07,47.77,0.0,Failed,0,Synthetic - improved for EcoSip project practice,Neutral,0,17,3,11
ECOSIP-1098,Synthetic Campaign 98,Design,Product Design,United States,Our campaign introduces an product focused campaign. We aim to provide practical value to customers while creating a reliable product experience.,104163.0,165523.0,158.91,72,2298.93,45,February,6,999,2293.0,4451.0,1,7,2148,16902,7016,1109,17410.0,12095,14282,0.5,9,4073,5.5,63.61,0.0,Successful,1,Synthetic - improved for EcoSip project practice,Neutral,1,18,4,3
ECOSIP-1099,Synthetic Campaign 99,Gaming,Board Games,India,Our campaign introduces an eco friendly product. We aim to provide practical value to customers while creating a reliable product experience.,500000.0,675647.0,135.13,178,3795.77,30,January,3,1499,3788.0,7029.0,1,5,816,18233,9596,1692,40324.0,22530,23230,0.77,12,2640,6.13,34.52,0.375,Failed,0,Synthetic - improved for EcoSip project practice,Positive,5,3,2,4
ECOSIP-1100,Synthetic Campaign 100,Education,EdTech,Australia,Our campaign introduces an innovative sustainable solution. We aim to provide practical value to customers while creating a reliable product experience.,71210.0,108835.0,152.84,54,2015.46,44,October,6,999,2005.0,5860.0,1,8,915,27518,5385,3695,7455.0,21829,24962,0.22,10,3882,8.71,25.81,0.5,Successful,1,Synthetic - improved for EcoSip project practice,Positive,2,7,0,10
ECOSIP-1101,Synthetic Campaign 101,Food,Beverages,Canada,Our campaign introduces an innovative sustainable solution. We aim to provide practical value to customers while creating a reliable product experience.,89880.0,114045.0,126.89,16,7127.81,40,December,4,1999,6947.0,20264.0,0,13,1581,23862,5127,4552,26069.0,38642,40798,0.04,11,1064,16.16,42.73,0.5,Successful,1,Synthetic - improved for EcoSip project practice,Positive,4,2,1,2
ECOSIP-1102,Synthetic Campaign 102,Consumer Products,Lifestyle,United States,Our campaign introduces an testing is still underway. We aim to provide practical value to customers while creating a reliable product experience.,193075.0,297331.0,154.0,477,623.34,23,February,7,299,623.0,1504.0,0,14,2048,17583,5661,4944,79145.0,3151,5382,8.86,0,390,20.85,31.82,0.0,Successful,1,Synthetic - improved for EcoSip project practice,Neutral,0,16,4,3
ECOSIP-1103,Synthetic Campaign 103,Consumer Products,Home,United States,Our campaign introduces an new product development. We aim to provide practical value to customers while creating a reliable product experience.,202849.0,261208.0,128.77,43,6074.6,37,July,5,1999,6080.0,17552.0,1,5,1319,3492,8139,4374,24112.0,10506,11138,0.39,4,3092,4.97,41.3,0.13636363636363635,Failed,0,Synthetic - improved for EcoSip project practice,Positive,0,12,4,5
ECOSIP-1104,Synthetic Campaign 104,Design,Creative,United Kingdom,Our campaign introduces an eco friendly product. We aim to provide practical value to customers while creating a reliable product experience.,218288.0,210296.0,96.34,179,1174.84,20,March,6,499,1175.0,3147.0,1,10,657,19256,2942,2023,12606.0,43201,45343,0.39,14,2401,3.27,35.82,0.375,Failed,0,Synthetic - improved for EcoSip project practice,Positive,1,5,3,7
ECOSIP-1105,Synthetic Campaign 105,Consumer Products,Lifestyle,United Kingdom,Our campaign introduces an designed for everyday use. We aim to provide practical value to customers while creating a reliable product experience.,133266.0,155469.0,116.66,163,953.8,26,October,6,499,954.0,2275.0,0,11,1462,10772,5627,4218,50073.0,49440,49897,0.33,8,1602,13.92,44.92,-0.2,Failed,0,Synthetic - improved for EcoSip project practice,Negative,0,16,3,10
ECOSIP-1106,Synthetic Campaign 106,Consumer Products,Lifestyle,Australia,Our campaign introduces an product focused campaign. We aim to provide practical value to customers while creating a reliable product experience.,26810.0,35063.0,130.78,8,4382.88,25,February,3,1499,4646.0,7014.0,0,6,2103,14544,3668,4884,5947.0,36145,36622,0.02,13,4271,6.02,31.46,0.0,Failed,0,Synthetic - improved for EcoSip project practice,Neutral,0,16,0,3
ECOSIP-1107,Synthetic Campaign 107,Gaming,Video Games,Australia,Our campaign introduces an eco friendly product. We aim to provide practical value to customers while creating a reliable product experience.,326221.0,404692.0,124.05,93,4351.53,34,November,3,1999,4332.0,11518.0,1,11,1402,6884,1609,1144,13053.0,22466,24785,0.38,8,2757,5.7,37.68,0.375,Failed,0,Synthetic - improved for EcoSip project practice,Positive,5,23,0,9
ECOSIP-1108,Synthetic Campaign 108,Design,Product Design,India,Our campaign introduces an testing is still underway. We aim to provide practical value to customers while creating a reliable product experience.,26730.0,36990.0,138.38,8,4623.75,37,July,6,1499,4842.0,12365.0,1,14,1391,18029,6733,1241,81724.0,28346,32934,0.02,0,2399,4.52,46.54,0.0,Successful,1,Synthetic - improved for EcoSip project practice,Neutral,1,18,2,5
ECOSIP-1109,Synthetic Campaign 109,Gaming,Board Games,India,Our campaign introduces an early stage product. We aim to provide practical value to customers while creating a reliable product experience.,98481.0,160313.0,162.79,32,5009.78,43,February,4,1499,4992.0,12095.0,1,9,393,1170,1557,2880,78290.0,22274,27171,0.12,15,3563,5.86,64.44,0.1,Failed,0,Synthetic - improved for EcoSip project practice,Positive,5,3,2,3
ECOSIP-1110,Synthetic Campaign 110,Food,Food Products,Australia,Our campaign introduces an innovative sustainable solution. We aim to provide practical value to customers while creating a reliable product experience.,38040.0,53096.0,139.58,33,1608.97,30,March,5,499,1607.0,4244.0,0,5,736,23006,2113,2293,91938.0,4583,7990,0.41,7,3037,8.6,52.82,0.5,Failed,0,Synthetic - improved for EcoSip project practice,Positive,4,9,0,7
ECOSIP-1111,Synthetic Campaign 111,Fashion,Apparel,Australia,Our campaign introduces an consumer lifestyle product. We aim to provide practical value to customers while creating a reliable product experience.,70793.0,65552.0,92.6,28,2341.14,39,November,3,1499,2353.0,5340.0,1,9,1109,1950,3692,3010,86179.0,34013,36709,0.08,0,1217,3.5,41.34,0.0,Failed,0,Synthetic - improved for EcoSip project practice,Neutral,3,1,0,9
ECOSIP-1112,Synthetic Campaign 112,Food,Food Products,Canada,Our campaign introduces an designed for everyday use. We aim to provide practical value to customers while creating a reliable product experience.,100824.0,122280.0,121.28,80,1528.5,43,July,4,499,1534.0,3921.0,1,3,2185,29891,2050,2530,69902.0,9249,10132,0.79,14,3863,9.01,18.49,-0.2,Failed,0,Synthetic - improved for EcoSip project practice,Negative,4,9,1,5
ECOSIP-1113,Synthetic Campaign 113,Fashion,Sustainable Fashion,United Kingdom,Our campaign introduces an innovative sustainable solution. We aim to provide practical value to customers while creating a reliable product experience.,100154.0,120442.0,120.26,174,692.2,34,April,7,299,694.0,2015.0,1,5,397,21537,1344,256,9972.0,31283,33762,0.52,7,554,15.63,33.82,0.5,Failed,0,Synthetic - improved for EcoSip project practice,Positive,3,21,3,0
ECOSIP-1114,Synthetic Campaign 114,Gaming,Gaming Hardware,India,Our campaign introduces an new product development. We aim to provide practical value to customers while creating a reliable product experience.,109642.0,127137.0,115.96,20,6356.85,35,January,3,1999,6492.0,13398.0,0,8,1609,12490,4115,1164,79371.0,17825,21528,0.09,0,3091,8.02,26.3,0.13636363636363635,Failed,0,Synthetic - improved for EcoSip project practice,Positive,5,10,2,4
ECOSIP-1115,Synthetic Campaign 115,Food,Food Products,United Kingdom,Our campaign introduces an innovative sustainable solution. We aim to provide practical value to customers while creating a reliable product experience.,320483.0,469003.0,146.34,113,4150.47,26,May,4,1499,4161.0,10661.0,1,6,1607,3039,8064,3273,85324.0,19180,20262,0.56,11,3673,17.17,27.21,0.5,Successful,1,Synthetic - improved for EcoSip project practice,Positive,4,9,3,8
ECOSIP-1116,Synthetic Campaign 116,Design,Industrial Design,United Kingdom,Our campaign introduces an designed for everyday convenience. We aim to provide practical value to customers while creating a reliable product experience.,112806.0,136895.0,121.35,87,1573.51,40,December,4,499,1580.0,3497.0,1,9,339,29941,9995,3802,80913.0,17823,21865,0.4,4,2249,5.01,51.39,-0.2,Successful,1,Synthetic - improved for EcoSip project practice,Negative,1,13,3,2
ECOSIP-1117,Synthetic Campaign 117,Technology,Smart Devices,Australia,Our campaign introduces an designed for everyday use. We aim to provide practical value to customers while creating a reliable product experience.,60205.0,94613.0,157.15,38,2489.82,29,September,5,999,2496.0,6269.0,1,5,1607,10195,1653,786,53306.0,23184,25874,0.15,7,2377,17.15,70.62,-0.2,Successful,1,Synthetic - improved for EcoSip project practice,Negative,7,19,0,11
ECOSIP-1118,Synthetic Campaign 118,Gaming,Gaming Hardware,Canada,Our campaign introduces an high quality reusable solution. We aim to provide practical value to customers while creating a reliable product experience.,178603.0,259559.0,145.33,67,3874.01,45,August,5,1499,3853.0,10189.0,1,3,448,16401,1372,2701,27126.0,34993,36135,0.19,15,3783,9.88,29.67,0.16,Failed,0,Synthetic - improved for EcoSip project practice,Positive,5,10,1,1
ECOSIP-1119,Synthetic Campaign 119,Fashion,Sustainable Fashion,United States,Our campaign introduces an testing is still underway. We aim to provide practical value to customers while creating a reliable product experience.,218768.0,380244.0,173.81,711,534.8,31,December,7,299,535.0,839.0,1,11,787,7294,6006,2685,85306.0,12713,15351,4.63,5,2637,20.85,28.08,0.0,Successful,1,Synthetic - improved for EcoSip project practice,Neutral,3,21,4,2
ECOSIP-1120,Synthetic Campaign 120,Education,Learning,Canada,Our campaign introduces an innovative sustainable solution. We aim to provide practical value to customers while creating a reliable product experience.,24845.0,27139.0,109.23,30,904.63,43,September,4,299,917.0,2265.0,0,8,550,5951,2491,1779,74080.0,32331,33292,0.09,8,3941,5.06,25.4,0.5,Failed,0,Synthetic - improved for EcoSip project practice,Positive,2,15,1,11
ECOSIP-1121,Synthetic Campaign 121,Fashion,Sustainable Fashion,Canada,Our campaign introduces an new product development. We aim to provide practical value to customers while creating a reliable product experience.,128400.0,162172.0,126.3,69,2350.32,33,October,4,999,2336.0,4299.0,0,10,973,23157,1148,3511,98172.0,42796,44772,0.15,0,2484,17.4,50.58,0.13636363636363635,Successful,1,Synthetic - improved for EcoSip project practice,Positive,3,21,1,10
ECOSIP-1122,Synthetic Campaign 122,Education,EdTech,United Kingdom,Our campaign introduces an consumer lifestyle product. We aim to provide practical value to customers while creating a reliable product experience.,140970.0,187239.0,132.82,150,1248.26,44,September,5,499,1248.0,3126.0,0,5,1848,16478,5123,2835,19791.0,47430,49365,0.3,8,3140,7.85,31.63,0.0,Failed,0,Synthetic - improved for EcoSip project practice,Neutral,2,7,3,11
ECOSIP-1123,Synthetic Campaign 123,Consumer Products,Lifestyle,Canada,Our campaign introduces an designed with customers in mind. We aim to provide practical value to customers while creating a reliable product experience.,57379.0,81706.0,142.4,18,4539.22,24,July,3,1499,4602.0,10136.0,0,10,1709,778,9747,3533,26438.0,28213,32521,0.06,0,3517,10.31,23.79,0.0,Failed,0,Synthetic - improved for EcoSip project practice,Neutral,0,16,1,5
ECOSIP-1124,Synthetic Campaign 124,Food,Food Products,India,Our campaign introduces an eco friendly product. We aim to provide practical value to customers while creating a reliable product experience.,258688.0,379978.0,146.89,282,1347.44,45,April,3,499,1346.0,3581.0,1,4,317,1088,9368,515,25121.0,42121,45747,0.62,15,106,21.16,24.35,0.375,Failed,0,Synthetic - improved for EcoSip project practice,Positive,4,9,2,0
ECOSIP-1125,Synthetic Campaign 125,Education,EdTech,United Kingdom,Our campaign introduces an high quality reusable solution. We aim to provide practical value to customers while creating a reliable product experience.,65525.0,101588.0,155.04,179,567.53,40,May,6,299,569.0,959.0,0,14,1787,29877,8538,3200,80291.0,7687,9472,1.89,9,3868,15.41,43.14,0.16,Successful,1,Synthetic - improved for EcoSip project practice,Positive,2,7,3,8
ECOSIP-1126,Synthetic Campaign 126,Fashion,Accessories,India,Our campaign introduces an designed with customers in mind. We aim to provide practical value to customers while creating a reliable product experience.,83974.0,126338.0,150.45,94,1344.02,37,January,5,499,1338.0,3264.0,1,6,647,27151,3837,3950,22756.0,33300,36801,0.26,9,2718,11.12,64.63,0.0,Failed,0,Synthetic - improved for EcoSip project practice,Neutral,3,0,2,4
ECOSIP-1127,Synthetic Campaign 127,Consumer Products,Home,United States,Our campaign introduces an designed for everyday use. We aim to provide practical value to customers while creating a reliable product experience.,64182.0,95210.0,148.34,138,689.93,24,January,6,299,692.0,1327.0,1,5,869,26283,2146,2092,11333.0,33083,34805,0.4,2,3346,21.35,34.98,-0.2,Successful,1,Synthetic - improved for EcoSip project practice,Negative,0,12,4,4
ECOSIP-1128,Synthetic Campaign 128,Technology,Electronics,United Kingdom,Our campaign introduces an high quality reusable solution. We aim to provide practical value to customers while creating a reliable product experience.,76059.0,110741.0,145.6,91,1216.93,22,March,5,499,1217.0,3383.0,0,12,1834,27545,2258,357,99863.0,48161,50918,0.18,0,466,10.12,40.5,0.16,Successful,1,Synthetic - improved for EcoSip project practice,Positive,7,8,3,7
ECOSIP-1129,Synthetic Campaign 129,Design,Product Design,United States,Our campaign introduces an development challenges remain. We aim to provide practical value to customers while creating a reliable product experience.,27962.0,33125.0,118.46,21,1577.38,42,August,7,999,1555.0,4498.0,1,3,1413,1602,6038,3969,7358.0,14908,16940,0.12,2,4378,4.9,21.39,0.0,Failed,0,Synthetic - improved for EcoSip project practice,Neutral,1,18,4,1
ECOSIP-1130,Synthetic Campaign 130,Design,Industrial Design,United Kingdom,Our campaign introduces an designed with customers in mind. We aim to provide practical value to customers while creating a reliable product experience.,20521.0,28418.0,138.48,7,4059.71,45,February,4,1999,3838.0,11493.0,1,15,979,18273,225,3128,84348.0,22869,23476,0.03,11,2997,20.72,41.28,0.0,Successful,1,Synthetic - improved for EcoSip project practice,Neutral,1,13,3,3
ECOSIP-1131,Synthetic Campaign 131,Design,Industrial Design,Australia,Our campaign introduces an eco friendly product. We aim to provide practical value to customers while creating a reliable product experience.,314991.0,429932.0,136.49,209,2057.09,24,April,7,999,2060.0,5550.0,1,15,805,21765,7219,1837,39710.0,48428,53089,0.39,10,4098,8.48,49.0,0.375,Successful,1,Synthetic - improved for EcoSip project practice,Positive,1,13,0,0
ECOSIP-1132,Synthetic Campaign 132,Education,Learning,Canada,Our campaign introduces an designed for everyday use. We aim to provide practical value to customers while creating a reliable product experience.,34996.0,37889.0,108.27,13,2914.54,43,February,5,999,2923.0,7689.0,1,9,2202,16298,6064,156,84953.0,3914,7492,0.17,12,3894,14.31,25.05,-0.2,Failed,0,Synthetic - improved for EcoSip project practice,Negative,2,15,1,3
ECOSIP-1133,Synthetic Campaign 133,Technology,Smart Devices,Australia,Our campaign introduces an new product development. We aim to provide practical value to customers while creating a reliable product experience.,30730.0,41236.0,134.19,14,2945.43,36,May,4,1999,3044.0,5550.0,1,13,2001,21511,1717,2575,57689.0,20010,22766,0.06,1,1041,6.69,32.07,0.13636363636363635,Failed,0,Synthetic - improved for EcoSip project practice,Positive,7,19,0,8
ECOSIP-1134,Synthetic Campaign 134,Education,Learning,United States,Our campaign introduces an eco friendly product. We aim to provide practical value to customers while creating a reliable product experience.,10799.0,14646.0,135.62,3,4882.0,38,September,3,1999,4633.0,9285.0,0,12,1245,17909,8917,4435,90655.0,12620,13841,0.02,1,217,15.97,54.6,0.375,Successful,1,Synthetic - improved for EcoSip project practice,Positive,2,15,4,11
ECOSIP-1135,Synthetic Campaign 135,Food,Beverages,Canada,Our campaign introduces an development challenges remain. We aim to provide practical value to customers while creating a reliable product experience.,42200.0,61153.0,144.91,12,5096.08,38,January,3,1499,5019.0,11034.0,0,4,2209,15967,1873,935,92988.0,34811,35200,0.03,8,1947,13.47,22.19,0.0,Failed,0,Synthetic - improved for EcoSip project practice,Neutral,4,2,1,4
ECOSIP-1136,Synthetic Campaign 136,Education,EdTech,United Kingdom,Our campaign introduces an designed for everyday convenience. We aim to provide practical value to customers while creating a reliable product experience.,22799.0,34730.0,152.33,13,2671.54,44,May,6,1499,2584.0,6874.0,1,6,1851,29833,5197,3558,5864.0,33539,36468,0.04,7,1156,22.5,51.94,-0.2,Successful,1,Synthetic - improved for EcoSip project practice,Negative,2,7,3,8
ECOSIP-1137,Synthetic Campaign 137,Technology,Electronics,Canada,Our campaign introduces an designed for everyday convenience. We aim to provide practical value to customers while creating a reliable product experience.,328751.0,420484.0,127.9,166,2533.04,40,September,5,999,2530.0,7267.0,1,11,1730,14366,1406,2120,12164.0,5795,8104,2.05,0,4309,12.32,34.3,-0.2,Failed,0,Synthetic - improved for EcoSip project practice,Negative,7,8,1,11
ECOSIP-1138,Synthetic Campaign 138,Technology,Smart Devices,India,Our campaign introduces an designed for everyday use. We aim to provide practical value to customers while creating a reliable product experience.,186107.0,280095.0,150.5,91,3077.97,31,January,5,999,3070.0,5476.0,1,8,2384,6754,3122,2927,28784.0,20960,25872,0.35,11,2574,4.97,36.05,-0.2,Successful,1,Synthetic - improved for EcoSip project practice,Negative,7,19,2,4
ECOSIP-1139,Synthetic Campaign 139,Food,Beverages,Canada,Our campaign introduces an designed with customers in mind. We aim to provide practical value to customers while creating a reliable product experience.,40373.0,45511.0,112.73,45,1011.36,44,September,3,299,1012.0,2918.0,0,10,1352,2540,3309,2934,68585.0,15463,16963,0.27,13,452,11.55,39.15,0.0,Failed,0,Synthetic - improved for EcoSip project practice,Neutral,4,2,1,11
ECOSIP-1140,Synthetic Campaign 140,Technology,Software,India,Our campaign introduces an early stage product. We aim to provide practical value to customers while creating a reliable product experience.,500000.0,599167.0,119.83,669,895.62,28,August,7,299,895.0,2276.0,1,4,1653,10334,6249,2002,89386.0,12080,12746,5.25,3,4794,5.68,47.98,0.1,Failed,0,Synthetic - improved for EcoSip project practice,Positive,7,20,2,1
ECOSIP-1141,Synthetic Campaign 141,Fashion,Apparel,Canada,Our campaign introduces an eco friendly product. We aim to provide practical value to customers while creating a reliable product experience.,181468.0,237337.0,130.79,54,4395.13,20,April,4,1499,4409.0,10653.0,1,9,2427,23340,596,3890,48694.0,22786,24359,0.22,12,842,16.46,41.53,0.375,Successful,1,Synthetic - improved for EcoSip project practice,Positive,3,1,1,0
ECOSIP-1142,Synthetic Campaign 142,Technology,Electronics,India,Our campaign introduces an innovative sustainable solution. We aim to provide practical value to customers while creating a reliable product experience.,55988.0,76186.0,136.08,16,4761.62,37,December,7,1499,4726.0,8506.0,1,8,1549,7467,5281,4548,62662.0,27828,29915,0.05,0,1471,18.07,21.68,0.5,Successful,1,Synthetic - improved for EcoSip project practice,Positive,7,8,2,2
ECOSIP-1143,Synthetic Campaign 143,Design,Industrial Design,United States,Our campaign introduces an designed with customers in mind. We aim to provide practical value to customers while creating a reliable product experience.,10000.0,14514.0,145.14,20,725.7,40,November,7,299,715.0,1132.0,1,15,1972,25954,8015,3587,22907.0,19593,23480,0.09,0,3526,12.75,41.86,0.0,Successful,1,Synthetic - improved for EcoSip project practice,Neutral,1,13,4,9
ECOSIP-1144,Synthetic Campaign 144,Fashion,Accessories,Australia,Our campaign introduces an designed for everyday convenience. We aim to provide practical value to customers while creating a reliable product experience.,500000.0,646429.0,129.29,695,930.11,23,October,3,299,930.0,2188.0,1,11,1148,13590,2133,1018,81472.0,22105,26070,2.67,11,1169,16.03,37.34,-0.2,Failed,0,Synthetic - improved for EcoSip project practice,Negative,3,0,0,10
ECOSIP-1145,Synthetic Campaign 145,Fashion,Accessories,United Kingdom,Our campaign introduces an early stage product. We aim to provide practical value to customers while creating a reliable product experience.,21475.0,27122.0,126.3,36,753.39,29,May,3,499,756.0,1873.0,0,9,1456,2694,2090,2167,96896.0,45865,49225,0.07,11,396,5.99,39.55,0.1,Successful,1,Synthetic - improved for EcoSip project practice,Positive,3,0,3,8
ECOSIP-1146,Synthetic Campaign 146,Food,Food Products,Canada,Our campaign introduces an innovative sustainable solution. We aim to provide practical value to customers while creating a reliable product experience.,17058.0,24105.0,141.31,14,1721.79,44,May,3,499,1671.0,3035.0,1,3,1785,21173,4584,4714,30517.0,45313,48960,0.03,3,2051,12.58,49.64,0.5,Successful,1,Synthetic - improved for EcoSip project practice,Positive,4,9,1,8
ECOSIP-1147,Synthetic Campaign 147,Sustainability,Green Living,Australia,Our campaign introduces an designed with customers in mind. We aim to provide practical value to customers while creating a reliable product experience.,188256.0,234625.0,124.63,329,713.15,26,November,6,299,714.0,1667.0,1,10,327,18920,1802,415,52008.0,46871,50222,0.66,1,2563,9.63,19.42,0.0,Failed,0,Synthetic - improved for EcoSip project practice,Neutral,6,11,0,9
ECOSIP-1148,Synthetic Campaign 148,Sustainability,Clean Technology,United Kingdom,Our campaign introduces an designed for everyday convenience. We aim to provide practical value to customers while creating a reliable product experience.,500000.0,440895.0,88.18,339,1300.58,41,December,7,499,1301.0,3623.0,1,13,1782,5617,9857,3618,13181.0,43205,45021,0.75,2,1728,9.11,26.51,-0.2,Failed,0,Synthetic - improved for EcoSip project practice,Negative,6,4,3,2
ECOSIP-1149,Synthetic Campaign 149,Technology,Software,United Kingdom,Our campaign introduces an consumer lifestyle product. We aim to provide practical value to customers while creating a reliable product experience.,260690.0,434262.0,166.58,108,4020.94,42,June,5,1999,4018.0,11060.0,0,12,487,28479,1899,4530,58118.0,48098,49210,0.22,10,4785,5.89,54.39,0.0,Failed,0,Synthetic - improved for EcoSip project practice,Neutral,7,20,3,6
ECOSIP-1150,Synthetic Campaign 150,Fashion,Accessories,India,Our campaign introduces an innovative sustainable solution. We aim to provide practical value to customers while creating a reliable product experience.,124587.0,149429.0,119.94,33,4528.15,20,July,4,1499,4475.0,12937.0,1,5,1407,26881,2692,958,52764.0,7222,8632,0.38,8,4060,14.42,30.35,0.5,Failed,0,Synthetic - improved for EcoSip project practice,Positive,3,0,2,5
ECOSIP-1151,Synthetic Campaign 151,Sustainability,Clean Technology,United States,Our campaign introduces an designed for everyday use. We aim to provide practical value to customers while creating a reliable product experience.,128094.0,161769.0,126.29,65,2488.75,36,August,6,1499,2478.0,5077.0,1,4,2246,9319,1650,1656,18721.0,41469,46139,0.14,1,3419,4.99,44.27,-0.2,Failed,0,Synthetic - improved for EcoSip project practice,Negative,6,4,4,1
ECOSIP-1152,Synthetic Campaign 152,Sustainability,Green Living,United States,Our campaign introduces an early stage product. We aim to provide practical value to customers while creating a reliable product experience.,161671.0,207170.0,128.14,214,968.08,43,August,5,299,970.0,1918.0,1,14,1465,6410,4452,2744,46996.0,37412,38129,0.56,3,699,13.94,27.99,0.1,Successful,1,Synthetic - improved for EcoSip project practice,Positive,6,11,4,1
ECOSIP-1153,Synthetic Campaign 153,Technology,Smart Devices,Australia,Our campaign introduces an designed for everyday use. We aim to provide practical value to customers while creating a reliable product experience.,148491.0,188738.0,127.1,60,3145.63,21,November,7,999,3153.0,8274.0,1,5,527,3639,3849,2530,36740.0,38874,43710,0.14,0,1179,4.09,31.17,-0.2,Successful,1,Synthetic - improved for EcoSip project practice,Negative,7,19,0,9
ECOSIP-1154,Synthetic Campaign 154,Sustainability,Eco Products,United States,Our campaign introduces an eco friendly product. We aim to provide practical value to customers while creating a reliable product experience.,96598.0,118490.0,122.66,205,578.0,45,February,3,299,578.0,1241.0,0,13,773,29731,668,4656,54574.0,7266,11623,1.76,1,4998,15.92,53.83,0.375,Failed,0,Synthetic - improved for EcoSip project practice,Positive,6,6,4,3
ECOSIP-1155,Synthetic Campaign 155,Education,EdTech,Canada,Our campaign introduces an new product development. We aim to provide practical value to customers while creating a reliable product experience.,82374.0,121211.0,147.15,78,1553.99,30,September,7,499,1556.0,2538.0,1,8,429,14844,1182,1669,60637.0,16428,18510,0.42,4,962,7.5,37.44,0.13636363636363635,Failed,0,Synthetic - improved for EcoSip project practice,Positive,2,7,1,11
ECOSIP-1156,Synthetic Campaign 156,Consumer Products,Personal Care,United States,Our campaign introduces an designed for everyday convenience. We aim to provide practical value to customers while creating a reliable product experience.,70892.0,91829.0,129.53,30,3060.97,28,July,4,999,3070.0,5907.0,0,15,372,19967,5541,3710,5807.0,21774,24102,0.12,13,4889,11.9,32.89,-0.2,Failed,0,Synthetic - improved for EcoSip project practice,Negative,0,17,4,5
ECOSIP-1157,Synthetic Campaign 157,Food,Beverages,Australia,Our campaign introduces an new product development. We aim to provide practical value to customers while creating a reliable product experience.,38051.0,53138.0,139.65,39,1362.51,26,April,6,499,1379.0,2934.0,1,5,1519,23855,5845,3455,77296.0,34916,39836,0.1,9,4600,8.57,45.9,0.13636363636363635,Successful,1,Synthetic - improved for EcoSip project practice,Positive,4,2,0,0
ECOSIP-1158,Synthetic Campaign 158,Consumer Products,Home,United States,Our campaign introduces an product focused campaign. We aim to provide practical value to customers while creating a reliable product experience.,58258.0,85098.0,146.07,19,4478.84,41,April,6,1999,4492.0,8709.0,0,12,2007,18725,7683,3221,72736.0,21112,21680,0.09,14,3506,17.05,64.46,0.0,Failed,0,Synthetic - improved for EcoSip project practice,Neutral,0,12,4,0
ECOSIP-1159,Synthetic Campaign 159,Technology,Electronics,Canada,Our campaign introduces an designed with customers in mind. We aim to provide practical value to customers while creating a reliable product experience.,16343.0,20893.0,127.84,21,994.9,36,November,4,499,1019.0,2036.0,1,7,1344,6478,1537,4199,39797.0,35398,39614,0.05,0,3927,8.76,56.88,0.0,Failed,0,Synthetic - improved for EcoSip project practice,Neutral,7,8,1,9
ECOSIP-1160,Synthetic Campaign 160,Design,Industrial Design,India,Our campaign introduces an development challenges remain. We aim to provide practical value to customers while creating a reliable product experience.,68647.0,87956.0,128.13,22,3998.0,36,August,5,1999,3925.0,7617.0,0,8,729,19249,7898,4386,10029.0,47660,52115,0.04,15,4852,14.99,41.5,0.0,Failed,0,Synthetic - improved for EcoSip project practice,Neutral,1,13,2,1
ECOSIP-1161,Synthetic Campaign 161,Food,Kitchen,Australia,Our campaign introduces an smart technology for modern consumers. We aim to provide practical value to customers while creating a reliable product experience.,30807.0,42039.0,136.46,10,4203.9,21,April,5,1999,4272.0,6674.0,1,10,2047,9465,5059,2311,76719.0,29547,30786,0.03,10,2494,8.76,20.51,0.20714285714285713,Successful,1,Synthetic - improved for EcoSip project practice,Positive,4,14,0,0
ECOSIP-1162,Synthetic Campaign 162,Technology,Smart Devices,India,Our campaign introduces an testing is still underway. We aim to provide practical value to customers while creating a reliable product experience.,27778.0,46842.0,168.63,28,1672.93,25,June,6,499,1650.0,4052.0,1,9,2381,11522,9799,4503,95742.0,43856,45392,0.06,6,1864,20.29,70.86,0.0,Successful,1,Synthetic - improved for EcoSip project practice,Neutral,7,19,2,6
ECOSIP-1163,Synthetic Campaign 163,Fashion,Apparel,India,Our campaign introduces an smart technology for modern consumers. We aim to provide practical value to customers while creating a reliable product experience.,88181.0,128848.0,146.12,156,825.95,33,May,6,499,826.0,1979.0,0,13,1065,28026,2163,233,27814.0,37634,38270,0.41,3,3449,4.92,46.91,0.20714285714285713,Failed,0,Synthetic - improved for EcoSip project practice,Positive,3,1,2,8
ECOSIP-1164,Synthetic Campaign 164,Design,Product Design,India,Our campaign introduces an high quality reusable solution. We aim to provide practical value to customers while creating a reliable product experience.,262510.0,310376.0,118.23,49,6334.2,25,March,3,1999,6312.0,15654.0,1,10,692,5011,1094,3257,35735.0,2006,3057,1.6,5,3241,7.57,30.72,0.16,Failed,0,Synthetic - improved for EcoSip project practice,Positive,1,18,2,7
ECOSIP-1165,Synthetic Campaign 165,Consumer Products,Personal Care,United Kingdom,Our campaign introduces an smart technology for modern consumers. We aim to provide practical value to customers while creating a reliable product experience.,171395.0,207194.0,120.89,94,2204.19,21,October,5,999,2196.0,3927.0,1,5,392,503,2481,3882,22462.0,15722,18635,0.5,7,2607,10.86,48.21,0.20714285714285713,Failed,0,Synthetic - improved for EcoSip project practice,Positive,0,17,3,10
ECOSIP-1166,Synthetic Campaign 166,Technology,Electronics,United Kingdom,Our campaign introduces an testing is still underway. We aim to provide practical value to customers while creating a reliable product experience.,18248.0,23588.0,129.26,5,4717.6,20,November,4,1999,5084.0,9881.0,1,6,441,13280,8029,78,59809.0,12863,15969,0.03,12,3993,4.58,34.89,0.0,Failed,0,Synthetic - improved for EcoSip project practice,Neutral,7,8,3,9
ECOSIP-1167,Synthetic Campaign 167,Fashion,Apparel,India,Our campaign introduces an designed for everyday convenience. We aim to provide practical value to customers while creating a reliable product experience.,30779.0,46897.0,152.37,10,4689.7,29,February,5,1499,4630.0,11248.0,1,8,1660,27401,1632,2950,19710.0,20113,24207,0.04,15,2201,7.97,24.41,-0.2,Successful,1,Synthetic - improved for EcoSip project practice,Negative,3,1,2,3
ECOSIP-1168,Synthetic Campaign 168,Food,Kitchen,Australia,Our campaign introduces an designed for everyday use. We aim to provide practical value to customers while creating a reliable product experience.,174894.0,218943.0,125.19,34,6439.5,40,September,3,1999,6534.0,15678.0,1,13,627,19866,1358,4958,38838.0,45063,47003,0.07,5,2645,17.8,49.62,-0.2,Successful,1,Synthetic - improved for EcoSip project practice,Negative,4,14,0,11
ECOSIP-1169,Synthetic Campaign 169,Food,Food Products,Canada,Our campaign introduces an smart technology for modern consumers. We aim to provide practical value to customers while creating a reliable product experience.,30977.0,46134.0,148.93,21,2196.86,24,October,6,999,2187.0,4942.0,1,9,784,4263,4967,2991,71216.0,31128,32078,0.07,15,666,21.93,46.73,0.20714285714285713,Failed,0,Synthetic - improved for EcoSip project practice,Positive,4,9,1,10
ECOSIP-1170,Synthetic Campaign 170,Gaming,Board Games,Canada,Our campaign introduces an development challenges remain. We aim to provide practical value to customers while creating a reliable product experience.,61272.0,88380.0,144.24,24,3682.5,21,September,6,1499,3633.0,7359.0,1,11,1966,24114,8843,1547,58211.0,43126,45197,0.05,13,3822,17.13,36.27,0.0,Successful,1,Synthetic - improved for EcoSip project practice,Neutral,5,3,1,11
ECOSIP-1171,Synthetic Campaign 171,Fashion,Accessories,United States,Our campaign introduces an innovative sustainable solution. We aim to provide practical value to customers while creating a reliable product experience.,123043.0,200775.0,163.17,288,697.14,41,January,3,299,696.0,1997.0,0,15,1282,16571,1670,142,41714.0,45884,47175,0.61,1,3350,9.83,36.76,0.5,Successful,1,Synthetic - improved for EcoSip project practice,Positive,3,0,4,4
ECOSIP-1172,Synthetic Campaign 172,Education,Training,Australia,Our campaign introduces an designed with customers in mind. We aim to provide practical value to customers while creating a reliable product experience.,31374.0,44026.0,140.33,97,453.88,35,October,4,299,456.0,916.0,1,3,1660,14436,7553,3739,44924.0,4636,8656,1.12,0,3921,8.6,46.05,0.0,Failed,0,Synthetic - improved for EcoSip project practice,Neutral,2,22,0,10
ECOSIP-1173,Synthetic Campaign 173,Sustainability,Eco Products,United Kingdom,Our campaign introduces an smart technology for modern consumers. We aim to provide practical value to customers while creating a reliable product experience.,82461.0,85819.0,104.07,41,2093.15,44,March,6,999,2090.0,4563.0,0,15,2390,25834,4816,1456,58401.0,46746,51474,0.08,7,1806,11.19,22.11,0.20714285714285713,Failed,0,Synthetic - improved for EcoSip project practice,Positive,6,6,3,7
ECOSIP-1174,Synthetic Campaign 174,Design,Product Design,India,Our campaign introduces an high quality reusable solution. We aim to provide practical value to customers while creating a reliable product experience.,22575.0,25493.0,112.93,5,5098.6,21,August,7,1999,4834.0,12168.0,0,10,2239,22300,5412,1182,5557.0,11661,13823,0.04,7,4373,4.98,27.91,0.16,Failed,0,Synthetic - improved for EcoSip project practice,Positive,1,18,2,1
ECOSIP-1175,Synthetic Campaign 175,Fashion,Sustainable Fashion,United States,Our campaign introduces an eco friendly product. We aim to provide practical value to customers while creating a reliable product experience.,43652.0,54951.0,125.88,47,1169.17,29,June,6,499,1159.0,2683.0,1,10,1427,5570,5242,3320,12458.0,35957,39103,0.12,8,1772,18.1,42.92,0.375,Successful,1,Synthetic - improved for EcoSip project practice,Positive,3,21,4,6
ECOSIP-1176,Synthetic Campaign 176,Gaming,Video Games,Canada,Our campaign introduces an designed for everyday use. We aim to provide practical value to customers while creating a reliable product experience.,100012.0,123472.0,123.46,42,2939.81,21,May,7,999,2941.0,5942.0,1,8,654,15053,6672,3365,88720.0,24074,28573,0.15,5,4482,7.03,51.17,-0.2,Successful,1,Synthetic - improved for EcoSip project practice,Negative,5,23,1,8
ECOSIP-1177,Synthetic Campaign 177,Sustainability,Green Living,United Kingdom,Our campaign introduces an eco friendly product. We aim to provide practical value to customers while creating a reliable product experience.,17882.0,21834.0,122.1,6,3639.0,35,May,3,1499,3402.0,7326.0,1,6,1422,6376,6143,2506,12399.0,27402,31060,0.02,11,3295,18.31,37.83,0.375,Successful,1,Synthetic - improved for EcoSip project practice,Positive,6,11,3,8
ECOSIP-1178,Synthetic Campaign 178,Sustainability,Eco Products,United Kingdom,Our campaign introduces an early stage product. We aim to provide practical value to customers while creating a reliable product experience.,111488.0,147097.0,131.94,40,3677.42,35,June,3,1499,3716.0,10002.0,1,5,1138,5839,6754,581,72146.0,3310,7921,0.5,0,1595,11.81,49.84,0.1,Failed,0,Synthetic - improved for EcoSip project practice,Positive,6,6,3,6
ECOSIP-1179,Synthetic Campaign 179,Technology,Electronics,India,Our campaign introduces an smart technology for modern consumers. We aim to provide practical value to customers while creating a reliable product experience.,73686.0,90426.0,122.72,128,706.45,38,July,6,299,705.0,1352.0,0,13,671,20757,150,4001,92404.0,12163,12567,1.02,13,3573,15.04,46.5,0.20714285714285713,Failed,0,Synthetic - improved for EcoSip project practice,Positive,7,8,2,5
ECOSIP-1180,Synthetic Campaign 180,Sustainability,Green Living,Canada,Our campaign introduces an innovative sustainable solution. We aim to provide practical value to customers while creating a reliable product experience.,123313.0,173047.0,140.33,39,4437.1,26,January,5,1499,4469.0,7657.0,1,5,1891,27533,6707,1757,30715.0,6652,9599,0.41,8,2450,4.25,49.02,0.5,Failed,0,Synthetic - improved for EcoSip project practice,Positive,6,11,1,4
ECOSIP-1181,Synthetic Campaign 181,Education,Training,Australia,Our campaign introduces an consumer lifestyle product. We aim to provide practical value to customers while creating a reliable product experience.,91745.0,114950.0,125.29,36,3193.06,41,September,7,999,3223.0,6348.0,1,8,721,26057,5925,924,40197.0,512,3047,1.18,11,4594,17.12,28.03,0.0,Failed,0,Synthetic - improved for EcoSip project practice,Neutral,2,22,0,11
ECOSIP-1182,Synthetic Campaign 182,Food,Kitchen,United Kingdom,Our campaign introduces an smart technology for modern consumers. We aim to provide practical value to customers while creating a reliable product experience.,256009.0,354985.0,138.66,92,3858.53,31,March,4,1499,3843.0,10662.0,1,15,796,6623,4321,3574,59048.0,11662,14566,0.63,12,4827,8.65,56.86,0.20714285714285713,Successful,1,Synthetic - improved for EcoSip project practice,Positive,4,14,3,7
ECOSIP-1183,Synthetic Campaign 183,Gaming,Board Games,India,Our campaign introduces an designed for everyday convenience. We aim to provide practical value to customers while creating a reliable product experience.,83947.0,145586.0,173.43,47,3097.57,43,April,6,999,3076.0,5025.0,1,10,880,21487,287,4510,88762.0,22822,24906,0.19,14,3110,19.1,48.71,-0.2,Successful,1,Synthetic - improved for EcoSip project practice,Negative,5,3,2,0
ECOSIP-1184,Synthetic Campaign 184,Sustainability,Green Living,Australia,Our campaign introduces an innovative sustainable solution. We aim to provide practical value to customers while creating a reliable product experience.,50959.0,73764.0,144.75,71,1038.93,34,October,4,499,1045.0,3122.0,1,9,1287,24522,7276,1746,94481.0,8499,12535,0.57,13,3254,18.35,23.63,0.5,Successful,1,Synthetic - improved for EcoSip project practice,Positive,6,11,0,10
ECOSIP-1185,Synthetic Campaign 185,Technology,Smart Devices,Canada,Our campaign introduces an innovative sustainable solution. We aim to provide practical value to customers while creating a reliable product experience.,83727.0,111895.0,133.64,145,771.69,27,January,6,299,772.0,1784.0,1,13,2079,15093,8082,2943,75259.0,7719,8531,1.7,2,1050,6.64,29.85,0.5,Failed,0,Synthetic - improved for EcoSip project practice,Positive,7,19,1,4
ECOSIP-1186,Synthetic Campaign 186,Education,Learning,United Kingdom,Our campaign introduces an development challenges remain. We aim to provide practical value to customers while creating a reliable product experience.,122297.0,151857.0,124.17,46,3301.24,25,November,5,1499,3283.0,9774.0,0,3,613,12973,5268,3551,13229.0,5828,8823,0.52,10,3137,10.32,47.14,0.0,Failed,0,Synthetic - improved for EcoSip project practice,Neutral,2,15,3,9
ECOSIP-1187,Synthetic Campaign 187,Consumer Products,Lifestyle,Australia,Our campaign introduces an eco friendly product. We aim to provide practical value to customers while creating a reliable product experience.,78372.0,110097.0,140.48,47,2342.49,29,October,5,999,2326.0,6765.0,1,13,2416,23090,4075,3926,68570.0,4121,5902,0.8,5,2283,12.54,23.99,0.375,Successful,1,Synthetic - improved for EcoSip project practice,Positive,0,16,0,10
ECOSIP-1188,Synthetic Campaign 188,Food,Beverages,Australia,Our campaign introduces an designed for everyday convenience. We aim to provide practical value to customers while creating a reliable product experience.,77791.0,120636.0,155.08,20,6031.8,22,March,5,1999,5927.0,12916.0,1,8,795,29761,6123,954,43979.0,24756,26189,0.08,9,3639,10.46,30.12,-0.2,Successful,1,Synthetic - improved for EcoSip project practice,Negative,4,2,0,7
ECOSIP-1189,Synthetic Campaign 189,Food,Beverages,Australia,Our campaign introduces an designed with customers in mind. We aim to provide practical value to customers while creating a reliable product experience.,39873.0,56743.0,142.31,58,978.33,38,February,5,299,976.0,1755.0,0,9,883,13519,2592,94,49717.0,44933,48231,0.12,12,2124,12.5,50.99,0.0,Failed,0,Synthetic - improved for EcoSip project practice,Neutral,4,2,0,3
ECOSIP-1190,Synthetic Campaign 190,Gaming,Video Games,United Kingdom,Our campaign introduces an designed with customers in mind. We aim to provide practical value to customers while creating a reliable product experience.,41301.0,64712.0,156.68,74,874.49,36,February,3,499,870.0,1520.0,1,14,2186,14557,1587,314,9669.0,11814,12088,0.61,9,1687,10.67,65.46,0.0,Successful,1,Synthetic - improved for EcoSip project practice,Neutral,5,23,3,3
ECOSIP-1191,Synthetic Campaign 191,Food,Kitchen,United Kingdom,Our campaign introduces an high quality reusable solution. We aim to provide practical value to customers while creating a reliable product experience.,21224.0,28230.0,133.01,10,2823.0,26,January,3,999,2767.0,5147.0,0,9,1930,2164,804,40,23151.0,1152,4457,0.22,14,3104,9.75,45.24,0.16,Failed,0,Synthetic - improved for EcoSip project practice,Positive,4,14,3,4
ECOSIP-1192,Synthetic Campaign 192,Sustainability,Eco Products,United States,Our campaign introduces an smart technology for modern consumers. We aim to provide practical value to customers while creating a reliable product experience.,362168.0,491643.0,135.75,370,1328.76,40,August,7,499,1329.0,3409.0,0,11,1212,5415,7446,3262,80099.0,16682,18198,2.03,10,1008,14.98,29.42,0.20714285714285713,Successful,1,Synthetic - improved for EcoSip project practice,Positive,6,6,4,1
ECOSIP-1193,Synthetic Campaign 193,Technology,Electronics,Canada,Our campaign introduces an product focused campaign. We aim to provide practical value to customers while creating a reliable product experience.,24484.0,37746.0,154.17,44,857.86,39,March,4,499,867.0,1655.0,1,13,1132,10666,7873,1058,48126.0,42080,44167,0.1,11,2294,16.33,25.6,0.0,Successful,1,Synthetic - improved for EcoSip project practice,Neutral,7,8,1,7
ECOSIP-1194,Synthetic Campaign 194,Food,Beverages,India,Our campaign introduces an designed for everyday convenience. We aim to provide practical value to customers while creating a reliable product experience.,40200.0,53794.0,133.82,19,2831.26,45,March,6,1499,2884.0,5803.0,0,13,1120,417,5557,4675,33658.0,37058,42011,0.05,13,1599,7.74,44.77,-0.2,Failed,0,Synthetic - improved for EcoSip project practice,Negative,4,2,2,7
ECOSIP-1195,Synthetic Campaign 195,Food,Food Products,Australia,Our campaign introduces an designed for everyday convenience. We aim to provide practical value to customers while creating a reliable product experience.,39288.0,58220.0,148.19,18,3234.44,23,June,6,1499,3181.0,6913.0,1,12,765,17986,4285,1129,41482.0,16159,18031,0.1,14,1171,20.41,24.34,-0.2,Successful,1,Synthetic - improved for EcoSip project practice,Negative,4,9,0,6
ECOSIP-1196,Synthetic Campaign 196,Consumer Products,Lifestyle,United States,Our campaign introduces an designed for everyday use. We aim to provide practical value to customers while creating a reliable product experience.,167825.0,244736.0,145.83,134,1826.39,33,August,3,999,1832.0,5258.0,0,7,1670,6230,590,3791,86168.0,34913,39279,0.34,15,2530,19.47,48.68,-0.2,Failed,0,Synthetic - improved for EcoSip project practice,Negative,0,16,4,1
ECOSIP-1197,Synthetic Campaign 197,Consumer Products,Home,India,Our campaign introduces an innovative sustainable solution. We aim to provide practical value to customers while creating a reliable product experience.,57514.0,72833.0,126.64,18,4046.28,39,September,6,1999,3973.0,7088.0,1,3,1115,7519,5560,391,76155.0,10935,12109,0.15,15,3865,11.54,27.57,0.5,Failed,0,Synthetic - improved for EcoSip project practice,Positive,0,12,2,11
ECOSIP-1198,Synthetic Campaign 198,Design,Creative,United States,Our campaign introduces an designed for everyday convenience. We aim to provide practical value to customers while creating a reliable product experience.,230547.0,377826.0,163.88,186,2031.32,41,September,3,999,2033.0,3065.0,0,4,2403,2142,8511,4933,30870.0,28567,33427,0.56,8,4658,13.44,69.06,-0.2,Successful,1,Synthetic - improved for EcoSip project practice,Negative,1,5,4,11
ECOSIP-1199,Synthetic Campaign 199,Education,EdTech,United Kingdom,Our campaign introduces an consumer lifestyle product. We aim to provide practical value to customers while creating a reliable product experience.,40909.0,59836.0,146.27,14,4274.0,34,April,7,1999,4341.0,6903.0,0,6,1358,4698,7976,1194,16163.0,22758,23449,0.06,10,704,11.0,42.79,0.0,Failed,0,Synthetic - improved for EcoSip project practice,Neutral,2,7,3,0
ECOSIP-1200,Synthetic Campaign 200,Sustainability,Eco Products,Australia,Our campaign introduces an high quality reusable solution. We aim to provide practical value to customers while creating a reliable product experience.,96407.0,131104.0,135.99,88,1489.82,43,May,4,499,1496.0,4274.0,0,7,463,10314,5181,1184,28940.0,28787,31865,0.28,12,4422,15.62,29.53,0.16,Failed,0,Synthetic - improved for EcoSip project practice,Positive,6,6,0,8
ECOSIP-1201,Synthetic Campaign 201,Food,Food Products,India,Our campaign introduces an consumer lifestyle product. We aim to provide practical value to customers while creating a reliable product experience.,35363.0,50258.0,142.12,64,785.28,27,February,7,299,791.0,1955.0,0,11,2494,218,8747,1112,92472.0,4188,8270,0.77,2,4873,15.72,57.69,0.0,Failed,0,Synthetic - improved for EcoSip project practice,Neutral,4,9,2,3
ECOSIP-1202,Synthetic Campaign 202,Fashion,Apparel,India,Our campaign introduces an eco friendly product. We aim to provide practical value to customers while creating a reliable product experience.,500000.0,604209.0,120.84,174,3472.47,40,November,5,999,3469.0,6624.0,1,13,268,809,1179,1303,60251.0,8189,10699,1.63,4,3808,6.47,27.34,0.375,Failed,0,Synthetic - improved for EcoSip project practice,Positive,3,1,2,9
ECOSIP-1203,Synthetic Campaign 203,Food,Food Products,India,Our campaign introduces an smart technology for modern consumers. We aim to provide practical value to customers while creating a reliable product experience.,25756.0,34353.0,133.38,15,2290.2,34,September,5,999,2327.0,4109.0,0,3,891,15957,3195,2031,55681.0,1879,2826,0.53,12,3693,14.75,32.28,0.20714285714285713,Failed,0,Synthetic - improved for EcoSip project practice,Positive,4,9,2,11
ECOSIP-1204,Synthetic Campaign 204,Technology,Software,India,Our campaign introduces an eco friendly product. We aim to provide practical value to customers while creating a reliable product experience.,99120.0,164745.0,166.21,27,6101.67,41,August,5,1999,6012.0,11672.0,1,5,1354,20041,8603,865,61657.0,37511,38104,0.07,13,1981,10.02,66.53,0.375,Successful,1,Synthetic - improved for EcoSip project practice,Positive,7,20,2,1
ECOSIP-1205,Synthetic Campaign 205,Design,Product Design,India,Our campaign introduces an new product development. We aim to provide practical value to customers while creating a reliable product experience.,132673.0,186068.0,140.25,115,1617.98,39,March,7,499,1618.0,2706.0,0,7,579,28816,3770,2011,39773.0,43505,44150,0.26,4,1513,4.52,34.03,0.13636363636363635,Failed,0,Synthetic - improved for EcoSip project practice,Positive,1,18,2,7
ECOSIP-1206,Synthetic Campaign 206,Education,EdTech,United States,Our campaign introduces an designed for everyday use. We aim to provide practical value to customers while creating a reliable product experience.,108843.0,130994.0,120.35,92,1423.85,33,November,6,499,1426.0,4153.0,1,5,1115,12701,9698,540,81675.0,28124,30510,0.3,9,3259,13.71,32.86,-0.2,Failed,0,Synthetic - improved for EcoSip project practice,Negative,2,7,4,9
ECOSIP-1207,Synthetic Campaign 207,Fashion,Sustainable Fashion,Australia,Our campaign introduces an high quality reusable solution. We aim to provide practical value to customers while creating a reliable product experience.,63480.0,80069.0,126.13,17,4709.94,28,December,4,1999,4645.0,12431.0,1,6,1023,3350,4117,4486,54712.0,26464,29261,0.06,15,4228,13.54,32.07,0.16,Successful,1,Synthetic - improved for EcoSip project practice,Positive,3,21,0,2
ECOSIP-1208,Synthetic Campaign 208,Design,Product Design,United Kingdom,Our campaign introduces an new product development. We aim to provide practical value to customers while creating a reliable product experience.,66730.0,79934.0,119.79,53,1508.19,27,September,5,499,1501.0,3293.0,1,5,641,8161,4245,4216,16091.0,23391,27328,0.19,6,3252,9.5,22.15,0.13636363636363635,Failed,0,Synthetic - improved for EcoSip project practice,Positive,1,18,3,11
ECOSIP-1209,Synthetic Campaign 209,Gaming,Gaming Hardware,United Kingdom,Our campaign introduces an innovative sustainable solution. We aim to provide practical value to customers while creating a reliable product experience.,78016.0,121938.0,156.3,43,2835.77,45,March,5,1499,2859.0,7998.0,1,6,886,8709,9923,4776,17261.0,49598,51238,0.08,3,1878,14.55,25.27,0.5,Successful,1,Synthetic - improved for EcoSip project practice,Positive,5,10,3,7
ECOSIP-1210,Synthetic Campaign 210,Education,Learning,United Kingdom,Our campaign introduces an smart technology for modern consumers. We aim to provide practical value to customers while creating a reliable product experience.,65706.0,85999.0,130.88,134,641.78,45,September,5,299,644.0,1207.0,0,15,1275,2703,9294,262,56002.0,38879,39862,0.34,10,1681,18.8,48.08,0.20714285714285713,Failed,0,Synthetic - improved for EcoSip project practice,Positive,2,15,3,11
ECOSIP-1211,Synthetic Campaign 211,Food,Food Products,United Kingdom,Our campaign introduces an product focused campaign. We aim to provide practical value to customers while creating a reliable product experience.,178570.0,252205.0,141.24,97,2600.05,36,February,4,999,2591.0,6674.0,1,15,1924,12146,7331,2820,93974.0,13016,17072,0.57,3,1092,14.33,48.52,0.0,Failed,0,Synthetic - improved for EcoSip project practice,Neutral,4,9,3,3
ECOSIP-1212,Synthetic Campaign 212,Food,Kitchen,United States,Our campaign introduces an high quality reusable solution. We aim to provide practical value to customers while creating a reliable product experience.,500000.0,752251.0,150.45,949,792.68,21,December,5,299,793.0,2208.0,1,3,989,17585,2559,4627,34293.0,14386,17580,5.4,6,1738,16.39,35.31,0.16,Successful,1,Synthetic - improved for EcoSip project practice,Positive,4,14,4,2
ECOSIP-1213,Synthetic Campaign 213,Education,Training,Canada,Our campaign introduces an high quality reusable solution. We aim to provide practical value to customers while creating a reliable product experience.,45411.0,79393.0,174.83,51,1556.73,44,October,4,999,1543.0,3140.0,1,14,1795,20905,5066,2916,87606.0,20807,23272,0.22,8,3861,6.59,41.73,0.16,Successful,1,Synthetic - improved for EcoSip project practice,Positive,2,22,1,10
ECOSIP-1214,Synthetic Campaign 214,Food,Beverages,Australia,Our campaign introduces an designed for everyday use. We aim to provide practical value to customers while creating a reliable product experience.,21860.0,28020.0,128.18,6,4670.0,43,September,5,1499,5082.0,13397.0,0,10,718,7957,6583,2622,77589.0,25343,28790,0.02,14,2152,6.4,55.57,-0.2,Failed,0,Synthetic - improved for EcoSip project practice,Negative,4,2,0,11
ECOSIP-1215,Synthetic Campaign 215,Sustainability,Eco Products,India,Our campaign introduces an high quality reusable solution. We aim to provide practical value to customers while creating a reliable product experience.,69272.0,82301.0,118.81,57,1443.88,22,August,7,499,1444.0,2805.0,1,6,1385,11720,4777,2293,28542.0,46984,50155,0.11,10,1158,7.86,53.03,0.16,Failed,0,Synthetic - improved for EcoSip project practice,Positive,6,6,2,1
ECOSIP-1216,Synthetic Campaign 216,Education,EdTech,Canada,Our campaign introduces an new product development. We aim to provide practical value to customers while creating a reliable product experience.,500000.0,745538.0,149.11,150,4970.25,27,September,7,1999,4980.0,9702.0,1,9,1281,8277,731,1561,8452.0,6412,10187,1.47,15,263,14.12,43.54,0.13636363636363635,Failed,0,Synthetic - improved for EcoSip project practice,Positive,2,7,1,11
ECOSIP-1217,Synthetic Campaign 217,Design,Creative,United Kingdom,Our campaign introduces an designed with customers in mind. We aim to provide practical value to customers while creating a reliable product experience.,36386.0,44399.0,122.02,9,4933.22,31,May,4,1499,5046.0,8379.0,1,4,1123,22566,3982,2785,14675.0,22014,26829,0.03,3,4112,15.03,47.68,0.0,Successful,1,Synthetic - improved for EcoSip project practice,Neutral,1,5,3,8
ECOSIP-1218,Synthetic Campaign 218,Education,EdTech,Canada,Our campaign introduces an innovative sustainable solution. We aim to provide practical value to customers while creating a reliable product experience.,327895.0,394975.0,120.46,556,710.39,20,November,7,299,711.0,1536.0,1,4,709,23142,5610,2134,74207.0,22323,23375,2.38,3,3552,8.26,44.69,0.5,Successful,1,Synthetic - improved for EcoSip project practice,Positive,2,7,1,9
ECOSIP-1219,Synthetic Campaign 219,Fashion,Sustainable Fashion,Australia,Our campaign introduces an designed for everyday convenience. We aim to provide practical value to customers while creating a reliable product experience.,339481.0,513626.0,151.3,74,6940.89,29,November,4,1999,6918.0,17949.0,1,8,1799,18745,4066,4511,23969.0,29297,32697,0.23,5,2785,11.01,36.19,-0.2,Failed,0,Synthetic - improved for EcoSip project practice,Negative,3,21,0,9
ECOSIP-1220,Synthetic Campaign 220,Food,Food Products,India,Our campaign introduces an designed with customers in mind. We aim to provide practical value to customers while creating a reliable product experience.,45570.0,72437.0,158.96,57,1270.82,39,February,7,499,1260.0,3667.0,1,4,1001,24505,7389,4727,40271.0,6949,10784,0.53,5,4647,9.65,26.64,0.0,Successful,1,Synthetic - improved for EcoSip project practice,Neutral,4,9,2,3
ECOSIP-1221,Synthetic Campaign 221,Sustainability,Clean Technology,India,Our campaign introduces an product focused campaign. We aim to provide practical value to customers while creating a reliable product experience.,125157.0,159908.0,127.77,62,2579.16,22,August,7,1499,2591.0,6233.0,1,8,1711,28845,769,3103,52661.0,2225,5504,1.13,6,3343,7.74,24.63,0.0,Failed,0,Synthetic - improved for EcoSip project practice,Neutral,6,4,2,1
ECOSIP-1222,Synthetic Campaign 222,Sustainability,Eco Products,Australia,Our campaign introduces an high quality reusable solution. We aim to provide practical value to customers while creating a reliable product experience.,324747.0,414262.0,127.56,68,6092.09,25,December,4,1999,6056.0,16925.0,0,13,2027,11926,124,1877,73919.0,16370,19433,0.35,14,4194,18.35,51.21,0.16,Failed,0,Synthetic - improved for EcoSip project practice,Positive,6,6,0,2
ECOSIP-1223,Synthetic Campaign 223,Gaming,Video Games,Australia,Our campaign introduces an smart technology for modern consumers. We aim to provide practical value to customers while creating a reliable product experience.,53318.0,68059.0,127.65,16,4253.69,26,June,6,1499,4284.0,11711.0,0,4,1103,13990,9535,789,15757.0,9804,13931,0.11,0,3289,13.56,47.15,0.20714285714285713,Failed,0,Synthetic - improved for EcoSip project practice,Positive,5,23,0,6
ECOSIP-1224,Synthetic Campaign 224,Design,Product Design,United Kingdom,Our campaign introduces an consumer lifestyle product. We aim to provide practical value to customers while creating a reliable product experience.,62444.0,80882.0,129.53,18,4493.44,39,August,7,1499,4566.0,8036.0,1,6,1579,16992,4207,1442,43605.0,8022,11369,0.16,12,4318,6.31,45.24,0.0,Failed,0,Synthetic - improved for EcoSip project practice,Neutral,1,18,3,1
ECOSIP-1225,Synthetic Campaign 225,Consumer Products,Home,India,Our campaign introduces an designed for everyday use. We aim to provide practical value to customers while creating a reliable product experience.,44433.0,58429.0,131.5,34,1718.5,42,November,5,499,1698.0,3784.0,0,9,727,18863,8561,426,51082.0,14163,18678,0.18,10,2891,15.34,24.88,-0.2,Failed,0,Synthetic - improved for EcoSip project practice,Negative,0,12,2,9
ECOSIP-1226,Synthetic Campaign 226,Consumer Products,Lifestyle,Canada,Our campaign introduces an eco friendly product. We aim to provide practical value to customers while creating a reliable product experience.,30090.0,44138.0,146.69,14,3152.71,44,May,6,999,3050.0,5110.0,1,10,384,27840,2199,2992,56379.0,5284,8741,0.16,13,275,17.11,50.16,0.375,Successful,1,Synthetic - improved for EcoSip project practice,Positive,0,16,1,8
ECOSIP-1227,Synthetic Campaign 227,Education,EdTech,United States,Our campaign introduces an designed for everyday convenience. We aim to provide practical value to customers while creating a reliable product experience.,41810.0,48636.0,116.33,9,5404.0,37,October,4,1999,5443.0,13734.0,1,5,1402,25363,9694,1892,82744.0,9972,14920,0.06,2,2350,12.79,44.4,-0.2,Failed,0,Synthetic - improved for EcoSip project practice,Negative,2,7,4,10
ECOSIP-1228,Synthetic Campaign 228,Gaming,Video Games,United States,Our campaign introduces an innovative sustainable solution. We aim to provide practical value to customers while creating a reliable product experience.,24927.0,29771.0,119.43,19,1566.89,30,February,6,499,1604.0,4691.0,1,15,659,21236,9797,2714,21309.0,29452,32256,0.06,8,3158,5.51,48.75,0.5,Failed,0,Synthetic - improved for EcoSip project practice,Positive,5,23,4,3
ECOSIP-1229,Synthetic Campaign 229,Technology,Smart Devices,Australia,Our campaign introduces an early stage product. We aim to provide practical value to customers while creating a reliable product experience.,77336.0,84056.0,108.69,20,4202.8,38,June,3,1499,4267.0,7278.0,1,11,1695,13930,6763,2289,81744.0,10555,11692,0.17,5,3369,8.58,16.73,0.1,Failed,0,Synthetic - improved for EcoSip project practice,Positive,7,19,0,6
ECOSIP-1230,Synthetic Campaign 230,Education,Training,United Kingdom,Our campaign introduces an high quality reusable solution. We aim to provide practical value to customers while creating a reliable product experience.,37506.0,55823.0,148.84,48,1162.98,24,May,3,499,1156.0,3007.0,1,4,1567,9584,4257,4769,70823.0,30008,30178,0.16,5,1014,6.37,52.89,0.16,Successful,1,Synthetic - improved for EcoSip project practice,Positive,2,22,3,8
ECOSIP-1231,Synthetic Campaign 231,Gaming,Gaming Hardware,United States,Our campaign introduces an smart technology for modern consumers. We aim to provide practical value to customers while creating a reliable product experience.,92564.0,120434.0,130.11,37,3254.97,38,December,7,999,3268.0,8001.0,1,10,1519,5595,7191,1201,57808.0,13176,16150,0.23,4,2104,16.65,20.26,0.20714285714285713,Failed,0,Synthetic - improved for EcoSip project practice,Positive,5,10,4,2
ECOSIP-1232,Synthetic Campaign 232,Design,Product Design,India,Our campaign introduces an consumer lifestyle product. We aim to provide practical value to customers while creating a reliable product experience.,18489.0,30463.0,164.76,8,3807.88,30,December,7,1999,3886.0,9231.0,1,10,1829,28581,8702,1459,71455.0,25692,25897,0.03,10,4727,17.9,59.65,0.0,Successful,1,Synthetic - improved for EcoSip project practice,Neutral,1,18,2,2
ECOSIP-1233,Synthetic Campaign 233,Design,Product Design,Australia,Our campaign introduces an smart technology for modern consumers. We aim to provide practical value to customers while creating a reliable product experience.,101016.0,149464.0,147.96,51,2930.67,43,May,5,999,2926.0,6101.0,0,15,335,11367,9128,3073,44142.0,25222,26091,0.2,15,3281,13.44,50.41,0.20714285714285713,Successful,1,Synthetic - improved for EcoSip project practice,Positive,1,18,0,8
ECOSIP-1234,Synthetic Campaign 234,Design,Product Design,Canada,Our campaign introduces an eco friendly product. We aim to provide practical value to customers while creating a reliable product experience.,158803.0,210830.0,132.76,216,976.06,31,January,6,299,976.0,1984.0,1,6,2115,19693,3986,3353,18148.0,7946,10055,2.15,2,4532,9.45,25.82,0.375,Successful,1,Synthetic - improved for EcoSip project practice,Positive,1,18,1,4
ECOSIP-1235,Synthetic Campaign 235,Design,Creative,Australia,Our campaign introduces an innovative sustainable solution. We aim to provide practical value to customers while creating a reliable product experience.,12468.0,18185.0,145.85,3,6061.67,29,February,3,1999,5922.0,9285.0,1,3,1719,7498,9357,2917,68248.0,5225,8265,0.04,10,219,7.6,55.4,0.5,Successful,1,Synthetic - improved for EcoSip project practice,Positive,1,5,0,3
ECOSIP-1236,Synthetic Campaign 236,Design,Product Design,Canada,Our campaign introduces an designed for everyday use. We aim to provide practical value to customers while creating a reliable product experience.,105019.0,137276.0,130.72,47,2920.77,27,August,7,999,2892.0,5283.0,1,15,627,6843,1125,2923,54844.0,20561,22853,0.21,4,897,5.59,22.29,-0.2,Failed,0,Synthetic - improved for EcoSip project practice,Negative,1,18,1,1
ECOSIP-1237,Synthetic Campaign 237,Gaming,Gaming Hardware,Australia,Our campaign introduces an product focused campaign. We aim to provide practical value to customers while creating a reliable product experience.,226420.0,306456.0,135.35,68,4506.71,43,March,6,1499,4505.0,6860.0,1,3,1930,22132,3926,248,65741.0,48037,51632,0.13,13,163,19.8,53.86,0.0,Failed,0,Synthetic - improved for EcoSip project practice,Neutral,5,10,0,7
ECOSIP-1238,Synthetic Campaign 238,Gaming,Video Games,Australia,Our campaign introduces an designed for everyday convenience. We aim to provide practical value to customers while creating a reliable product experience.,25250.0,39943.0,158.19,8,4992.88,28,October,7,1999,4858.0,11524.0,1,4,1324,5271,4665,3979,37110.0,23171,27582,0.03,0,3603,8.54,36.16,-0.2,Successful,1,Synthetic - improved for EcoSip project practice,Negative,5,23,0,10
ECOSIP-1239,Synthetic Campaign 239,Sustainability,Clean Technology,Australia,Our campaign introduces an consumer lifestyle product. We aim to provide practical value to customers while creating a reliable product experience.,337918.0,435262.0,128.81,67,6496.45,23,March,7,1999,6493.0,10770.0,1,14,491,16105,7315,1913,91152.0,1909,6364,1.05,2,424,4.79,45.94,0.0,Failed,0,Synthetic - improved for EcoSip project practice,Neutral,6,4,0,7
ECOSIP-1240,Synthetic Campaign 240,Fashion,Sustainable Fashion,Canada,Our campaign introduces an product focused campaign. We aim to provide practical value to customers while creating a reliable product experience.,109356.0,153192.0,140.09,161,951.5,24,August,3,499,952.0,2675.0,0,11,1169,24374,6429,1333,60800.0,8705,9738,1.65,3,3434,20.37,59.83,0.0,Successful,1,Synthetic - improved for EcoSip project practice,Neutral,3,21,1,1
ECOSIP-1241,Synthetic Campaign 241,Consumer Products,Lifestyle,Canada,Our campaign introduces an innovative sustainable solution. We aim to provide practical value to customers while creating a reliable product experience.,39765.0,53660.0,134.94,20,2683.0,40,August,3,1499,2630.0,6009.0,1,15,1836,16808,9168,1090,13113.0,16865,17539,0.11,15,1294,12.94,34.0,0.5,Successful,1,Synthetic - improved for EcoSip project practice,Positive,0,16,1,1
ECOSIP-1242,Synthetic Campaign 242,Food,Kitchen,Australia,Our campaign introduces an innovative sustainable solution. We aim to provide practical value to customers while creating a reliable product experience.,71328.0,95489.0,133.87,154,620.06,27,February,7,299,619.0,1578.0,1,4,1521,29763,4702,994,47731.0,756,4786,3.22,15,3158,16.81,40.28,0.5,Successful,1,Synthetic - improved for EcoSip project practice,Positive,4,14,0,3
ECOSIP-1243,Synthetic Campaign 243,Design,Product Design,United States,Our campaign introduces an innovative sustainable solution. We aim to provide practical value to customers while creating a reliable product experience.,123963.0,164718.0,132.88,64,2573.72,42,August,4,999,2561.0,5420.0,1,4,319,26669,6842,1758,76854.0,16204,20684,0.31,4,778,4.68,38.39,0.5,Successful,1,Synthetic - improved for EcoSip project practice,Positive,1,18,4,1
ECOSIP-1244,Synthetic Campaign 244,Technology,Smart Devices,United Kingdom,Our campaign introduces an smart technology for modern consumers. We aim to provide practical value to customers while creating a reliable product experience.,80310.0,110735.0,137.88,88,1258.35,28,November,7,499,1258.0,2945.0,1,8,2354,28652,9297,3305,80443.0,30402,34589,0.25,9,992,13.52,27.2,0.20714285714285713,Successful,1,Synthetic - improved for EcoSip project practice,Positive,7,19,3,9
ECOSIP-1245,Synthetic Campaign 245,Food,Kitchen,United Kingdom,Our campaign introduces an designed for everyday convenience. We aim to provide practical value to customers while creating a reliable product experience.,121799.0,194622.0,159.79,62,3139.06,34,January,7,999,3138.0,9144.0,1,9,1655,13104,7506,777,51987.0,36258,38889,0.16,8,3212,12.43,52.27,-0.2,Successful,1,Synthetic - improved for EcoSip project practice,Negative,4,14,3,4
ECOSIP-1246,Synthetic Campaign 246,Gaming,Board Games,United Kingdom,Our campaign introduces an new product development. We aim to provide practical value to customers while creating a reliable product experience.,32749.0,49518.0,151.2,72,687.75,34,June,5,299,690.0,1121.0,1,15,2336,11062,4724,3115,90001.0,1695,4214,1.71,3,4684,18.54,56.38,0.13636363636363635,Successful,1,Synthetic - improved for EcoSip project practice,Positive,5,3,3,6
ECOSIP-1247,Synthetic Campaign 247,Technology,Electronics,Canada,Our campaign introduces an designed for everyday convenience. We aim to provide practical value to customers while creating a reliable product experience.,87349.0,116274.0,133.11,158,735.91,35,August,5,299,738.0,1388.0,1,9,2257,29048,591,340,30429.0,34512,34681,0.46,2,3536,4.61,56.58,-0.2,Failed,0,Synthetic - improved for EcoSip project practice,Negative,7,8,1,1
ECOSIP-1248,Synthetic Campaign 248,Technology,Smart Devices,Canada,Our campaign introduces an consumer lifestyle product. We aim to provide practical value to customers while creating a reliable product experience.,21013.0,29111.0,138.54,10,2911.1,33,March,5,1999,3052.0,8149.0,1,15,1050,10875,2211,2341,44007.0,11915,16489,0.06,9,2797,10.83,56.14,0.0,Successful,1,Synthetic - improved for EcoSip project practice,Neutral,7,19,1,7
ECOSIP-1249,Synthetic Campaign 249,Technology,Smart Devices,United States,Our campaign introduces an designed for everyday convenience. We aim to provide practical value to customers while creating a reliable product experience.,67856.0,91228.0,134.44,131,696.4,27,August,4,299,694.0,1144.0,1,11,1291,3657,2301,575,90367.0,40034,41436,0.32,0,2220,16.92,40.74,-0.2,Failed,0,Synthetic - improved for EcoSip project practice,Negative,7,19,4,1
ECOSIP-1250,Synthetic Campaign 250,Sustainability,Clean Technology,United Kingdom,Our campaign introduces an eco friendly product. We aim to provide practical value to customers while creating a reliable product experience.,33247.0,51886.0,156.06,19,2730.84,37,December,4,999,2793.0,4506.0,1,8,1074,3687,9294,4959,90144.0,22186,26100,0.07,12,1048,14.47,57.07,0.375,Successful,1,Synthetic - improved for EcoSip project practice,Positive,6,4,3,2
ECOSIP-1251,Synthetic Campaign 251,Gaming,Board Games,United Kingdom,Our campaign introduces an high quality reusable solution. We aim to provide practical value to customers while creating a reliable product experience.,38687.0,61721.0,159.54,27,2285.96,29,January,7,1499,2295.0,4687.0,1,10,1005,16635,4619,1406,70143.0,12162,14611,0.18,9,3942,15.32,62.26,0.16,Successful,1,Synthetic - improved for EcoSip project practice,Positive,5,3,3,4
ECOSIP-1252,Synthetic Campaign 252,Technology,Electronics,Australia,Our campaign introduces an eco friendly product. We aim to provide practical value to customers while creating a reliable product experience.,228143.0,338161.0,148.22,109,3102.39,39,November,5,1499,3091.0,5064.0,1,13,2245,1054,2794,4783,86603.0,49478,49832,0.22,5,551,6.17,44.18,0.375,Failed,0,Synthetic - improved for EcoSip project practice,Positive,7,8,0,9
ECOSIP-1253,Synthetic Campaign 253,Design,Product Design,Canada,Our campaign introduces an product focused campaign. We aim to provide practical value to customers while creating a reliable product experience.,200270.0,279038.0,139.33,73,3822.44,25,November,4,1999,3830.0,9106.0,1,8,2089,13894,6091,3067,13433.0,29243,31050,0.24,6,368,6.39,25.72,0.0,Successful,1,Synthetic - improved for EcoSip project practice,Neutral,1,18,1,9
ECOSIP-1254,Synthetic Campaign 254,Education,EdTech,United Kingdom,Our campaign introduces an development challenges remain. We aim to provide practical value to customers while creating a reliable product experience.,129763.0,201068.0,154.95,127,1583.21,31,September,3,999,1582.0,2910.0,1,4,1571,20838,4725,2447,87175.0,32661,37548,0.34,9,859,17.24,43.6,0.0,Successful,1,Synthetic - improved for EcoSip project practice,Neutral,2,7,3,11
ECOSIP-1255,Synthetic Campaign 255,Technology,Software,United States,Our campaign introduces an innovative sustainable solution. We aim to provide practical value to customers while creating a reliable product experience.,28062.0,37988.0,135.37,15,2532.53,21,November,7,999,2456.0,6984.0,1,3,1859,27047,1610,2024,35459.0,43581,44514,0.03,14,4532,15.03,54.52,0.5,Successful,1,Synthetic - improved for EcoSip project practice,Positive,7,20,4,9
ECOSIP-1256,Synthetic Campaign 256,Sustainability,Green Living,United States,Our campaign introduces an designed for everyday convenience. We aim to provide practical value to customers while creating a reliable product experience.,56414.0,79337.0,140.63,142,558.71,26,September,6,299,557.0,1490.0,1,7,359,23644,1214,1950,21941.0,2902,5766,2.46,7,2554,20.74,46.27,-0.2,Successful,1,Synthetic - improved for EcoSip project practice,Negative,6,11,4,11
ECOSIP-1257,Synthetic Campaign 257,Food,Kitchen,United Kingdom,Our campaign introduces an designed with customers in mind. We aim to provide practical value to customers while creating a reliable product experience.,223470.0,354380.0,158.58,119,2977.98,35,May,7,999,2983.0,7605.0,1,11,1266,29640,5469,4861,27740.0,13775,16346,0.73,11,4591,18.31,58.25,0.0,Successful,1,Synthetic - improved for EcoSip project practice,Neutral,4,14,3,8
ECOSIP-1258,Synthetic Campaign 258,Gaming,Video Games,Canada,Our campaign introduces an eco friendly product. We aim to provide practical value to customers while creating a reliable product experience.,85203.0,129579.0,152.08,81,1599.74,22,October,6,499,1595.0,3869.0,1,10,2211,25867,2772,4790,44707.0,28682,32524,0.25,0,1841,13.56,31.26,0.375,Successful,1,Synthetic - improved for EcoSip project practice,Positive,5,23,1,10
ECOSIP-1259,Synthetic Campaign 259,Fashion,Sustainable Fashion,United States,Our campaign introduces an designed for everyday use. We aim to provide practical value to customers while creating a reliable product experience.,500000.0,746559.0,149.31,963,775.24,32,April,5,299,775.0,2166.0,0,15,2019,787,520,2183,28863.0,15415,17550,5.49,11,1482,19.84,65.59,-0.2,Failed,0,Synthetic - improved for EcoSip project practice,Negative,3,21,4,0
ECOSIP-1260,Synthetic Campaign 260,Sustainability,Green Living,Australia,Our campaign introduces an smart technology for modern consumers. We aim to provide practical value to customers while creating a reliable product experience.,106855.0,137903.0,129.06,80,1723.79,22,November,6,499,1728.0,3170.0,1,6,274,8601,9658,3887,35454.0,1409,3476,2.3,3,1446,5.49,35.0,0.20714285714285713,Failed,0,Synthetic - improved for EcoSip project practice,Positive,6,11,0,9
ECOSIP-1261,Synthetic Campaign 261,Technology,Smart Devices,United States,Our campaign introduces an product focused campaign. We aim to provide practical value to customers while creating a reliable product experience.,89151.0,107887.0,121.02,22,4903.95,37,June,5,1999,4800.0,13486.0,0,7,1092,15238,1518,2446,17823.0,49074,49273,0.04,10,339,10.16,41.88,0.0,Failed,0,Synthetic - improved for EcoSip project practice,Neutral,7,19,4,6
ECOSIP-1262,Synthetic Campaign 262,Gaming,Gaming Hardware,India,Our campaign introduces an designed for everyday convenience. We aim to provide practical value to customers while creating a reliable product experience.,56786.0,76274.0,134.32,20,3813.7,30,December,3,1499,3788.0,10168.0,1,15,987,9794,7975,3813,33137.0,872,2824,0.71,4,4364,8.66,20.91,-0.2,Failed,0,Synthetic - improved for EcoSip project practice,Negative,5,10,2,2
ECOSIP-1263,Synthetic Campaign 263,Education,Training,India,Our campaign introduces an development challenges remain. We aim to provide practical value to customers while creating a reliable product experience.,84578.0,117839.0,139.33,17,6931.71,27,July,6,1999,6953.0,18232.0,1,7,2354,3227,858,2533,59367.0,23120,26403,0.06,1,4248,5.93,26.22,0.0,Successful,1,Synthetic - improved for EcoSip project practice,Neutral,2,22,2,5
ECOSIP-1264,Synthetic Campaign 264,Technology,Smart Devices,Canada,Our campaign introduces an designed for everyday convenience. We aim to provide practical value to customers while creating a reliable product experience.,65383.0,99571.0,152.29,34,2928.56,25,May,7,1499,2943.0,6892.0,1,8,429,23247,8413,3823,46976.0,34612,37067,0.09,0,4018,18.52,58.57,-0.2,Successful,1,Synthetic - improved for EcoSip project practice,Negative,7,19,1,8
ECOSIP-1265,Synthetic Campaign 265,Sustainability,Clean Technology,United Kingdom,Our campaign introduces an testing is still underway. We aim to provide practical value to customers while creating a reliable product experience.,141852.0,183264.0,129.19,27,6787.56,20,November,5,1999,6767.0,12650.0,1,5,481,12860,6769,2347,37938.0,9015,9226,0.29,7,4732,11.79,56.89,0.0,Failed,0,Synthetic - improved for EcoSip project practice,Neutral,6,4,3,9
ECOSIP-1266,Synthetic Campaign 266,Consumer Products,Personal Care,Canada,Our campaign introduces an innovative sustainable solution. We aim to provide practical value to customers while creating a reliable product experience.,177420.0,236286.0,133.18,149,1585.81,20,October,7,999,1584.0,3382.0,1,7,2167,11659,5123,637,75913.0,2931,6189,2.41,5,1398,12.89,32.76,0.5,Successful,1,Synthetic - improved for EcoSip project practice,Positive,0,17,1,10
ECOSIP-1267,Synthetic Campaign 267,Design,Industrial Design,Canada,Our campaign introduces an consumer lifestyle product. We aim to provide practical value to customers while creating a reliable product experience.,36970.0,51669.0,139.76,43,1201.6,42,September,4,499,1194.0,3212.0,1,4,592,14896,8062,2185,89883.0,21554,21836,0.2,4,4195,11.09,22.52,0.0,Failed,0,Synthetic - improved for EcoSip project practice,Neutral,1,13,1,11
ECOSIP-1268,Synthetic Campaign 268,Fashion,Sustainable Fashion,Canada,Our campaign introduces an eco friendly product. We aim to provide practical value to customers while creating a reliable product experience.,22632.0,33418.0,147.66,14,2387.0,27,March,5,1499,2458.0,3804.0,1,12,726,3495,1695,3328,76895.0,33124,37076,0.04,12,729,12.59,38.13,0.375,Failed,0,Synthetic - improved for EcoSip project practice,Positive,3,21,1,7
ECOSIP-1269,Synthetic Campaign 269,Food,Food Products,Canada,Our campaign introduces an designed with customers in mind. We aim to provide practical value to customers while creating a reliable product experience.,14367.0,20427.0,142.18,23,888.13,24,July,6,299,885.0,2366.0,1,3,2072,25489,8299,1012,36540.0,11085,11349,0.2,8,3245,6.24,22.07,0.0,Failed,0,Synthetic - improved for EcoSip project practice,Neutral,4,9,1,5
ECOSIP-1270,Synthetic Campaign 270,Sustainability,Green Living,Australia,Our campaign introduces an innovative sustainable solution. We aim to provide practical value to customers while creating a reliable product experience.,118472.0,162125.0,136.85,120,1351.04,35,October,5,499,1356.0,2522.0,0,13,704,945,1179,1397,75722.0,48730,50967,0.24,12,4586,15.16,28.43,0.5,Successful,1,Synthetic - improved for EcoSip project practice,Positive,6,11,0,10
ECOSIP-1271,Synthetic Campaign 271,Gaming,Video Games,Australia,Our campaign introduces an designed with customers in mind. We aim to provide practical value to customers while creating a reliable product experience.,27784.0,39606.0,142.55,45,880.13,30,October,7,299,871.0,1495.0,0,3,1505,1264,1403,4401,19438.0,32458,34581,0.13,10,2141,11.67,53.56,0.0,Successful,1,Synthetic - improved for EcoSip project practice,Neutral,5,23,0,10
ECOSIP-1272,Synthetic Campaign 272,Fashion,Apparel,United States,Our campaign introduces an high quality reusable solution. We aim to provide practical value to customers while creating a reliable product experience.,10804.0,18617.0,172.32,17,1095.12,24,November,3,499,1122.0,1878.0,1,12,538,13054,817,3194,17380.0,2195,2749,0.62,12,1110,22.06,74.29,0.16,Successful,1,Synthetic - improved for EcoSip project practice,Positive,3,1,4,9
ECOSIP-1273,Synthetic Campaign 273,Fashion,Apparel,India,Our campaign introduces an eco friendly product. We aim to provide practical value to customers while creating a reliable product experience.,106400.0,151696.0,142.57,136,1115.41,23,May,5,499,1117.0,1721.0,1,9,1486,6004,3945,4802,37835.0,35175,37560,0.36,15,682,7.64,25.13,0.375,Successful,1,Synthetic - improved for EcoSip project practice,Positive,3,1,2,8
ECOSIP-1274,Synthetic Campaign 274,Fashion,Accessories,Canada,Our campaign introduces an consumer lifestyle product. We aim to provide practical value to customers while creating a reliable product experience.,500000.0,643648.0,128.73,202,3186.38,25,July,6,1999,3180.0,7268.0,1,4,779,13831,8924,1325,81732.0,34287,39209,0.52,15,526,7.03,40.86,0.0,Failed,0,Synthetic - improved for EcoSip project practice,Neutral,3,0,1,5
ECOSIP-1275,Synthetic Campaign 275,Technology,Electronics,United States,Our campaign introduces an designed with customers in mind. We aim to provide practical value to customers while creating a reliable product experience.,74591.0,102097.0,136.88,31,3293.45,33,February,4,1499,3298.0,6027.0,1,6,845,26443,3504,4853,28403.0,44725,45366,0.07,10,2542,14.71,30.96,0.0,Failed,0,Synthetic - improved for EcoSip project practice,Neutral,7,8,4,3
ECOSIP-1276,Synthetic Campaign 276,Design,Industrial Design,India,Our campaign introduces an high quality reusable solution. We aim to provide practical value to customers while creating a reliable product experience.,159514.0,202557.0,126.98,40,5063.92,41,April,3,1499,5035.0,15025.0,1,7,684,21844,7379,3098,11009.0,1903,4668,0.86,1,3680,16.7,24.34,0.16,Failed,0,Synthetic - improved for EcoSip project practice,Positive,1,13,2,0
ECOSIP-1277,Synthetic Campaign 277,Technology,Smart Devices,United Kingdom,Our campaign introduces an new product development. We aim to provide practical value to customers while creating a reliable product experience.,80732.0,98074.0,121.48,87,1127.29,38,February,4,499,1127.0,2662.0,0,9,1131,454,1840,2706,17512.0,18310,20859,0.42,9,791,10.53,26.2,0.13636363636363635,Failed,0,Synthetic - improved for EcoSip project practice,Positive,7,19,3,3
ECOSIP-1278,Synthetic Campaign 278,Gaming,Video Games,Australia,Our campaign introduces an new product development. We aim to provide practical value to customers while creating a reliable product experience.,68613.0,80704.0,117.62,26,3104.0,28,December,5,999,3160.0,5394.0,1,4,2031,18356,9719,3003,86581.0,9355,13388,0.19,11,3533,13.79,38.03,0.13636363636363635,Failed,0,Synthetic - improved for EcoSip project practice,Positive,5,23,0,2
ECOSIP-1279,Synthetic Campaign 279,Technology,Smart Devices,India,Our campaign introduces an smart technology for modern consumers. We aim to provide practical value to customers while creating a reliable product experience.,171513.0,231163.0,134.78,73,3166.62,31,July,7,999,3181.0,8058.0,1,8,651,18508,935,2543,65209.0,39136,42122,0.17,7,3568,20.21,22.85,0.20714285714285713,Failed,0,Synthetic - improved for EcoSip project practice,Positive,7,19,2,5
ECOSIP-1280,Synthetic Campaign 280,Consumer Products,Lifestyle,United Kingdom,Our campaign introduces an high quality reusable solution. We aim to provide practical value to customers while creating a reliable product experience.,57757.0,86622.0,149.98,129,671.49,30,February,7,299,672.0,1913.0,1,3,2385,2917,7784,3602,29054.0,11339,16053,0.8,10,2396,22.32,42.03,0.16,Successful,1,Synthetic - improved for EcoSip project practice,Positive,0,16,3,3
ECOSIP-1281,Synthetic Campaign 281,Design,Creative,India,Our campaign introduces an product focused campaign. We aim to provide practical value to customers while creating a reliable product experience.,95406.0,117147.0,122.79,142,824.98,33,November,6,299,826.0,2162.0,0,9,1815,3932,3956,1505,57753.0,510,4902,2.9,13,4792,14.65,23.4,0.0,Successful,1,Synthetic - improved for EcoSip project practice,Neutral,1,5,2,9
ECOSIP-1282,Synthetic Campaign 282,Design,Industrial Design,Australia,Our campaign introduces an high quality reusable solution. We aim to provide practical value to customers while creating a reliable product experience.,100185.0,125443.0,125.21,37,3390.35,42,January,7,1999,3380.0,5458.0,1,11,558,12567,4542,2120,55120.0,39598,43602,0.08,9,1599,14.87,29.02,0.16,Failed,0,Synthetic - improved for EcoSip project practice,Positive,1,13,0,4
ECOSIP-1283,Synthetic Campaign 283,Gaming,Video Games,Australia,Our campaign introduces an designed for everyday convenience. We aim to provide practical value to customers while creating a reliable product experience.,41108.0,53677.0,130.58,63,852.02,35,September,3,499,852.0,2423.0,1,7,592,8357,9780,4601,67266.0,48329,50117,0.13,12,1511,7.8,27.06,-0.2,Failed,0,Synthetic - improved for EcoSip project practice,Negative,5,23,0,11
ECOSIP-1284,Synthetic Campaign 284,Food,Food Products,United States,Our campaign introduces an testing is still underway. We aim to provide practical value to customers while creating a reliable product experience.,183154.0,224419.0,122.53,469,478.51,20,January,7,299,478.0,1286.0,0,7,685,13207,2123,3735,27153.0,9730,11467,4.09,8,3804,15.93,50.84,0.0,Failed,0,Synthetic - improved for EcoSip project practice,Neutral,4,9,4,4
ECOSIP-1285,Synthetic Campaign 285,Consumer Products,Home,Canada,Our campaign introduces an designed with customers in mind. We aim to provide practical value to customers while creating a reliable product experience.,64073.0,97015.0,151.41,122,795.2,32,August,6,299,796.0,1383.0,1,6,426,12558,362,2021,87118.0,40732,45560,0.27,0,4328,11.9,54.87,0.0,Failed,0,Synthetic - improved for EcoSip project practice,Neutral,0,12,1,1
ECOSIP-1286,Synthetic Campaign 286,Sustainability,Eco Products,India,Our campaign introduces an designed for everyday convenience. We aim to provide practical value to customers while creating a reliable product experience.,37990.0,41264.0,108.62,35,1178.97,42,February,5,499,1174.0,1852.0,0,5,388,28766,6319,1407,34390.0,48014,52784,0.07,6,3090,15.8,44.59,-0.2,Failed,0,Synthetic - improved for EcoSip project practice,Negative,6,6,2,3
ECOSIP-1287,Synthetic Campaign 287,Technology,Software,India,Our campaign introduces an designed for everyday use. We aim to provide practical value to customers while creating a reliable product experience.,121553.0,176945.0,145.57,34,5204.26,40,December,5,1999,5190.0,12124.0,1,11,443,10813,5367,3203,70943.0,36271,40453,0.08,7,1086,5.79,38.58,-0.2,Failed,0,Synthetic - improved for EcoSip project practice,Negative,7,20,2,2
ECOSIP-1288,Synthetic Campaign 288,Education,Training,United Kingdom,Our campaign introduces an early stage product. We aim to provide practical value to customers while creating a reliable product experience.,33410.0,46128.0,138.07,61,756.2,40,August,7,299,760.0,1318.0,0,7,1434,2681,860,1050,6532.0,29756,31746,0.19,2,1110,11.36,33.69,0.1,Successful,1,Synthetic - improved for EcoSip project practice,Positive,2,22,3,1
ECOSIP-1289,Synthetic Campaign 289,Technology,Smart Devices,Australia,Our campaign introduces an innovative sustainable solution. We aim to provide practical value to customers while creating a reliable product experience.,76927.0,99778.0,129.7,23,4338.17,32,March,4,1999,4399.0,12106.0,1,10,1192,9682,6891,1785,40402.0,26151,29456,0.08,13,512,12.54,34.26,0.5,Failed,0,Synthetic - improved for EcoSip project practice,Positive,7,19,0,7
ECOSIP-1290,Synthetic Campaign 290,Fashion,Apparel,India,Our campaign introduces an designed with customers in mind. We aim to provide practical value to customers while creating a reliable product experience.,74387.0,94214.0,126.65,22,4282.45,21,June,5,1499,4280.0,8721.0,1,11,774,25806,2082,4783,38412.0,32883,33460,0.07,3,1349,9.96,19.7,0.0,Successful,1,Synthetic - improved for EcoSip project practice,Neutral,3,1,2,6
ECOSIP-1291,Synthetic Campaign 291,Technology,Software,Australia,Our campaign introduces an innovative sustainable solution. We aim to provide practical value to customers while creating a reliable product experience.,199297.0,286675.0,143.84,48,5972.4,23,March,7,1999,6031.0,17305.0,0,7,1874,18970,9749,1240,56631.0,40463,42929,0.11,12,3895,7.95,52.85,0.5,Successful,1,Synthetic - improved for EcoSip project practice,Positive,7,20,0,7
ECOSIP-1292,Synthetic Campaign 292,Sustainability,Eco Products,India,Our campaign introduces an designed with customers in mind. We aim to provide practical value to customers while creating a reliable product experience.,114975.0,144857.0,125.99,95,1524.81,25,July,6,999,1528.0,3589.0,1,12,990,25510,7179,4950,11910.0,14162,16788,0.57,2,633,12.74,32.12,0.0,Successful,1,Synthetic - improved for EcoSip project practice,Neutral,6,6,2,5
ECOSIP-1293,Synthetic Campaign 293,Technology,Electronics,United States,Our campaign introduces an innovative sustainable solution. We aim to provide practical value to customers while creating a reliable product experience.,73330.0,109818.0,149.76,57,1926.63,45,October,7,999,1913.0,3394.0,1,11,1111,8518,2755,4991,80062.0,14239,14705,0.39,6,1896,18.08,36.54,0.5,Successful,1,Synthetic - improved for EcoSip project practice,Positive,7,8,4,10
ECOSIP-1294,Synthetic Campaign 294,Consumer Products,Personal Care,Canada,Our campaign introduces an new product development. We aim to provide practical value to customers while creating a reliable product experience.,156566.0,178203.0,113.82,30,5940.1,42,September,5,1999,5850.0,10000.0,1,4,1203,28191,8838,3826,25689.0,48856,50792,0.06,8,3360,12.22,37.5,0.13636363636363635,Failed,0,Synthetic - improved for EcoSip project practice,Positive,0,17,1,11
ECOSIP-1295,Synthetic Campaign 295,Consumer Products,Home,India,Our campaign introduces an designed with customers in mind. We aim to provide practical value to customers while creating a reliable product experience.,262087.0,301144.0,114.9,133,2264.24,24,February,6,999,2271.0,5370.0,1,11,1552,29213,2197,2434,69319.0,2289,4104,3.24,2,1060,6.68,32.27,0.0,Failed,0,Synthetic - improved for EcoSip project practice,Neutral,0,12,2,3
ECOSIP-1296,Synthetic Campaign 296,Design,Product Design,Australia,Our campaign introduces an consumer lifestyle product. We aim to provide practical value to customers while creating a reliable product experience.,123905.0,152455.0,123.04,36,4234.86,44,December,7,1499,4235.0,11192.0,1,13,1524,18927,665,4365,81305.0,19920,20032,0.18,12,3782,14.49,54.66,0.0,Failed,0,Synthetic - improved for EcoSip project practice,Neutral,1,18,0,2
ECOSIP-1297,Synthetic Campaign 297,Gaming,Video Games,United States,Our campaign introduces an designed for everyday use. We aim to provide practical value to customers while creating a reliable product experience.,75702.0,109864.0,145.13,100,1098.64,22,December,3,499,1095.0,2926.0,1,6,1993,25403,997,1638,58378.0,24261,24896,0.4,5,3926,8.83,37.28,-0.2,Successful,1,Synthetic - improved for EcoSip project practice,Negative,5,23,4,2
ECOSIP-1298,Synthetic Campaign 298,Food,Kitchen,India,Our campaign introduces an early stage product. We aim to provide practical value to customers while creating a reliable product experience.,23031.0,36336.0,157.77,16,2271.0,20,May,6,999,2279.0,4361.0,1,8,2437,14519,5727,1283,75384.0,40866,44205,0.04,7,4028,8.05,52.72,0.1,Successful,1,Synthetic - improved for EcoSip project practice,Positive,4,14,2,8
ECOSIP-1299,Synthetic Campaign 299,Education,Training,United Kingdom,Our campaign introduces an designed for everyday use. We aim to provide practical value to customers while creating a reliable product experience.,28757.0,45462.0,158.09,25,1818.48,23,June,3,999,1816.0,3280.0,1,8,1041,28362,4701,891,67877.0,38106,40523,0.06,5,1339,17.85,38.49,-0.2,Successful,1,Synthetic - improved for EcoSip project practice,Negative,2,22,3,6
ECOSIP-1300,Synthetic Campaign 300,Fashion,Apparel,Canada,Our campaign introduces an high quality reusable solution. We aim to provide practical value to customers while creating a reliable product experience.,56985.0,78126.0,137.1,19,4111.89,44,April,4,1999,4031.0,6148.0,1,8,795,11914,7916,854,38775.0,39140,43282,0.04,1,4124,17.98,61.31,0.16,Successful,1,Synthetic - improved for EcoSip project practice,Positive,3,1,1,0
ECOSIP-1301,Synthetic Campaign 301,Technology,Software,India,Our campaign introduces an designed with customers in mind. We aim to provide practical value to customers while creating a reliable product experience.,43334.0,60614.0,139.88,15,4040.93,39,April,6,1499,4064.0,10236.0,1,4,2094,1136,2063,2842,81842.0,44635,45110,0.03,12,3377,12.28,39.66,0.0,Successful,1,Synthetic - improved for EcoSip project practice,Neutral,7,20,2,0
ECOSIP-1302,Synthetic Campaign 302,Technology,Electronics,United States,Our campaign introduces an designed for everyday use. We aim to provide practical value to customers while creating a reliable product experience.,63384.0,94541.0,149.16,80,1181.76,21,April,3,499,1181.0,1907.0,0,9,1266,10124,3747,938,32997.0,37567,39391,0.2,6,3961,13.99,50.75,-0.2,Successful,1,Synthetic - improved for EcoSip project practice,Negative,7,8,4,0
ECOSIP-1303,Synthetic Campaign 303,Sustainability,Clean Technology,United Kingdom,Our campaign introduces an designed for everyday use. We aim to provide practical value to customers while creating a reliable product experience.,78923.0,104465.0,132.36,17,6145.0,45,February,5,1999,6094.0,12987.0,0,15,2177,11032,540,1744,59265.0,17857,18213,0.09,1,2507,8.78,24.89,-0.2,Failed,0,Synthetic - improved for EcoSip project practice,Negative,6,4,3,3
ECOSIP-1304,Synthetic Campaign 304,Gaming,Video Games,United States,Our campaign introduces an smart technology for modern consumers. We aim to provide practical value to customers while creating a reliable product experience.,120809.0,170949.0,141.5,27,6331.44,24,April,5,1999,6407.0,15393.0,0,8,1803,25168,4400,2433,75813.0,40351,42715,0.06,1,1583,12.64,52.34,0.20714285714285713,Failed,0,Synthetic - improved for EcoSip project practice,Positive,5,23,4,0
ECOSIP-1305,Synthetic Campaign 305,Consumer Products,Lifestyle,United States,Our campaign introduces an smart technology for modern consumers. We aim to provide practical value to customers while creating a reliable product experience.,70389.0,91425.0,129.89,24,3809.38,22,November,4,1499,3872.0,11251.0,1,13,306,7535,2478,1333,41001.0,38762,39311,0.06,1,2644,5.95,29.97,0.20714285714285713,Failed,0,Synthetic - improved for EcoSip project practice,Positive,0,16,4,9
ECOSIP-1306,Synthetic Campaign 306,Education,Training,United Kingdom,Our campaign introduces an smart technology for modern consumers. We aim to provide practical value to customers while creating a reliable product experience.,116203.0,173824.0,149.59,115,1511.51,28,January,6,499,1505.0,2961.0,1,3,2409,1648,5037,4518,33763.0,11817,12810,0.9,10,2778,21.65,42.57,0.20714285714285713,Successful,1,Synthetic - improved for EcoSip project practice,Positive,2,22,3,4
ECOSIP-1307,Synthetic Campaign 307,Design,Creative,United States,Our campaign introduces an high quality reusable solution. We aim to provide practical value to customers while creating a reliable product experience.,79481.0,95708.0,120.42,30,3190.27,39,December,6,1499,3169.0,5941.0,1,4,254,25819,8783,2125,48638.0,22034,25346,0.12,14,1221,15.18,49.97,0.16,Failed,0,Synthetic - improved for EcoSip project practice,Positive,1,5,4,2
ECOSIP-1308,Synthetic Campaign 308,Consumer Products,Lifestyle,United Kingdom,Our campaign introduces an product focused campaign. We aim to provide practical value to customers while creating a reliable product experience.,12674.0,17515.0,138.2,15,1167.67,25,June,6,499,1163.0,2886.0,1,9,1687,5165,9529,2588,82707.0,26234,27518,0.05,0,785,15.22,60.97,0.0,Failed,0,Synthetic - improved for EcoSip project practice,Neutral,0,16,3,6
ECOSIP-1309,Synthetic Campaign 309,Fashion,Sustainable Fashion,India,Our campaign introduces an designed for everyday use. We aim to provide practical value to customers while creating a reliable product experience.,32204.0,49873.0,154.87,11,4533.91,37,January,4,1499,4385.0,10651.0,1,3,1612,22980,9875,1158,93343.0,36397,39720,0.03,13,1170,14.65,42.96,-0.2,Successful,1,Synthetic - improved for EcoSip project practice,Negative,3,21,2,4
ECOSIP-1310,Synthetic Campaign 310,Gaming,Board Games,United Kingdom,Our campaign introduces an designed for everyday use. We aim to provide practical value to customers while creating a reliable product experience.,65878.0,83032.0,126.04,18,4612.89,25,October,6,1999,4543.0,9078.0,1,3,2070,22667,4970,229,56783.0,33372,34780,0.05,15,2393,15.76,50.47,-0.2,Failed,0,Synthetic - improved for EcoSip project practice,Negative,5,3,3,10
ECOSIP-1311,Synthetic Campaign 311,Fashion,Apparel,United Kingdom,Our campaign introduces an early stage product. We aim to provide practical value to customers while creating a reliable product experience.,25248.0,28849.0,114.26,5,5769.8,38,June,5,1999,5351.0,15476.0,1,3,1532,20441,2976,1084,67839.0,40701,45506,0.01,10,2664,10.21,18.97,0.1,Successful,1,Synthetic - improved for EcoSip project practice,Positive,3,1,3,6
ECOSIP-1312,Synthetic Campaign 312,Food,Beverages,Canada,Our campaign introduces an product focused campaign. We aim to provide practical value to customers while creating a reliable product experience.,128692.0,176919.0,137.47,316,559.87,31,January,3,299,559.0,1547.0,0,10,2387,3507,9594,4931,90811.0,8189,9205,3.43,0,3550,9.07,55.58,0.0,Successful,1,Synthetic - improved for EcoSip project practice,Neutral,4,2,1,4
ECOSIP-1313,Synthetic Campaign 313,Design,Industrial Design,United Kingdom,Our campaign introduces an early stage product. We aim to provide practical value to customers while creating a reliable product experience.,297426.0,467297.0,157.11,173,2701.14,44,June,5,999,2697.0,4952.0,1,6,1523,739,7332,2240,14362.0,4067,4314,4.01,13,4707,7.74,53.24,0.1,Successful,1,Synthetic - improved for EcoSip project practice,Positive,1,13,3,6
ECOSIP-1314,Synthetic Campaign 314,Food,Beverages,United Kingdom,Our campaign introduces an smart technology for modern consumers. We aim to provide practical value to customers while creating a reliable product experience.,224612.0,322661.0,143.65,67,4815.84,30,October,5,1499,4831.0,8979.0,1,6,1381,272,4426,253,27047.0,21232,26083,0.26,15,4645,15.47,42.61,0.20714285714285713,Failed,0,Synthetic - improved for EcoSip project practice,Positive,4,2,3,10
ECOSIP-1315,Synthetic Campaign 315,Sustainability,Eco Products,India,Our campaign introduces an product focused campaign. We aim to provide practical value to customers while creating a reliable product experience.,61892.0,78804.0,127.33,81,972.89,21,August,3,299,968.0,2196.0,1,15,917,5766,9540,812,72346.0,21274,23488,0.34,6,1105,18.02,53.1,0.0,Failed,0,Synthetic - improved for EcoSip project practice,Neutral,6,6,2,1
ECOSIP-1316,Synthetic Campaign 316,Fashion,Sustainable Fashion,Canada,Our campaign introduces an product focused campaign. We aim to provide practical value to customers while creating a reliable product experience.,286902.0,388834.0,135.53,132,2945.71,34,November,5,999,2946.0,7837.0,1,4,1531,4454,4918,3130,83256.0,23695,27811,0.47,15,33,6.56,54.7,0.0,Failed,0,Synthetic - improved for EcoSip project practice,Neutral,3,21,1,9
ECOSIP-1317,Synthetic Campaign 317,Sustainability,Eco Products,Australia,Our campaign introduces an consumer lifestyle product. We aim to provide practical value to customers while creating a reliable product experience.,85737.0,131131.0,152.95,29,4521.76,31,February,4,1499,4484.0,7022.0,0,13,1246,20443,7036,2186,86418.0,37912,41952,0.07,14,4729,7.89,36.57,0.0,Successful,1,Synthetic - improved for EcoSip project practice,Neutral,6,6,0,3
ECOSIP-1318,Synthetic Campaign 318,Technology,Electronics,India,Our campaign introduces an high quality reusable solution. We aim to provide practical value to customers while creating a reliable product experience.,55374.0,81905.0,147.91,63,1300.08,31,February,3,499,1305.0,3315.0,1,13,2176,25192,6912,354,44435.0,48234,52405,0.12,12,3566,12.13,57.31,0.16,Failed,0,Synthetic - improved for EcoSip project practice,Positive,7,8,2,3
ECOSIP-1319,Synthetic Campaign 319,Food,Food Products,India,Our campaign introduces an designed for everyday convenience. We aim to provide practical value to customers while creating a reliable product experience.,43182.0,49609.0,114.88,19,2611.0,28,December,5,999,2667.0,6594.0,1,13,531,25198,4473,1379,13487.0,44598,47493,0.04,15,1089,14.57,20.66,-0.2,Failed,0,Synthetic - improved for EcoSip project practice,Negative,4,9,2,2
ECOSIP-1320,Synthetic Campaign 320,Gaming,Gaming Hardware,Australia,Our campaign introduces an new product development. We aim to provide practical value to customers while creating a reliable product experience.,57126.0,73646.0,128.92,21,3506.95,40,April,7,1999,3533.0,6526.0,1,3,1477,10209,6920,1234,46589.0,22757,23299,0.09,13,4328,8.41,51.16,0.13636363636363635,Successful,1,Synthetic - improved for EcoSip project practice,Positive,5,10,0,0
ECOSIP-1321,Synthetic Campaign 321,Fashion,Apparel,United Kingdom,Our campaign introduces an high quality reusable solution. We aim to provide practical value to customers while creating a reliable product experience.,52885.0,56727.0,107.26,79,718.06,43,November,5,299,714.0,1801.0,1,14,2313,2986,8209,4439,26920.0,4894,7938,1.0,13,188,6.49,37.82,0.16,Failed,0,Synthetic - improved for EcoSip project practice,Positive,3,1,3,9
ECOSIP-1322,Synthetic Campaign 322,Education,Learning,United States,Our campaign introduces an high quality reusable solution. We aim to provide practical value to customers while creating a reliable product experience.,87432.0,108912.0,124.57,45,2420.27,21,March,4,999,2399.0,6982.0,1,12,1185,2264,2123,303,32664.0,36802,40838,0.11,14,2857,13.0,21.97,0.16,Failed,0,Synthetic - improved for EcoSip project practice,Positive,2,15,4,7
ECOSIP-1323,Synthetic Campaign 323,Design,Product Design,Canada,Our campaign introduces an eco friendly product. We aim to provide practical value to customers while creating a reliable product experience.,86661.0,125371.0,144.67,37,3388.41,41,April,6,999,3414.0,5361.0,0,11,503,26605,6220,232,78365.0,22728,23226,0.16,13,1970,13.64,51.35,0.375,Failed,0,Synthetic - improved for EcoSip project practice,Positive,1,18,1,0
ECOSIP-1324,Synthetic Campaign 324,Consumer Products,Personal Care,United States,Our campaign introduces an innovative sustainable solution. We aim to provide practical value to customers while creating a reliable product experience.,75206.0,99653.0,132.51,21,4745.38,22,December,5,1999,4722.0,9347.0,0,9,1461,4045,751,1678,12175.0,12888,14139,0.15,11,1483,4.93,42.95,0.5,Successful,1,Synthetic - improved for EcoSip project practice,Positive,0,17,4,2
ECOSIP-1325,Synthetic Campaign 325,Gaming,Board Games,Australia,Our campaign introduces an eco friendly product. We aim to provide practical value to customers while creating a reliable product experience.,111134.0,132644.0,119.36,34,3901.29,31,July,6,1499,3895.0,8403.0,0,6,578,21719,8163,4098,83620.0,11819,15711,0.22,4,4898,4.75,39.19,0.375,Failed,0,Synthetic - improved for EcoSip project practice,Positive,5,3,0,5
ECOSIP-1326,Synthetic Campaign 326,Gaming,Board Games,India,Our campaign introduces an smart technology for modern consumers. We aim to provide practical value to customers while creating a reliable product experience.,219000.0,331740.0,151.48,259,1280.85,45,November,7,499,1281.0,3649.0,1,14,1670,10501,6875,4867,45629.0,6975,10070,2.57,10,4989,16.23,35.94,0.20714285714285713,Successful,1,Synthetic - improved for EcoSip project practice,Positive,5,3,2,9
ECOSIP-1327,Synthetic Campaign 327,Sustainability,Eco Products,India,Our campaign introduces an eco friendly product. We aim to provide practical value to customers while creating a reliable product experience.,176282.0,247158.0,140.21,45,5492.4,35,January,5,1999,5544.0,16318.0,0,8,1790,7846,7917,1437,61626.0,32055,34371,0.13,15,1222,12.03,32.24,0.375,Failed,0,Synthetic - improved for EcoSip project practice,Positive,6,6,2,4
ECOSIP-1328,Synthetic Campaign 328,Food,Beverages,Canada,Our campaign introduces an consumer lifestyle product. We aim to provide practical value to customers while creating a reliable product experience.,19709.0,27360.0,138.82,18,1520.0,40,June,3,499,1495.0,3238.0,1,4,1442,12075,4314,2406,13517.0,18658,20465,0.09,2,819,20.34,52.58,0.0,Successful,1,Synthetic - improved for EcoSip project practice,Neutral,4,2,1,6
ECOSIP-1329,Synthetic Campaign 329,Fashion,Apparel,India,Our campaign introduces an consumer lifestyle product. We aim to provide practical value to customers while creating a reliable product experience.,10000.0,12898.0,128.98,4,3224.5,43,March,6,1499,2923.0,7673.0,1,9,1966,19074,8018,1814,37049.0,15228,18659,0.02,0,429,14.37,29.28,0.0,Failed,0,Synthetic - improved for EcoSip project practice,Neutral,3,1,2,7
ECOSIP-1330,Synthetic Campaign 330,Fashion,Accessories,India,Our campaign introduces an consumer lifestyle product. We aim to provide practical value to customers while creating a reliable product experience.,173882.0,255312.0,146.83,100,2553.12,45,November,7,999,2555.0,5870.0,1,4,1451,7854,8196,124,13522.0,45274,47361,0.21,10,3669,4.58,41.68,0.0,Successful,1,Synthetic - improved for EcoSip project practice,Neutral,3,0,2,9
ECOSIP-1331,Synthetic Campaign 331,Technology,Software,Canada,Our campaign introduces an designed for everyday use. We aim to provide practical value to customers while creating a reliable product experience.,21918.0,32677.0,149.09,21,1556.05,20,October,3,499,1573.0,3628.0,1,12,904,15696,7826,4885,96347.0,30045,34747,0.06,9,3826,13.08,53.44,-0.2,Successful,1,Synthetic - improved for EcoSip project practice,Negative,7,20,1,10
ECOSIP-1332,Synthetic Campaign 332,Technology,Smart Devices,Canada,Our campaign introduces an designed for everyday use. We aim to provide practical value to customers while creating a reliable product experience.,61264.0,89855.0,146.67,124,724.64,40,July,3,299,725.0,1390.0,1,10,1635,21418,8608,3913,81690.0,31600,34268,0.36,5,1288,11.69,25.5,-0.2,Successful,1,Synthetic - improved for EcoSip project practice,Negative,7,19,1,5
ECOSIP-1333,Synthetic Campaign 333,Design,Product Design,Australia,Our campaign introduces an smart technology for modern consumers. We aim to provide practical value to customers while creating a reliable product experience.,26164.0,36144.0,138.14,59,612.61,22,October,3,299,615.0,1123.0,0,10,1009,20560,8769,3865,48665.0,16650,16910,0.35,10,2533,5.91,45.36,0.20714285714285713,Successful,1,Synthetic - improved for EcoSip project practice,Positive,1,18,0,10
ECOSIP-1334,Synthetic Campaign 334,Sustainability,Eco Products,India,Our campaign introduces an consumer lifestyle product. We aim to provide practical value to customers while creating a reliable product experience.,14816.0,21216.0,143.2,4,5304.0,39,February,3,1999,5616.0,10850.0,1,3,2048,5285,4936,3710,26242.0,33714,38249,0.01,0,1450,20.16,46.8,0.0,Failed,0,Synthetic - improved for EcoSip project practice,Neutral,6,6,2,3
ECOSIP-1335,Synthetic Campaign 335,Gaming,Gaming Hardware,India,Our campaign introduces an high quality reusable solution. We aim to provide practical value to customers while creating a reliable product experience.,122096.0,170816.0,139.9,36,4744.89,21,February,5,1499,4718.0,11014.0,1,15,1313,1193,3985,3312,93678.0,33376,37380,0.1,8,1350,17.71,49.7,0.16,Successful,1,Synthetic - improved for EcoSip project practice,Positive,5,10,2,3
ECOSIP-1336,Synthetic Campaign 336,Fashion,Apparel,Australia,Our campaign introduces an innovative sustainable solution. We aim to provide practical value to customers while creating a reliable product experience.,148521.0,211230.0,142.22,65,3249.69,28,April,5,1999,3251.0,5019.0,1,10,665,3980,4669,398,37737.0,3739,7412,0.88,1,2231,8.19,37.12,0.5,Successful,1,Synthetic - improved for EcoSip project practice,Positive,3,1,0,0
ECOSIP-1337,Synthetic Campaign 337,Education,Learning,United Kingdom,Our campaign introduces an designed with customers in mind. We aim to provide practical value to customers while creating a reliable product experience.,44640.0,68108.0,152.57,11,6191.64,38,January,5,1999,6104.0,17463.0,0,4,504,10786,5241,3313,20294.0,39199,42476,0.03,0,2402,9.26,43.44,0.0,Successful,1,Synthetic - improved for EcoSip project practice,Neutral,2,15,3,4
ECOSIP-1338,Synthetic Campaign 338,Sustainability,Eco Products,United Kingdom,Our campaign introduces an consumer lifestyle product. We aim to provide practical value to customers while creating a reliable product experience.,10000.0,11403.0,114.03,2,5701.5,34,March,7,1999,6283.0,10897.0,0,8,1416,23043,6925,3349,58501.0,37321,39246,0.01,14,1371,3.86,28.39,0.0,Failed,0,Synthetic - improved for EcoSip project practice,Neutral,6,6,3,7
ECOSIP-1339,Synthetic Campaign 339,Design,Creative,United Kingdom,Our campaign introduces an eco friendly product. We aim to provide practical value to customers while creating a reliable product experience.,45873.0,69355.0,151.19,96,722.45,37,September,7,299,724.0,1325.0,0,15,2126,10871,7906,4828,94659.0,31115,35139,0.27,11,601,9.92,59.33,0.375,Successful,1,Synthetic - improved for EcoSip project practice,Positive,1,5,3,11
ECOSIP-1340,Synthetic Campaign 340,Design,Product Design,Australia,Our campaign introduces an smart technology for modern consumers. We aim to provide practical value to customers while creating a reliable product experience.,106710.0,125918.0,118.0,121,1040.64,45,July,7,299,1037.0,2362.0,1,3,1149,10780,5451,3458,5364.0,14246,15969,0.76,6,536,11.82,22.32,0.20714285714285713,Successful,1,Synthetic - improved for EcoSip project practice,Positive,1,18,0,5
ECOSIP-1341,Synthetic Campaign 341,Sustainability,Clean Technology,India,Our campaign introduces an smart technology for modern consumers. We aim to provide practical value to customers while creating a reliable product experience.,19816.0,27830.0,140.44,5,5566.0,30,July,4,1999,6144.0,15760.0,1,7,2308,2885,3072,244,27622.0,21421,22697,0.02,5,2513,11.31,61.64,0.20714285714285713,Successful,1,Synthetic - improved for EcoSip project practice,Positive,6,4,2,5
ECOSIP-1342,Synthetic Campaign 342,Design,Creative,Australia,Our campaign introduces an product focused campaign. We aim to provide practical value to customers while creating a reliable product experience.,88457.0,144538.0,163.4,159,909.04,44,November,7,299,911.0,1497.0,1,13,275,22549,5788,757,94153.0,23245,27065,0.59,5,1302,23.91,55.63,0.0,Successful,1,Synthetic - improved for EcoSip project practice,Neutral,1,5,0,9
ECOSIP-1343,Synthetic Campaign 343,Sustainability,Eco Products,Australia,Our campaign introduces an high quality reusable solution. We aim to provide practical value to customers while creating a reliable product experience.,73974.0,95879.0,129.61,21,4565.67,42,April,5,1499,4491.0,8877.0,1,9,670,14899,6034,255,21253.0,1745,6725,0.31,13,1664,4.76,53.93,0.16,Successful,1,Synthetic - improved for EcoSip project practice,Positive,6,6,0,0
ECOSIP-1344,Synthetic Campaign 344,Consumer Products,Lifestyle,United Kingdom,Our campaign introduces an eco friendly product. We aim to provide practical value to customers while creating a reliable product experience.,126324.0,148505.0,117.56,41,3622.07,35,February,5,1999,3601.0,10634.0,1,15,1494,16380,1820,4298,15758.0,47107,50427,0.08,4,4916,11.87,32.67,0.375,Failed,0,Synthetic - improved for EcoSip project practice,Positive,0,16,3,3
ECOSIP-1345,Synthetic Campaign 345,Sustainability,Clean Technology,United States,Our campaign introduces an high quality reusable solution. We aim to provide practical value to customers while creating a reliable product experience.,83522.0,139171.0,166.63,241,577.47,41,April,4,299,578.0,1094.0,1,12,2126,6639,9039,731,59168.0,25353,28712,0.84,10,197,22.16,41.6,0.16,Successful,1,Synthetic - improved for EcoSip project practice,Positive,6,4,4,0
ECOSIP-1346,Synthetic Campaign 346,Food,Food Products,India,Our campaign introduces an new product development. We aim to provide practical value to customers while creating a reliable product experience.,31241.0,39837.0,127.52,33,1207.18,36,June,4,499,1212.0,2387.0,1,3,1510,27434,3265,1908,86875.0,28132,28362,0.12,3,2768,11.18,53.59,0.13636363636363635,Successful,1,Synthetic - improved for EcoSip project practice,Positive,4,9,2,6
ECOSIP-1347,Synthetic Campaign 347,Sustainability,Eco Products,United Kingdom,Our campaign introduces an consumer lifestyle product. We aim to provide practical value to customers while creating a reliable product experience.,220171.0,252533.0,114.7,62,4073.11,24,November,7,1999,4054.0,11168.0,0,4,1258,18058,6744,4738,50325.0,13356,17018,0.36,10,538,3.48,20.61,0.0,Failed,0,Synthetic - improved for EcoSip project practice,Neutral,6,6,3,9
ECOSIP-1348,Synthetic Campaign 348,Design,Industrial Design,United States,Our campaign introduces an innovative sustainable solution. We aim to provide practical value to customers while creating a reliable product experience.,65028.0,101757.0,156.48,22,4625.32,31,November,6,1999,4659.0,7339.0,1,9,468,16116,3026,1279,99484.0,5605,7204,0.31,3,443,9.25,28.97,0.5,Failed,0,Synthetic - improved for EcoSip project practice,Positive,1,13,4,9
ECOSIP-1349,Synthetic Campaign 349,Fashion,Sustainable Fashion,United States,Our campaign introduces an product focused campaign. We aim to provide practical value to customers while creating a reliable product experience.,73179.0,94054.0,128.53,19,4950.21,30,March,4,1499,4912.0,10791.0,1,8,1760,22160,3787,768,69521.0,36190,39078,0.05,2,3522,8.85,30.82,0.0,Successful,1,Synthetic - improved for EcoSip project practice,Neutral,3,21,4,7
ECOSIP-1350,Synthetic Campaign 350,Food,Kitchen,Canada,Our campaign introduces an new product development. We aim to provide practical value to customers while creating a reliable product experience.,32380.0,50650.0,156.42,16,3165.62,34,January,3,999,3146.0,6510.0,1,5,2209,14830,9953,4006,12037.0,3013,7989,0.2,9,1814,22.82,68.5,0.13636363636363635,Failed,0,Synthetic - improved for EcoSip project practice,Positive,4,14,1,4
ECOSIP-1351,Synthetic Campaign 351,Design,Product Design,India,Our campaign introduces an product focused campaign. We aim to provide practical value to customers while creating a reliable product experience.,50327.0,73001.0,145.05,26,2807.73,22,December,5,999,2757.0,5445.0,0,12,912,10665,802,3571,99319.0,3301,7109,0.37,7,312,20.22,49.31,0.0,Successful,1,Synthetic - improved for EcoSip project practice,Neutral,1,18,2,2
ECOSIP-1352,Synthetic Campaign 352,Technology,Smart Devices,United States,Our campaign introduces an testing is still underway. We aim to provide practical value to customers while creating a reliable product experience.,33824.0,52951.0,156.55,11,4813.73,20,August,3,1499,4821.0,9298.0,0,4,1239,8160,1442,529,43750.0,32845,34652,0.03,6,4192,22.53,49.51,0.0,Successful,1,Synthetic - improved for EcoSip project practice,Neutral,7,19,4,1
ECOSIP-1353,Synthetic Campaign 353,Technology,Software,United Kingdom,Our campaign introduces an product focused campaign. We aim to provide practical value to customers while creating a reliable product experience.,64189.0,84344.0,131.4,18,4685.78,39,December,5,1499,4598.0,7527.0,0,12,438,4090,6839,1843,32303.0,14395,16264,0.11,8,447,16.96,47.52,0.0,Failed,0,Synthetic - improved for EcoSip project practice,Neutral,7,20,3,2
ECOSIP-1354,Synthetic Campaign 354,Fashion,Accessories,Canada,Our campaign introduces an consumer lifestyle product. We aim to provide practical value to customers while creating a reliable product experience.,350032.0,524017.0,149.71,148,3540.66,35,May,5,1499,3535.0,6972.0,0,6,504,21694,727,4900,57999.0,40249,41667,0.36,0,2598,10.81,41.21,0.0,Failed,0,Synthetic - improved for EcoSip project practice,Neutral,3,0,1,8
ECOSIP-1355,Synthetic Campaign 355,Fashion,Sustainable Fashion,India,Our campaign introduces an high quality reusable solution. We aim to provide practical value to customers while creating a reliable product experience.,21819.0,25273.0,115.83,13,1944.08,21,May,4,999,1900.0,2973.0,1,5,317,21329,155,2961,33909.0,8721,12200,0.11,6,842,16.07,43.72,0.16,Failed,0,Synthetic - improved for EcoSip project practice,Positive,3,21,2,8
ECOSIP-1356,Synthetic Campaign 356,Food,Kitchen,Australia,Our campaign introduces an early stage product. We aim to provide practical value to customers while creating a reliable product experience.,17554.0,24329.0,138.6,6,4054.83,21,November,4,1499,3790.0,10125.0,1,9,865,25769,4803,4252,13213.0,6538,9411,0.06,9,806,20.49,37.14,0.1,Successful,1,Synthetic - improved for EcoSip project practice,Positive,4,14,0,9
ECOSIP-1357,Synthetic Campaign 357,Consumer Products,Home,United Kingdom,Our campaign introduces an designed with customers in mind. We aim to provide practical value to customers while creating a reliable product experience.,281897.0,324433.0,115.09,365,888.86,22,April,3,299,889.0,1865.0,1,10,1123,17673,1996,2154,5136.0,32531,35621,1.02,3,569,8.29,45.8,0.0,Successful,1,Synthetic - improved for EcoSip project practice,Neutral,0,12,3,0
ECOSIP-1358,Synthetic Campaign 358,Fashion,Sustainable Fashion,United States,Our campaign introduces an development challenges remain. We aim to provide practical value to customers while creating a reliable product experience.,62122.0,94486.0,152.1,20,4724.3,27,June,5,1999,4743.0,10273.0,1,4,1875,19173,5594,1797,47710.0,15582,18726,0.11,6,3598,9.32,35.01,0.0,Successful,1,Synthetic - improved for EcoSip project practice,Neutral,3,21,4,6
ECOSIP-1359,Synthetic Campaign 359,Technology,Software,United States,Our campaign introduces an smart technology for modern consumers. We aim to provide practical value to customers while creating a reliable product experience.,41072.0,55349.0,134.76,10,5534.9,43,March,3,1999,5664.0,16088.0,1,12,606,4195,1145,1242,84502.0,15148,15623,0.06,12,771,12.89,31.43,0.20714285714285713,Failed,0,Synthetic - improved for EcoSip project practice,Positive,7,20,4,7
ECOSIP-1360,Synthetic Campaign 360,Sustainability,Green Living,United Kingdom,Our campaign introduces an product focused campaign. We aim to provide practical value to customers while creating a reliable product experience.,191216.0,225690.0,118.03,268,842.13,34,September,6,499,843.0,2097.0,1,9,505,14649,7035,3687,59370.0,864,4000,6.7,11,3584,6.19,36.2,0.0,Failed,0,Synthetic - improved for EcoSip project practice,Neutral,6,11,3,11
ECOSIP-1361,Synthetic Campaign 361,Design,Product Design,United States,Our campaign introduces an innovative sustainable solution. We aim to provide practical value to customers while creating a reliable product experience.,43486.0,52075.0,119.75,35,1487.86,26,May,3,499,1495.0,2261.0,0,10,1257,18359,1832,1797,99925.0,35068,35828,0.1,0,3795,4.06,33.44,0.5,Successful,1,Synthetic - improved for EcoSip project practice,Positive,1,18,4,8
ECOSIP-1362,Synthetic Campaign 362,Technology,Software,Canada,Our campaign introduces an eco friendly product. We aim to provide practical value to customers while creating a reliable product experience.,387958.0,577341.0,148.82,92,6275.45,25,March,7,1999,6248.0,18211.0,0,8,2005,24252,4591,1324,32250.0,14610,16113,0.57,4,2524,21.36,51.26,0.375,Successful,1,Synthetic - improved for EcoSip project practice,Positive,7,20,1,7
ECOSIP-1363,Synthetic Campaign 363,Technology,Software,India,Our campaign introduces an smart technology for modern consumers. We aim to provide practical value to customers while creating a reliable product experience.,138051.0,193427.0,140.11,222,871.29,28,November,3,299,871.0,1616.0,0,8,533,19890,3307,4879,31643.0,6458,7298,3.04,2,694,19.77,36.33,0.20714285714285713,Failed,0,Synthetic - improved for EcoSip project practice,Positive,7,20,2,9
ECOSIP-1364,Synthetic Campaign 364,Consumer Products,Lifestyle,Canada,Our campaign introduces an designed for everyday use. We aim to provide practical value to customers while creating a reliable product experience.,48345.0,65036.0,134.52,19,3422.95,39,January,7,999,3431.0,5700.0,0,12,348,10079,6263,721,20176.0,9596,9999,0.19,4,4243,6.66,29.48,-0.2,Failed,0,Synthetic - improved for EcoSip project practice,Negative,0,16,1,4
ECOSIP-1365,Synthetic Campaign 365,Food,Beverages,United States,Our campaign introduces an designed for everyday convenience. We aim to provide practical value to customers while creating a reliable product experience.,500000.0,577312.0,115.46,183,3154.71,20,October,7,999,3150.0,8354.0,1,3,446,20416,4919,3009,20586.0,7936,9121,2.01,3,587,9.11,33.59,-0.2,Failed,0,Synthetic - improved for EcoSip project practice,Negative,4,2,4,10
ECOSIP-1366,Synthetic Campaign 366,Food,Food Products,Australia,Our campaign introduces an product focused campaign. We aim to provide practical value to customers while creating a reliable product experience.,43482.0,53464.0,122.96,54,990.07,27,December,7,299,989.0,2226.0,1,6,1127,26283,1611,171,32093.0,21677,26658,0.2,1,4815,15.95,39.14,0.0,Failed,0,Synthetic - improved for EcoSip project practice,Neutral,4,9,0,2
ECOSIP-1367,Synthetic Campaign 367,Gaming,Board Games,India,Our campaign introduces an high quality reusable solution. We aim to provide practical value to customers while creating a reliable product experience.,146258.0,225840.0,154.41,67,3370.75,42,June,6,999,3364.0,7235.0,1,3,2118,28424,4056,1345,80320.0,27254,30533,0.22,10,237,16.88,29.77,0.16,Successful,1,Synthetic - improved for EcoSip project practice,Positive,5,3,2,6
ECOSIP-1368,Synthetic Campaign 368,Consumer Products,Personal Care,India,Our campaign introduces an innovative sustainable solution. We aim to provide practical value to customers while creating a reliable product experience.,98185.0,124519.0,126.82,27,4611.81,42,February,3,1499,4651.0,8717.0,1,6,1638,24724,9917,1321,91047.0,25044,26354,0.1,3,2338,9.81,40.2,0.5,Failed,0,Synthetic - improved for EcoSip project practice,Positive,0,17,2,3
ECOSIP-1369,Synthetic Campaign 369,Sustainability,Green Living,United Kingdom,Our campaign introduces an eco friendly product. We aim to provide practical value to customers while creating a reliable product experience.,242028.0,327781.0,135.43,58,5651.4,22,March,3,1999,5694.0,13217.0,0,4,819,29847,9364,3742,97633.0,13138,16272,0.36,2,2741,16.16,33.29,0.375,Successful,1,Synthetic - improved for EcoSip project practice,Positive,6,11,3,7
ECOSIP-1370,Synthetic Campaign 370,Food,Kitchen,United Kingdom,Our campaign introduces an consumer lifestyle product. We aim to provide practical value to customers while creating a reliable product experience.,305775.0,467259.0,152.81,155,3014.57,23,January,6,1999,3021.0,5775.0,1,13,1315,5508,4031,1731,27068.0,679,1007,15.39,12,837,21.03,40.91,0.0,Successful,1,Synthetic - improved for EcoSip project practice,Neutral,4,14,3,4
ECOSIP-1371,Synthetic Campaign 371,Design,Product Design,Australia,Our campaign introduces an high quality reusable solution. We aim to provide practical value to customers while creating a reliable product experience.,77192.0,111945.0,145.02,154,726.92,45,September,5,299,727.0,2074.0,0,15,671,20345,9543,826,88723.0,4373,7592,2.03,0,440,20.47,33.91,0.16,Failed,0,Synthetic - improved for EcoSip project practice,Positive,1,18,0,11
ECOSIP-1372,Synthetic Campaign 372,Fashion,Apparel,India,Our campaign introduces an designed for everyday convenience. We aim to provide practical value to customers while creating a reliable product experience.,38069.0,51856.0,136.22,20,2592.8,44,August,4,999,2640.0,4812.0,1,7,1454,14037,5732,4350,36184.0,18070,20024,0.1,11,1073,10.28,58.5,-0.2,Successful,1,Synthetic - improved for EcoSip project practice,Negative,3,1,2,1
ECOSIP-1373,Synthetic Campaign 373,Consumer Products,Home,Australia,Our campaign introduces an eco friendly product. We aim to provide practical value to customers while creating a reliable product experience.,113461.0,144791.0,127.61,138,1049.21,34,December,3,499,1052.0,2974.0,1,12,794,23890,5832,2742,15720.0,48723,49090,0.28,15,1719,6.49,45.3,0.375,Failed,0,Synthetic - improved for EcoSip project practice,Positive,0,12,0,2
ECOSIP-1374,Synthetic Campaign 374,Fashion,Apparel,United Kingdom,Our campaign introduces an new product development. We aim to provide practical value to customers while creating a reliable product experience.,40754.0,64133.0,157.37,60,1068.88,25,February,4,499,1066.0,2493.0,1,11,320,26856,993,4676,87652.0,17657,20531,0.29,9,1244,21.96,36.0,0.13636363636363635,Successful,1,Synthetic - improved for EcoSip project practice,Positive,3,1,3,3
ECOSIP-1375,Synthetic Campaign 375,Technology,Smart Devices,United Kingdom,Our campaign introduces an high quality reusable solution. We aim to provide practical value to customers while creating a reliable product experience.,459223.0,614415.0,133.79,180,3413.42,34,December,6,999,3419.0,9377.0,1,13,1473,27722,4600,1345,65430.0,46065,49014,0.37,15,311,5.5,45.96,0.16,Successful,1,Synthetic - improved for EcoSip project practice,Positive,7,19,3,2
ECOSIP-1376,Synthetic Campaign 376,Design,Product Design,India,Our campaign introduces an new product development. We aim to provide practical value to customers while creating a reliable product experience.,84806.0,115166.0,135.8,70,1645.23,40,November,5,499,1638.0,4208.0,1,14,1017,2933,9187,4153,20649.0,4960,9409,0.74,7,1430,15.83,54.94,0.13636363636363635,Successful,1,Synthetic - improved for EcoSip project practice,Positive,1,18,2,9
ECOSIP-1377,Synthetic Campaign 377,Design,Product Design,Canada,Our campaign introduces an early stage product. We aim to provide practical value to customers while creating a reliable product experience.,53985.0,62884.0,116.48,66,952.79,22,August,5,299,956.0,2433.0,1,12,1956,5385,650,1179,45834.0,48584,50818,0.13,14,4638,5.46,31.51,0.1,Failed,0,Synthetic - improved for EcoSip project practice,Positive,1,18,1,1
ECOSIP-1378,Synthetic Campaign 378,Technology,Software,United States,Our campaign introduces an innovative sustainable solution. We aim to provide practical value to customers while creating a reliable product experience.,88562.0,126576.0,142.92,183,691.67,44,December,5,299,691.0,1373.0,0,5,904,9689,6426,2889,32289.0,852,4411,4.15,4,778,10.97,57.02,0.5,Failed,0,Synthetic - improved for EcoSip project practice,Positive,7,20,4,2
ECOSIP-1379,Synthetic Campaign 379,Consumer Products,Personal Care,United Kingdom,Our campaign introduces an eco friendly product. We aim to provide practical value to customers while creating a reliable product experience.,22311.0,32868.0,147.32,22,1494.0,40,September,6,999,1526.0,2824.0,1,10,2046,14808,9659,4536,74995.0,22086,24455,0.09,3,1414,11.7,28.92,0.375,Successful,1,Synthetic - improved for EcoSip project practice,Positive,0,17,3,11
ECOSIP-1380,Synthetic Campaign 380,Technology,Smart Devices,United Kingdom,Our campaign introduces an product focused campaign. We aim to provide practical value to customers while creating a reliable product experience.,31282.0,38326.0,122.52,46,833.17,40,January,7,499,829.0,1506.0,1,5,470,14216,1574,1262,48075.0,5844,6933,0.66,9,453,6.01,48.62,0.0,Failed,0,Synthetic - improved for EcoSip project practice,Neutral,7,19,3,4
ECOSIP-1381,Synthetic Campaign 381,Fashion,Accessories,Canada,Our campaign introduces an designed for everyday convenience. We aim to provide practical value to customers while creating a reliable product experience.,220933.0,307548.0,139.2,484,635.43,33,May,7,299,635.0,1769.0,1,8,431,7745,3816,367,98982.0,5007,9599,5.04,11,3114,19.59,43.44,-0.2,Failed,0,Synthetic - improved for EcoSip project practice,Negative,3,0,1,8
ECOSIP-1382,Synthetic Campaign 382,Gaming,Video Games,Canada,Our campaign introduces an product focused campaign. We aim to provide practical value to customers while creating a reliable product experience.,41524.0,49776.0,119.87,109,456.66,39,August,4,299,458.0,1251.0,1,6,556,12118,300,1851,10201.0,38098,39135,0.28,4,4365,3.63,26.0,0.0,Failed,0,Synthetic - improved for EcoSip project practice,Neutral,5,23,1,1
ECOSIP-1383,Synthetic Campaign 383,Design,Creative,Australia,Our campaign introduces an new product development. We aim to provide practical value to customers while creating a reliable product experience.,29232.0,43103.0,147.45,19,2268.58,33,November,7,1499,2300.0,4970.0,0,10,1669,29250,9786,1589,38726.0,44488,45027,0.04,3,3315,20.24,40.13,0.13636363636363635,Successful,1,Synthetic - improved for EcoSip project practice,Positive,1,5,0,9
ECOSIP-1384,Synthetic Campaign 384,Education,EdTech,Australia,Our campaign introduces an eco friendly product. We aim to provide practical value to customers while creating a reliable product experience.,121568.0,148999.0,122.56,30,4966.63,23,February,7,1499,4996.0,8486.0,1,13,1263,25507,128,3955,50781.0,33385,35843,0.08,2,1548,16.68,54.71,0.375,Failed,0,Synthetic - improved for EcoSip project practice,Positive,2,7,0,3
ECOSIP-1385,Synthetic Campaign 385,Education,Training,United States,Our campaign introduces an early stage product. We aim to provide practical value to customers while creating a reliable product experience.,218028.0,247976.0,113.74,285,870.09,31,April,5,299,871.0,1806.0,0,8,2301,10989,3173,1938,52798.0,17365,19472,1.46,4,3940,7.74,43.8,0.1,Failed,0,Synthetic - improved for EcoSip project practice,Positive,2,22,4,0
ECOSIP-1386,Synthetic Campaign 386,Fashion,Apparel,United States,Our campaign introduces an testing is still underway. We aim to provide practical value to customers while creating a reliable product experience.,143244.0,173439.0,121.08,82,2115.11,36,July,5,999,2116.0,5140.0,1,10,1097,4877,9139,3252,35014.0,37555,41000,0.2,3,1341,13.87,39.05,0.0,Failed,0,Synthetic - improved for EcoSip project practice,Neutral,3,1,4,5
ECOSIP-1387,Synthetic Campaign 387,Sustainability,Green Living,India,Our campaign introduces an consumer lifestyle product. We aim to provide practical value to customers while creating a reliable product experience.,183815.0,227193.0,123.6,64,3549.89,26,March,4,1999,3529.0,7699.0,0,3,1053,16094,7114,3778,74278.0,27713,31943,0.2,14,79,7.46,22.81,0.0,Failed,0,Synthetic - improved for EcoSip project practice,Neutral,6,11,2,7
ECOSIP-1388,Synthetic Campaign 388,Food,Beverages,Australia,Our campaign introduces an product focused campaign. We aim to provide practical value to customers while creating a reliable product experience.,37954.0,49742.0,131.06,10,4974.2,28,December,3,1999,5044.0,13469.0,1,8,464,2835,8467,2375,88101.0,4977,9893,0.1,0,3445,15.87,36.09,0.0,Failed,0,Synthetic - improved for EcoSip project practice,Neutral,4,2,0,2
ECOSIP-1389,Synthetic Campaign 389,Technology,Software,United Kingdom,Our campaign introduces an high quality reusable solution. We aim to provide practical value to customers while creating a reliable product experience.,20861.0,26977.0,129.32,60,449.62,22,May,4,299,452.0,1354.0,1,3,1693,13711,1259,1417,94178.0,7033,10876,0.55,11,490,12.59,29.6,0.16,Successful,1,Synthetic - improved for EcoSip project practice,Positive,7,20,3,8
ECOSIP-1390,Synthetic Campaign 390,Technology,Software,Australia,Our campaign introduces an development challenges remain. We aim to provide practical value to customers while creating a reliable product experience.,289654.0,366913.0,126.67,363,1010.78,32,August,4,299,1010.0,1805.0,1,3,350,24757,5203,2800,81484.0,49895,50513,0.72,2,4104,8.36,21.7,0.0,Failed,0,Synthetic - improved for EcoSip project practice,Neutral,7,20,0,1
ECOSIP-1391,Synthetic Campaign 391,Sustainability,Clean Technology,United Kingdom,Our campaign introduces an high quality reusable solution. We aim to provide practical value to customers while creating a reliable product experience.,56097.0,74416.0,132.66,107,695.48,34,December,6,299,697.0,1526.0,1,10,822,24762,4948,1844,85805.0,23896,24264,0.44,9,3506,10.35,41.48,0.16,Successful,1,Synthetic - improved for EcoSip project practice,Positive,6,4,3,2
ECOSIP-1392,Synthetic Campaign 392,Sustainability,Eco Products,Canada,Our campaign introduces an eco friendly product. We aim to provide practical value to customers while creating a reliable product experience.,59844.0,65766.0,109.9,29,2267.79,37,October,6,999,2302.0,4941.0,1,9,1582,6468,2228,2511,57302.0,13255,18088,0.16,14,2803,12.4,45.8,0.375,Successful,1,Synthetic - improved for EcoSip project practice,Positive,6,6,1,10
ECOSIP-1393,Synthetic Campaign 393,Fashion,Apparel,Australia,Our campaign introduces an high quality reusable solution. We aim to provide practical value to customers while creating a reliable product experience.,247860.0,353574.0,142.65,103,3432.76,38,March,4,1499,3419.0,6690.0,1,5,907,26739,7660,4080,83459.0,1365,5650,1.82,9,2902,19.79,50.31,0.16,Failed,0,Synthetic - improved for EcoSip project practice,Positive,3,1,0,7
ECOSIP-1394,Synthetic Campaign 394,Fashion,Sustainable Fashion,Canada,Our campaign introduces an product focused campaign. We aim to provide practical value to customers while creating a reliable product experience.,123729.0,173020.0,139.84,353,490.14,20,April,4,299,490.0,881.0,1,8,1783,17305,8945,424,33833.0,11673,13161,2.68,7,1208,6.39,31.45,0.0,Failed,0,Synthetic - improved for EcoSip project practice,Neutral,3,21,1,0
ECOSIP-1395,Synthetic Campaign 395,Sustainability,Eco Products,United States,Our campaign introduces an innovative sustainable solution. We aim to provide practical value to customers while creating a reliable product experience.,113045.0,198164.0,175.3,239,829.14,25,September,4,299,830.0,1327.0,1,11,1906,24009,2594,1741,42855.0,38597,40391,0.59,6,2382,17.28,56.46,0.5,Successful,1,Synthetic - improved for EcoSip project practice,Positive,6,6,4,11
ECOSIP-1396,Synthetic Campaign 396,Design,Industrial Design,United States,Our campaign introduces an high quality reusable solution. We aim to provide practical value to customers while creating a reliable product experience.,500000.0,586497.0,117.3,396,1481.05,42,July,7,499,1480.0,4189.0,1,9,475,262,5572,2845,35107.0,33871,37244,1.06,1,1902,7.09,50.79,0.16,Failed,0,Synthetic - improved for EcoSip project practice,Positive,1,13,4,5
ECOSIP-1397,Synthetic Campaign 397,Fashion,Apparel,India,Our campaign introduces an consumer lifestyle product. We aim to provide practical value to customers while creating a reliable product experience.,42027.0,60310.0,143.5,21,2871.9,21,January,6,999,2849.0,6068.0,0,14,354,7877,2420,3865,49402.0,39024,40513,0.05,0,1893,18.1,52.65,0.0,Successful,1,Synthetic - improved for EcoSip project practice,Neutral,3,1,2,4
ECOSIP-1398,Synthetic Campaign 398,Gaming,Video Games,Australia,Our campaign introduces an testing is still underway. We aim to provide practical value to customers while creating a reliable product experience.,172871.0,271990.0,157.34,512,531.23,43,December,4,299,531.0,1192.0,1,5,2247,28415,3331,4230,32130.0,11754,15719,3.26,2,807,6.05,56.15,0.0,Successful,1,Synthetic - improved for EcoSip project practice,Neutral,5,23,0,2
ECOSIP-1399,Synthetic Campaign 399,Fashion,Sustainable Fashion,Canada,Our campaign introduces an innovative sustainable solution. We aim to provide practical value to customers while creating a reliable product experience.,78949.0,111544.0,141.29,84,1327.9,33,April,5,499,1326.0,3813.0,1,15,1021,14949,4760,3212,96353.0,4518,7647,1.1,15,27,15.92,62.23,0.5,Successful,1,Synthetic - improved for EcoSip project practice,Positive,3,21,1,0
ECOSIP-1400,Synthetic Campaign 400,Technology,Smart Devices,United Kingdom,Our campaign introduces an high quality reusable solution. We aim to provide practical value to customers while creating a reliable product experience.,95509.0,114506.0,119.89,22,5204.82,25,April,5,1999,5275.0,14055.0,1,8,678,27073,378,84,34720.0,5692,8127,0.27,4,53,6.11,46.72,0.16,Failed,0,Synthetic - improved for EcoSip project practice,Positive,7,19,3,0
ECOSIP-1401,Synthetic Campaign 401,Fashion,Sustainable Fashion,United States,Our campaign introduces an eco friendly product. We aim to provide practical value to customers while creating a reliable product experience.,296815.0,340941.0,114.87,352,968.58,33,September,7,299,968.0,1641.0,0,13,683,18416,5629,1319,14314.0,2515,6289,5.6,9,164,11.67,21.94,0.375,Failed,0,Synthetic - improved for EcoSip project practice,Positive,3,21,4,11
ECOSIP-1402,Synthetic Campaign 402,Design,Product Design,United States,Our campaign introduces an eco friendly product. We aim to provide practical value to customers while creating a reliable product experience.,118456.0,167180.0,141.13,248,674.11,23,June,7,299,675.0,1585.0,1,6,1480,27404,4278,4940,55048.0,43118,47794,0.52,14,4972,18.39,35.89,0.375,Failed,0,Synthetic - improved for EcoSip project practice,Positive,1,18,4,6
ECOSIP-1403,Synthetic Campaign 403,Sustainability,Green Living,United Kingdom,Our campaign introduces an development challenges remain. We aim to provide practical value to customers while creating a reliable product experience.,121748.0,179449.0,147.39,160,1121.56,40,September,3,499,1119.0,2421.0,1,15,1115,3635,6844,1435,10424.0,3880,4480,3.57,10,3458,17.78,64.78,0.0,Successful,1,Synthetic - improved for EcoSip project practice,Neutral,6,11,3,11
ECOSIP-1404,Synthetic Campaign 404,Technology,Electronics,Canada,Our campaign introduces an consumer lifestyle product. We aim to provide practical value to customers while creating a reliable product experience.,196910.0,270600.0,137.42,99,2733.33,27,December,3,999,2734.0,7370.0,0,5,500,22440,170,3613,15502.0,28843,30604,0.32,11,4848,16.54,40.8,0.0,Failed,0,Synthetic - improved for EcoSip project practice,Neutral,7,8,1,2
ECOSIP-1405,Synthetic Campaign 405,Fashion,Apparel,Canada,Our campaign introduces an designed for everyday use. We aim to provide practical value to customers while creating a reliable product experience.,54003.0,80347.0,148.78,97,828.32,22,June,3,299,827.0,2139.0,0,11,1105,19930,6799,988,25842.0,4270,6469,1.5,0,4090,13.71,27.3,-0.2,Successful,1,Synthetic - improved for EcoSip project practice,Negative,3,1,1,6
ECOSIP-1406,Synthetic Campaign 406,Design,Industrial Design,Australia,Our campaign introduces an product focused campaign. We aim to provide practical value to customers while creating a reliable product experience.,35241.0,51504.0,146.15,11,4682.18,38,June,7,1999,4875.0,12361.0,1,12,1443,13503,1014,388,49113.0,6329,6531,0.17,2,1435,20.01,42.03,0.0,Failed,0,Synthetic - improved for EcoSip project practice,Neutral,1,13,0,6
ECOSIP-1407,Synthetic Campaign 407,Gaming,Gaming Hardware,Australia,Our campaign introduces an consumer lifestyle product. We aim to provide practical value to customers while creating a reliable product experience.,29287.0,36864.0,125.87,52,708.92,33,May,7,299,713.0,1434.0,1,4,810,14616,4274,252,46159.0,34881,37727,0.14,2,4330,12.66,45.2,0.0,Failed,0,Synthetic - improved for EcoSip project practice,Neutral,5,10,0,8
ECOSIP-1408,Synthetic Campaign 408,Fashion,Sustainable Fashion,India,Our campaign introduces an eco friendly product. We aim to provide practical value to customers while creating a reliable product experience.,12779.0,15467.0,121.03,3,5155.67,39,May,7,1999,4974.0,13467.0,0,3,1719,19274,3725,2262,80971.0,46415,49791,0.01,4,4322,16.96,54.37,0.375,Successful,1,Synthetic - improved for EcoSip project practice,Positive,3,21,2,8
ECOSIP-1409,Synthetic Campaign 409,Design,Product Design,United States,Our campaign introduces an product focused campaign. We aim to provide practical value to customers while creating a reliable product experience.,477266.0,665246.0,139.39,138,4820.62,36,February,5,1499,4830.0,7625.0,1,4,1168,19191,5744,3103,75250.0,16045,19230,0.72,2,3649,13.32,34.45,0.0,Failed,0,Synthetic - improved for EcoSip project practice,Neutral,1,18,4,3
ECOSIP-1410,Synthetic Campaign 410,Gaming,Board Games,Australia,Our campaign introduces an eco friendly product. We aim to provide practical value to customers while creating a reliable product experience.,27788.0,35876.0,129.11,10,3587.6,44,August,7,1499,3631.0,6316.0,1,9,1423,8059,2126,940,45500.0,18763,22400,0.04,12,4136,11.71,39.28,0.375,Successful,1,Synthetic - improved for EcoSip project practice,Positive,5,3,0,1
ECOSIP-1411,Synthetic Campaign 411,Sustainability,Eco Products,Canada,Our campaign introduces an early stage product. We aim to provide practical value to customers while creating a reliable product experience.,61458.0,90852.0,147.83,13,6988.62,27,August,5,1999,6756.0,13535.0,1,12,682,4033,6915,708,36702.0,38640,40067,0.03,8,1902,8.38,61.19,0.1,Successful,1,Synthetic - improved for EcoSip project practice,Positive,6,6,1,1
ECOSIP-1412,Synthetic Campaign 412,Fashion,Accessories,United Kingdom,Our campaign introduces an designed with customers in mind. We aim to provide practical value to customers while creating a reliable product experience.,58461.0,92713.0,158.59,37,2505.76,43,November,3,999,2505.0,4046.0,0,3,2356,3485,5693,4292,35065.0,43806,46380,0.08,0,907,15.13,40.69,0.0,Successful,1,Synthetic - improved for EcoSip project practice,Neutral,3,0,3,9
ECOSIP-1413,Synthetic Campaign 413,Gaming,Board Games,Canada,Our campaign introduces an designed with customers in mind. We aim to provide practical value to customers while creating a reliable product experience.,98904.0,155959.0,157.69,154,1012.72,33,January,3,299,1016.0,1882.0,1,8,1218,23120,8574,1489,78530.0,26175,27954,0.55,3,3434,7.39,28.82,0.0,Successful,1,Synthetic - improved for EcoSip project practice,Neutral,5,3,1,4
ECOSIP-1414,Synthetic Campaign 414,Technology,Electronics,United States,Our campaign introduces an testing is still underway. We aim to provide practical value to customers while creating a reliable product experience.,156280.0,230185.0,147.29,243,947.26,45,August,3,299,947.0,2600.0,0,9,1085,1022,5299,4745,9947.0,25862,29708,0.82,12,4550,19.79,64.02,0.0,Failed,0,Synthetic - improved for EcoSip project practice,Neutral,7,8,4,1
ECOSIP-1415,Synthetic Campaign 415,Sustainability,Clean Technology,Canada,Our campaign introduces an eco friendly product. We aim to provide practical value to customers while creating a reliable product experience.,162701.0,202212.0,124.28,61,3314.95,25,May,4,1499,3335.0,9746.0,1,11,2496,24573,1366,4279,6218.0,648,3310,1.84,12,1268,13.81,36.85,0.375,Failed,0,Synthetic - improved for EcoSip project practice,Positive,6,4,1,8
ECOSIP-1416,Synthetic Campaign 416,Technology,Smart Devices,India,Our campaign introduces an new product development. We aim to provide practical value to customers while creating a reliable product experience.,44377.0,70358.0,158.55,11,6396.18,42,February,4,1999,6451.0,12624.0,1,10,1147,10467,1246,3642,80577.0,2254,6517,0.17,9,2025,23.66,47.7,0.13636363636363635,Successful,1,Synthetic - improved for EcoSip project practice,Positive,7,19,2,3
ECOSIP-1417,Synthetic Campaign 417,Education,EdTech,United States,Our campaign introduces an consumer lifestyle product. We aim to provide practical value to customers while creating a reliable product experience.,64527.0,98494.0,152.64,192,512.99,41,February,6,299,514.0,975.0,1,8,721,13837,3220,2120,50329.0,27245,30662,0.63,9,4843,6.27,51.34,0.0,Failed,0,Synthetic - improved for EcoSip project practice,Neutral,2,7,4,3
ECOSIP-1418,Synthetic Campaign 418,Consumer Products,Personal Care,United Kingdom,Our campaign introduces an new product development. We aim to provide practical value to customers while creating a reliable product experience.,96719.0,130307.0,134.73,130,1002.36,35,June,6,299,1002.0,1924.0,1,5,496,26258,9671,2285,17434.0,7878,10414,1.25,3,1712,7.93,20.35,0.13636363636363635,Failed,0,Synthetic - improved for EcoSip project practice,Positive,0,17,3,6
ECOSIP-1419,Synthetic Campaign 419,Fashion,Accessories,India,Our campaign introduces an consumer lifestyle product. We aim to provide practical value to customers while creating a reliable product experience.,59959.0,89557.0,149.36,32,2798.66,44,November,6,999,2761.0,5292.0,0,10,1240,664,405,3809,27379.0,46859,47266,0.07,0,883,20.2,64.13,0.0,Failed,0,Synthetic - improved for EcoSip project practice,Neutral,3,0,2,9
ECOSIP-1420,Synthetic Campaign 420,Gaming,Board Games,United States,Our campaign introduces an high quality reusable solution. We aim to provide practical value to customers while creating a reliable product experience.,318652.0,354864.0,111.36,442,802.86,38,September,4,499,803.0,1248.0,0,9,1176,19742,9768,843,93588.0,20640,24736,1.79,13,575,8.62,28.78,0.16,Failed,0,Synthetic - improved for EcoSip project practice,Positive,5,3,4,11
ECOSIP-1421,Synthetic Campaign 421,Consumer Products,Home,United Kingdom,Our campaign introduces an early stage product. We aim to provide practical value to customers while creating a reliable product experience.,116672.0,163050.0,139.75,39,4180.77,33,January,4,1499,4180.0,12082.0,1,5,1441,10889,78,3451,86653.0,9871,11060,0.35,1,2028,12.01,37.6,0.1,Successful,1,Synthetic - improved for EcoSip project practice,Positive,0,12,3,4
ECOSIP-1422,Synthetic Campaign 422,Consumer Products,Personal Care,India,Our campaign introduces an innovative sustainable solution. We aim to provide practical value to customers while creating a reliable product experience.,145311.0,219308.0,150.92,42,5221.62,38,December,6,1499,5169.0,9410.0,1,11,1324,2600,1063,4171,72430.0,27499,32154,0.13,10,1895,20.11,30.52,0.5,Successful,1,Synthetic - improved for EcoSip project practice,Positive,0,17,2,2
ECOSIP-1423,Synthetic Campaign 423,Gaming,Board Games,India,Our campaign introduces an early stage product. We aim to provide practical value to customers while creating a reliable product experience.,136194.0,184896.0,135.76,226,818.12,22,June,6,499,818.0,1742.0,1,14,2084,21050,9069,4233,50811.0,13279,15773,1.43,0,2133,12.57,35.77,0.1,Failed,0,Synthetic - improved for EcoSip project practice,Positive,5,3,2,6
ECOSIP-1424,Synthetic Campaign 424,Sustainability,Green Living,United States,Our campaign introduces an eco friendly product. We aim to provide practical value to customers while creating a reliable product experience.,215641.0,289372.0,134.19,371,779.98,29,September,7,299,780.0,1181.0,1,4,938,25663,2074,817,54431.0,31575,35679,1.04,5,4652,7.14,52.49,0.375,Successful,1,Synthetic - improved for EcoSip project practice,Positive,6,11,4,11
ECOSIP-1425,Synthetic Campaign 425,Fashion,Sustainable Fashion,Australia,Our campaign introduces an designed with customers in mind. We aim to provide practical value to customers while creating a reliable product experience.,88271.0,126079.0,142.83,42,3001.88,38,August,6,999,2993.0,8341.0,1,5,1734,6981,8540,799,97648.0,31197,31963,0.13,15,2324,19.57,55.7,0.0,Failed,0,Synthetic - improved for EcoSip project practice,Neutral,3,21,0,1
ECOSIP-1426,Synthetic Campaign 426,Education,EdTech,India,Our campaign introduces an new product development. We aim to provide practical value to customers while creating a reliable product experience.,23344.0,34915.0,149.57,11,3174.09,28,November,7,999,3117.0,8094.0,1,4,1209,3736,5889,2870,96748.0,10295,14558,0.08,2,4422,5.04,64.43,0.13636363636363635,Successful,1,Synthetic - improved for EcoSip project practice,Positive,2,7,2,9
ECOSIP-1427,Synthetic Campaign 427,Technology,Electronics,India,Our campaign introduces an high quality reusable solution. We aim to provide practical value to customers while creating a reliable product experience.,107470.0,149584.0,139.19,43,3478.7,39,June,5,1499,3489.0,10188.0,1,15,727,22514,5841,2912,25451.0,38960,41294,0.1,6,3893,19.13,37.72,0.16,Successful,1,Synthetic - improved for EcoSip project practice,Positive,7,8,2,6
ECOSIP-1428,Synthetic Campaign 428,Design,Product Design,United Kingdom,Our campaign introduces an high quality reusable solution. We aim to provide practical value to customers while creating a reliable product experience.,41732.0,59491.0,142.55,31,1919.06,32,March,4,999,1906.0,5094.0,0,3,956,323,804,1913,82055.0,4718,6054,0.51,4,3202,5.14,51.69,0.16,Successful,1,Synthetic - improved for EcoSip project practice,Positive,1,18,3,7
ECOSIP-1429,Synthetic Campaign 429,Technology,Smart Devices,Canada,Our campaign introduces an eco friendly product. We aim to provide practical value to customers while creating a reliable product experience.,46606.0,67323.0,144.45,85,792.04,26,August,6,499,791.0,1559.0,0,6,1387,6397,9011,3326,23738.0,38071,39794,0.21,8,1869,15.88,43.65,0.375,Failed,0,Synthetic - improved for EcoSip project practice,Positive,7,19,1,1
ECOSIP-1430,Synthetic Campaign 430,Design,Product Design,United States,Our campaign introduces an smart technology for modern consumers. We aim to provide practical value to customers while creating a reliable product experience.,127131.0,157782.0,124.11,198,796.88,33,September,4,299,795.0,1488.0,1,7,1003,14995,3785,2922,25286.0,12172,13646,1.45,6,34,4.79,48.55,0.20714285714285713,Failed,0,Synthetic - improved for EcoSip project practice,Positive,1,18,4,11
ECOSIP-1431,Synthetic Campaign 431,Technology,Software,United States,Our campaign introduces an eco friendly product. We aim to provide practical value to customers while creating a reliable product experience.,228593.0,275006.0,120.3,229,1200.9,28,January,4,499,1201.0,3058.0,0,15,1909,450,1288,4823,69229.0,31542,34953,0.66,3,3513,13.8,43.76,0.375,Failed,0,Synthetic - improved for EcoSip project practice,Positive,7,20,4,4
ECOSIP-1432,Synthetic Campaign 432,Gaming,Video Games,Australia,Our campaign introduces an innovative sustainable solution. We aim to provide practical value to customers while creating a reliable product experience.,76450.0,97588.0,127.65,14,6970.57,42,December,4,1999,6792.0,13898.0,1,8,837,23798,1956,3738,43475.0,36450,36726,0.04,4,4265,4.35,33.24,0.5,Successful,1,Synthetic - improved for EcoSip project practice,Positive,5,23,0,2
ECOSIP-1433,Synthetic Campaign 433,Education,Training,Australia,Our campaign introduces an product focused campaign. We aim to provide practical value to customers while creating a reliable product experience.,99031.0,131304.0,132.59,54,2431.56,44,September,5,1499,2430.0,5709.0,1,7,1584,18412,7449,41,93497.0,11509,12962,0.42,4,1147,17.38,33.28,0.0,Successful,1,Synthetic - improved for EcoSip project practice,Neutral,2,22,0,11
ECOSIP-1434,Synthetic Campaign 434,Fashion,Apparel,United States,Our campaign introduces an new product development. We aim to provide practical value to customers while creating a reliable product experience.,347054.0,523848.0,150.94,183,2862.56,38,June,3,999,2868.0,4329.0,1,3,1742,24227,8011,1520,13456.0,47596,50624,0.36,10,1199,12.97,34.07,0.13636363636363635,Failed,0,Synthetic - improved for EcoSip project practice,Positive,3,1,4,6
ECOSIP-1435,Synthetic Campaign 435,Design,Product Design,Australia,Our campaign introduces an product focused campaign. We aim to provide practical value to customers while creating a reliable product experience.,93146.0,148008.0,158.9,48,3083.5,34,June,6,1999,3098.0,4935.0,1,5,2097,25024,9806,862,53595.0,20044,20769,0.23,14,4808,6.55,51.32,0.0,Successful,1,Synthetic - improved for EcoSip project practice,Neutral,1,18,0,6
ECOSIP-1436,Synthetic Campaign 436,Fashion,Accessories,United Kingdom,Our campaign introduces an product focused campaign. We aim to provide practical value to customers while creating a reliable product experience.,500000.0,521475.0,104.3,283,1842.67,39,December,3,999,1841.0,4240.0,1,3,456,28953,9460,1780,92260.0,29881,32635,0.87,4,4106,11.98,45.8,0.0,Failed,0,Synthetic - improved for EcoSip project practice,Neutral,3,0,3,2
ECOSIP-1437,Synthetic Campaign 437,Fashion,Apparel,United States,Our campaign introduces an designed with customers in mind. We aim to provide practical value to customers while creating a reliable product experience.,124767.0,177882.0,142.57,247,720.17,33,April,3,299,720.0,1691.0,1,13,2448,4832,4651,3661,90891.0,25787,29495,0.84,9,3167,12.65,29.94,0.0,Successful,1,Synthetic - improved for EcoSip project practice,Neutral,3,1,4,0
ECOSIP-1438,Synthetic Campaign 438,Fashion,Accessories,Australia,Our campaign introduces an high quality reusable solution. We aim to provide practical value to customers while creating a reliable product experience.,15376.0,20551.0,133.66,29,708.66,43,January,3,299,721.0,1894.0,0,7,414,1117,9599,211,19870.0,3086,6901,0.42,8,2377,7.07,23.87,0.16,Failed,0,Synthetic - improved for EcoSip project practice,Positive,3,0,0,4
ECOSIP-1439,Synthetic Campaign 439,Food,Food Products,United States,Our campaign introduces an product focused campaign. We aim to provide practical value to customers while creating a reliable product experience.,147746.0,209231.0,141.62,244,857.5,25,October,4,299,859.0,1459.0,1,7,2248,18710,1510,415,39831.0,3148,7522,3.24,9,4487,4.51,26.32,0.0,Successful,1,Synthetic - improved for EcoSip project practice,Neutral,4,9,4,10
ECOSIP-1440,Synthetic Campaign 440,Sustainability,Clean Technology,Canada,Our campaign introduces an early stage product. We aim to provide practical value to customers while creating a reliable product experience.,105692.0,158027.0,149.52,48,3292.23,40,August,7,999,3317.0,7529.0,1,14,2334,23690,7719,4682,63817.0,40581,41075,0.12,2,1751,11.99,57.55,0.1,Successful,1,Synthetic - improved for EcoSip project practice,Positive,6,4,1,1
ECOSIP-1441,Synthetic Campaign 441,Technology,Smart Devices,India,Our campaign introduces an designed with customers in mind. We aim to provide practical value to customers while creating a reliable product experience.,239431.0,293630.0,122.64,53,5540.19,23,February,4,1999,5553.0,9949.0,0,13,582,29543,1466,4346,20143.0,18601,19869,0.27,5,3698,4.94,31.28,0.0,Failed,0,Synthetic - improved for EcoSip project practice,Neutral,7,19,2,3
ECOSIP-1442,Synthetic Campaign 442,Fashion,Apparel,United States,Our campaign introduces an designed for everyday convenience. We aim to provide practical value to customers while creating a reliable product experience.,137463.0,181639.0,132.14,178,1020.44,27,December,4,299,1019.0,1671.0,1,15,652,15329,7816,893,96962.0,45812,46109,0.39,7,3756,5.46,28.72,-0.2,Failed,0,Synthetic - improved for EcoSip project practice,Negative,3,1,4,2
ECOSIP-1443,Synthetic Campaign 443,Technology,Software,India,Our campaign introduces an designed for everyday convenience. We aim to provide practical value to customers while creating a reliable product experience.,66213.0,90101.0,136.08,14,6435.79,36,January,3,1999,6523.0,13801.0,1,8,663,7270,1478,2641,91901.0,22192,23260,0.06,10,907,8.45,34.82,-0.2,Successful,1,Synthetic - improved for EcoSip project practice,Negative,7,20,2,4
ECOSIP-1444,Synthetic Campaign 444,Fashion,Apparel,Australia,Our campaign introduces an designed for everyday use. We aim to provide practical value to customers while creating a reliable product experience.,24919.0,35413.0,142.11,13,2724.08,28,February,4,999,2666.0,4652.0,1,10,294,13403,4428,4355,20860.0,7907,11915,0.11,8,4033,15.01,48.83,-0.2,Failed,0,Synthetic - improved for EcoSip project practice,Negative,3,1,0,3
ECOSIP-1445,Synthetic Campaign 445,Design,Product Design,India,Our campaign introduces an new product development. We aim to provide practical value to customers while creating a reliable product experience.,62139.0,84660.0,136.24,13,6512.31,20,January,3,1999,6332.0,11604.0,1,12,311,6307,7579,109,16510.0,17754,21009,0.06,12,726,12.75,42.78,0.13636363636363635,Failed,0,Synthetic - improved for EcoSip project practice,Positive,1,18,2,4
ECOSIP-1446,Synthetic Campaign 446,Sustainability,Green Living,United States,Our campaign introduces an smart technology for modern consumers. We aim to provide practical value to customers while creating a reliable product experience.,34884.0,49956.0,143.21,18,2775.33,43,January,7,999,2782.0,5498.0,1,14,1117,12416,4524,2299,13114.0,15734,20598,0.09,14,3977,5.48,53.43,0.20714285714285713,Successful,1,Synthetic - improved for EcoSip project practice,Positive,6,11,4,4
ECOSIP-1447,Synthetic Campaign 447,Sustainability,Clean Technology,Canada,Our campaign introduces an innovative sustainable solution. We aim to provide practical value to customers while creating a reliable product experience.,44479.0,64219.0,144.38,39,1646.64,39,September,6,999,1655.0,3126.0,1,3,1741,2519,3121,476,91397.0,22711,25315,0.15,6,4031,21.11,36.34,0.5,Successful,1,Synthetic - improved for EcoSip project practice,Positive,6,4,1,11
ECOSIP-1448,Synthetic Campaign 448,Gaming,Gaming Hardware,Australia,Our campaign introduces an innovative sustainable solution. We aim to provide practical value to customers while creating a reliable product experience.,127384.0,163420.0,128.29,37,4416.76,44,January,3,1499,4469.0,7291.0,1,6,268,6340,605,2300,23394.0,29980,31356,0.12,11,3225,17.51,36.64,0.5,Failed,0,Synthetic - improved for EcoSip project practice,Positive,5,10,0,4
ECOSIP-1449,Synthetic Campaign 449,Food,Beverages,United States,Our campaign introduces an high quality reusable solution. We aim to provide practical value to customers while creating a reliable product experience.,337108.0,433113.0,128.48,257,1685.26,33,April,7,999,1688.0,2760.0,0,12,614,1993,8597,4469,44547.0,48280,52547,0.49,2,400,7.85,23.2,0.16,Failed,0,Synthetic - improved for EcoSip project practice,Positive,4,2,4,0
ECOSIP-1450,Synthetic Campaign 450,Gaming,Video Games,Australia,Our campaign introduces an designed for everyday convenience. We aim to provide practical value to customers while creating a reliable product experience.,106985.0,167582.0,156.64,62,2702.94,30,October,6,999,2685.0,4806.0,1,13,1390,13853,1613,1024,47641.0,25346,29764,0.21,0,3894,7.0,26.93,-0.2,Successful,1,Synthetic - improved for EcoSip project practice,Negative,5,23,0,10
ECOSIP-1451,Synthetic Campaign 451,Gaming,Video Games,United Kingdom,Our campaign introduces an designed with customers in mind. We aim to provide practical value to customers while creating a reliable product experience.,25564.0,39023.0,152.65,27,1445.3,40,June,5,499,1450.0,2285.0,1,3,829,5422,1090,4554,61906.0,43003,44372,0.06,3,1709,21.84,44.07,0.0,Successful,1,Synthetic - improved for EcoSip project practice,Neutral,5,23,3,6
ECOSIP-1452,Synthetic Campaign 452,Gaming,Video Games,India,Our campaign introduces an designed with customers in mind. We aim to provide practical value to customers while creating a reliable product experience.,111903.0,138221.0,123.52,283,488.41,22,July,3,299,488.0,1191.0,1,11,795,11332,2736,364,11815.0,46693,48157,0.59,12,3047,10.54,29.7,0.0,Failed,0,Synthetic - improved for EcoSip project practice,Neutral,5,23,2,5
ECOSIP-1453,Synthetic Campaign 453,Gaming,Video Games,United Kingdom,Our campaign introduces an testing is still underway. We aim to provide practical value to customers while creating a reliable product experience.,220182.0,301351.0,136.86,103,2925.74,28,February,3,1499,2940.0,5677.0,1,13,1979,26744,2603,2731,26542.0,48966,49989,0.21,5,242,9.22,45.69,0.0,Failed,0,Synthetic - improved for EcoSip project practice,Neutral,5,23,3,3
ECOSIP-1454,Synthetic Campaign 454,Gaming,Gaming Hardware,United States,Our campaign introduces an designed with customers in mind. We aim to provide practical value to customers while creating a reliable product experience.,43323.0,68073.0,157.13,14,4862.36,33,June,5,1499,4994.0,9587.0,1,9,304,24202,1829,4772,93492.0,15821,16391,0.09,2,1936,13.96,25.6,0.0,Successful,1,Synthetic - improved for EcoSip project practice,Neutral,5,10,4,6
ECOSIP-1455,Synthetic Campaign 455,Education,Training,Canada,Our campaign introduces an innovative sustainable solution. We aim to provide practical value to customers while creating a reliable product experience.,66478.0,80899.0,121.69,20,4044.95,28,July,5,1499,4096.0,8184.0,0,9,1027,23362,125,2482,91299.0,13146,16262,0.12,13,3141,14.93,22.7,0.5,Failed,0,Synthetic - improved for EcoSip project practice,Positive,2,22,1,5
ECOSIP-1456,Synthetic Campaign 456,Sustainability,Green Living,Australia,Our campaign introduces an consumer lifestyle product. We aim to provide practical value to customers while creating a reliable product experience.,75998.0,104643.0,137.69,105,996.6,23,October,3,499,994.0,2479.0,1,14,291,17609,4376,1136,79223.0,22617,24771,0.42,0,3316,6.91,56.39,0.0,Failed,0,Synthetic - improved for EcoSip project practice,Neutral,6,11,0,10
ECOSIP-1457,Synthetic Campaign 457,Gaming,Board Games,India,Our campaign introduces an smart technology for modern consumers. We aim to provide practical value to customers while creating a reliable product experience.,37006.0,44802.0,121.07,16,2800.12,23,October,5,999,2878.0,8076.0,1,7,1570,3217,5885,645,6843.0,5393,9776,0.16,5,2734,14.78,38.73,0.20714285714285713,Failed,0,Synthetic - improved for EcoSip project practice,Positive,5,3,2,10
ECOSIP-1458,Synthetic Campaign 458,Fashion,Accessories,Australia,Our campaign introduces an consumer lifestyle product. We aim to provide practical value to customers while creating a reliable product experience.,134416.0,167774.0,124.82,208,806.61,27,February,4,299,805.0,2124.0,1,9,480,4261,5107,4399,36066.0,9976,12127,1.72,13,4811,14.97,45.39,0.0,Successful,1,Synthetic - improved for EcoSip project practice,Neutral,3,0,0,3
ECOSIP-1459,Synthetic Campaign 459,Sustainability,Eco Products,United States,Our campaign introduces an new product development. We aim to provide practical value to customers while creating a reliable product experience.,67265.0,109528.0,162.83,22,4978.55,21,February,6,1999,5004.0,12967.0,1,14,702,15623,2399,1999,64656.0,17770,20824,0.11,0,243,15.42,65.55,0.13636363636363635,Successful,1,Synthetic - improved for EcoSip project practice,Positive,6,6,4,3
ECOSIP-1460,Synthetic Campaign 460,Sustainability,Green Living,Australia,Our campaign introduces an designed for everyday convenience. We aim to provide practical value to customers while creating a reliable product experience.,109406.0,186318.0,170.3,54,3450.33,28,October,6,999,3449.0,7679.0,1,4,1795,4142,2823,4014,31143.0,22202,23450,0.23,8,1401,22.8,49.24,-0.2,Successful,1,Synthetic - improved for EcoSip project practice,Negative,6,11,0,10
ECOSIP-1461,Synthetic Campaign 461,Consumer Products,Lifestyle,India,Our campaign introduces an smart technology for modern consumers. We aim to provide practical value to customers while creating a reliable product experience.,33742.0,42715.0,126.59,30,1423.83,33,July,6,499,1431.0,3636.0,1,15,1631,29906,2312,1698,91411.0,4882,8068,0.37,10,2902,5.81,47.89,0.20714285714285713,Successful,1,Synthetic - improved for EcoSip project practice,Positive,0,16,2,5
ECOSIP-1462,Synthetic Campaign 462,Education,Training,United States,Our campaign introduces an designed for everyday convenience. We aim to provide practical value to customers while creating a reliable product experience.,50591.0,66346.0,131.14,30,2211.53,41,December,4,999,2249.0,5238.0,0,6,1717,4533,3279,242,65219.0,2285,3344,0.9,13,1265,13.31,40.31,-0.2,Failed,0,Synthetic - improved for EcoSip project practice,Negative,2,22,4,2
ECOSIP-1463,Synthetic Campaign 463,Gaming,Board Games,Australia,Our campaign introduces an innovative sustainable solution. We aim to provide practical value to customers while creating a reliable product experience.,143686.0,212836.0,148.13,69,3084.58,28,January,5,999,3097.0,5650.0,1,9,1401,26846,442,763,11831.0,46298,47027,0.15,11,2548,12.43,32.12,0.5,Successful,1,Synthetic - improved for EcoSip project practice,Positive,5,3,0,4
ECOSIP-1464,Synthetic Campaign 464,Technology,Smart Devices,Canada,Our campaign introduces an high quality reusable solution. We aim to provide practical value to customers while creating a reliable product experience.,53621.0,57650.0,107.51,35,1647.14,43,August,7,499,1631.0,2957.0,1,5,1466,14116,1158,482,91356.0,12235,13109,0.27,15,3700,8.67,27.02,0.16,Failed,0,Synthetic - improved for EcoSip project practice,Positive,7,19,1,1
ECOSIP-1465,Synthetic Campaign 465,Design,Creative,United States,Our campaign introduces an smart technology for modern consumers. We aim to provide practical value to customers while creating a reliable product experience.,354871.0,389915.0,109.88,149,2616.88,42,November,5,1499,2624.0,5103.0,1,4,1130,25122,4412,1588,95988.0,30677,31136,0.48,0,899,6.63,32.65,0.20714285714285713,Failed,0,Synthetic - improved for EcoSip project practice,Positive,1,5,4,9
ECOSIP-1466,Synthetic Campaign 466,Food,Kitchen,United States,Our campaign introduces an product focused campaign. We aim to provide practical value to customers while creating a reliable product experience.,52343.0,70713.0,135.1,25,2828.52,35,March,3,1499,2850.0,8169.0,1,12,334,2758,5238,3367,12383.0,31212,31829,0.08,12,4697,10.09,33.11,0.0,Failed,0,Synthetic - improved for EcoSip project practice,Neutral,4,14,4,7
ECOSIP-1467,Synthetic Campaign 467,Fashion,Sustainable Fashion,Canada,Our campaign introduces an smart technology for modern consumers. We aim to provide practical value to customers while creating a reliable product experience.,91808.0,127400.0,138.77,220,579.09,36,November,6,299,578.0,1342.0,1,4,1303,28038,8852,1756,55574.0,17179,18622,1.18,5,755,5.96,34.78,0.20714285714285713,Successful,1,Synthetic - improved for EcoSip project practice,Positive,3,21,1,9
ECOSIP-1468,Synthetic Campaign 468,Technology,Electronics,United Kingdom,Our campaign introduces an product focused campaign. We aim to provide practical value to customers while creating a reliable product experience.,173611.0,237259.0,136.66,275,862.76,35,June,5,299,862.0,2242.0,0,15,298,11010,5107,4059,33820.0,43513,45582,0.6,0,1729,8.23,34.33,0.0,Failed,0,Synthetic - improved for EcoSip project practice,Neutral,7,8,3,6
ECOSIP-1469,Synthetic Campaign 469,Education,EdTech,India,Our campaign introduces an high quality reusable solution. We aim to provide practical value to customers while creating a reliable product experience.,20925.0,34398.0,164.39,8,4299.75,31,September,7,1499,4056.0,8192.0,1,3,1418,19967,4048,3971,42320.0,35865,39192,0.02,11,437,10.3,30.72,0.16,Successful,1,Synthetic - improved for EcoSip project practice,Positive,2,7,2,11
ECOSIP-1470,Synthetic Campaign 470,Design,Product Design,United Kingdom,Our campaign introduces an innovative sustainable solution. We aim to provide practical value to customers while creating a reliable product experience.,15375.0,16993.0,110.52,3,5664.33,22,June,3,1999,5473.0,11557.0,1,7,318,3044,8914,684,22067.0,17564,20563,0.01,6,741,12.87,19.38,0.5,Failed,0,Synthetic - improved for EcoSip project practice,Positive,1,18,3,6
ECOSIP-1471,Synthetic Campaign 471,Education,Learning,Australia,Our campaign introduces an designed for everyday convenience. We aim to provide practical value to customers while creating a reliable product experience.,18999.0,28084.0,147.82,8,3510.5,30,September,4,999,3378.0,5703.0,1,14,1951,29052,6616,1376,59917.0,31063,32097,0.02,2,809,5.3,24.23,-0.2,Successful,1,Synthetic - improved for EcoSip project practice,Negative,2,15,0,11
ECOSIP-1472,Synthetic Campaign 472,Fashion,Accessories,Canada,Our campaign introduces an innovative sustainable solution. We aim to provide practical value to customers while creating a reliable product experience.,233648.0,302375.0,129.41,50,6047.5,33,July,4,1999,6101.0,10719.0,1,8,1848,7310,3727,1034,96008.0,33592,35678,0.14,5,4307,13.99,23.72,0.5,Failed,0,Synthetic - improved for EcoSip project practice,Positive,3,0,1,5
ECOSIP-1473,Synthetic Campaign 473,Sustainability,Clean Technology,United Kingdom,Our campaign introduces an consumer lifestyle product. We aim to provide practical value to customers while creating a reliable product experience.,45641.0,63989.0,140.2,36,1777.47,37,September,7,999,1754.0,4808.0,1,8,2444,24137,5846,2152,52792.0,48428,48904,0.07,6,845,7.93,35.49,0.0,Successful,1,Synthetic - improved for EcoSip project practice,Neutral,6,4,3,11
ECOSIP-1474,Synthetic Campaign 474,Design,Creative,United States,Our campaign introduces an consumer lifestyle product. We aim to provide practical value to customers while creating a reliable product experience.,500000.0,671743.0,134.35,204,3292.86,40,February,3,1499,3290.0,7821.0,1,11,2119,8887,6413,2688,12877.0,27367,31027,0.66,0,144,5.35,44.09,0.0,Failed,0,Synthetic - improved for EcoSip project practice,Neutral,1,5,4,3
ECOSIP-1475,Synthetic Campaign 475,Sustainability,Clean Technology,Australia,Our campaign introduces an eco friendly product. We aim to provide practical value to customers while creating a reliable product experience.,45135.0,83305.0,184.57,117,712.01,40,December,6,299,709.0,1422.0,1,6,1265,2086,8173,1074,63900.0,45882,47756,0.24,0,2548,12.2,38.1,0.375,Successful,1,Synthetic - improved for EcoSip project practice,Positive,6,4,0,2
ECOSIP-1476,Synthetic Campaign 476,Fashion,Accessories,Australia,Our campaign introduces an designed for everyday convenience. We aim to provide practical value to customers while creating a reliable product experience.,88551.0,143333.0,161.86,209,685.8,24,August,5,299,685.0,1852.0,1,3,695,11042,8272,1784,37321.0,34254,35859,0.58,12,3728,9.22,67.4,-0.2,Successful,1,Synthetic - improved for EcoSip project practice,Negative,3,0,0,1
ECOSIP-1477,Synthetic Campaign 477,Technology,Software,United Kingdom,Our campaign introduces an high quality reusable solution. We aim to provide practical value to customers while creating a reliable product experience.,300482.0,375122.0,124.84,66,5683.67,35,August,3,1999,5674.0,10609.0,1,8,1651,17558,7740,4478,86313.0,20002,22756,0.29,4,50,12.02,49.0,0.16,Successful,1,Synthetic - improved for EcoSip project practice,Positive,7,20,3,1
ECOSIP-1478,Synthetic Campaign 478,Fashion,Accessories,United Kingdom,Our campaign introduces an eco friendly product. We aim to provide practical value to customers while creating a reliable product experience.,456218.0,556078.0,121.89,566,982.47,39,February,4,299,982.0,2911.0,1,7,2392,12261,1450,2889,46294.0,1260,2370,23.88,5,3377,8.88,37.32,0.375,Failed,0,Synthetic - improved for EcoSip project practice,Positive,3,0,3,3
ECOSIP-1479,Synthetic Campaign 479,Technology,Software,Canada,Our campaign introduces an designed for everyday convenience. We aim to provide practical value to customers while creating a reliable product experience.,479547.0,593984.0,123.86,188,3159.49,24,December,7,1499,3166.0,6387.0,1,12,511,20789,4121,1432,23320.0,24642,28219,0.67,14,2425,18.07,45.49,-0.2,Failed,0,Synthetic - improved for EcoSip project practice,Negative,7,20,1,2
ECOSIP-1480,Synthetic Campaign 480,Design,Industrial Design,India,Our campaign introduces an product focused campaign. We aim to provide practical value to customers while creating a reliable product experience.,222520.0,249076.0,111.93,48,5189.08,22,April,7,1999,5205.0,10441.0,1,8,2098,28897,8858,687,23155.0,45153,46483,0.1,15,2050,16.3,29.09,0.0,Failed,0,Synthetic - improved for EcoSip project practice,Neutral,1,13,2,0
ECOSIP-1481,Synthetic Campaign 481,Design,Industrial Design,United Kingdom,Our campaign introduces an testing is still underway. We aim to provide practical value to customers while creating a reliable product experience.,188509.0,227448.0,120.66,74,3073.62,31,November,5,999,3076.0,6053.0,1,5,1146,29263,2836,3390,78033.0,42496,43773,0.17,14,4349,10.04,19.43,0.0,Failed,0,Synthetic - improved for EcoSip project practice,Neutral,1,13,3,9
ECOSIP-1482,Synthetic Campaign 482,Gaming,Video Games,United Kingdom,Our campaign introduces an eco friendly product. We aim to provide practical value to customers while creating a reliable product experience.,127838.0,179166.0,140.15,257,697.14,20,July,7,299,697.0,1173.0,1,4,1344,28256,7219,1414,30231.0,17790,21747,1.18,8,2959,17.58,59.05,0.375,Successful,1,Synthetic - improved for EcoSip project practice,Positive,5,23,3,5
ECOSIP-1483,Synthetic Campaign 483,Education,Training,United States,Our campaign introduces an development challenges remain. We aim to provide practical value to customers while creating a reliable product experience.,151111.0,192741.0,127.55,210,917.81,40,November,7,499,916.0,1527.0,1,8,1806,3107,920,118,77887.0,5999,8194,2.56,15,4271,4.03,24.02,0.0,Failed,0,Synthetic - improved for EcoSip project practice,Neutral,2,22,4,9
ECOSIP-1484,Synthetic Campaign 484,Gaming,Gaming Hardware,Australia,Our campaign introduces an designed for everyday use. We aim to provide practical value to customers while creating a reliable product experience.,45669.0,60498.0,132.47,83,728.89,28,April,3,299,733.0,1812.0,1,15,341,1069,4246,4090,24559.0,864,2636,3.15,13,3476,12.68,57.54,-0.2,Successful,1,Synthetic - improved for EcoSip project practice,Negative,5,10,0,0
ECOSIP-1485,Synthetic Campaign 485,Education,Training,India,Our campaign introduces an designed for everyday convenience. We aim to provide practical value to customers while creating a reliable product experience.,35913.0,54883.0,152.82,34,1614.21,28,April,6,999,1609.0,4526.0,1,3,376,8872,9654,441,35560.0,20297,22325,0.15,0,3098,18.22,49.14,-0.2,Failed,0,Synthetic - improved for EcoSip project practice,Negative,2,22,2,0
ECOSIP-1486,Synthetic Campaign 486,Gaming,Gaming Hardware,United States,Our campaign introduces an consumer lifestyle product. We aim to provide practical value to customers while creating a reliable product experience.,74773.0,99481.0,133.04,15,6632.07,23,June,5,1999,6766.0,18172.0,1,9,329,2924,2789,3670,49221.0,41295,45234,0.03,12,4833,7.45,32.15,0.0,Successful,1,Synthetic - improved for EcoSip project practice,Neutral,5,10,4,6
ECOSIP-1487,Synthetic Campaign 487,Sustainability,Green Living,Canada,Our campaign introduces an eco friendly product. We aim to provide practical value to customers while creating a reliable product experience.,64349.0,83406.0,129.62,51,1635.41,22,October,3,999,1648.0,2821.0,1,9,2097,28677,990,4177,94604.0,33035,36313,0.14,3,1125,4.84,38.71,0.375,Failed,0,Synthetic - improved for EcoSip project practice,Positive,6,11,1,10
ECOSIP-1488,Synthetic Campaign 488,Design,Product Design,Canada,Our campaign introduces an smart technology for modern consumers. We aim to provide practical value to customers while creating a reliable product experience.,49878.0,71253.0,142.85,60,1187.55,36,June,6,499,1186.0,2750.0,0,12,1232,1311,390,1152,93514.0,46800,51168,0.12,9,4588,6.96,42.92,0.20714285714285713,Failed,0,Synthetic - improved for EcoSip project practice,Positive,1,18,1,6
ECOSIP-1489,Synthetic Campaign 489,Technology,Software,United Kingdom,Our campaign introduces an designed for everyday convenience. We aim to provide practical value to customers while creating a reliable product experience.,140364.0,181778.0,129.5,47,3867.62,21,October,3,1499,3837.0,6363.0,1,15,1165,329,7472,1722,24653.0,47676,50329,0.09,7,2600,10.75,20.33,-0.2,Failed,0,Synthetic - improved for EcoSip project practice,Negative,7,20,3,10
ECOSIP-1490,Synthetic Campaign 490,Education,EdTech,United Kingdom,Our campaign introduces an new product development. We aim to provide practical value to customers while creating a reliable product experience.,177197.0,226688.0,127.93,218,1039.85,43,March,3,299,1038.0,1628.0,1,9,943,20768,4183,3640,39031.0,16605,19150,1.14,9,3583,11.61,32.83,0.13636363636363635,Successful,1,Synthetic - improved for EcoSip project practice,Positive,2,7,3,7
ECOSIP-1491,Synthetic Campaign 491,Fashion,Sustainable Fashion,Canada,Our campaign introduces an high quality reusable solution. We aim to provide practical value to customers while creating a reliable product experience.,81211.0,113154.0,139.33,31,3650.13,20,September,7,1999,3662.0,9099.0,1,14,274,15874,709,3210,19193.0,8439,12928,0.24,8,2988,10.55,51.83,0.16,Successful,1,Synthetic - improved for EcoSip project practice,Positive,3,21,1,11
ECOSIP-1492,Synthetic Campaign 492,Education,Learning,United Kingdom,Our campaign introduces an early stage product. We aim to provide practical value to customers while creating a reliable product experience.,283515.0,448974.0,158.36,173,2595.23,27,December,6,1499,2592.0,5969.0,1,13,405,14445,9802,617,53449.0,14436,15087,1.15,14,2457,13.11,47.99,0.1,Failed,0,Synthetic - improved for EcoSip project practice,Positive,2,15,3,2
ECOSIP-1493,Synthetic Campaign 493,Technology,Electronics,India,Our campaign introduces an product focused campaign. We aim to provide practical value to customers while creating a reliable product experience.,26842.0,32570.0,121.34,21,1550.95,32,October,5,999,1516.0,2461.0,1,12,2062,3285,3507,411,48755.0,42529,45526,0.05,12,1240,10.49,27.09,0.0,Failed,0,Synthetic - improved for EcoSip project practice,Neutral,7,8,2,10
ECOSIP-1494,Synthetic Campaign 494,Gaming,Video Games,United Kingdom,Our campaign introduces an new product development. We aim to provide practical value to customers while creating a reliable product experience.,63004.0,83578.0,132.66,23,3633.83,42,November,5,1999,3620.0,5620.0,1,3,1803,15111,9898,1095,90572.0,16363,17502,0.13,2,2676,16.23,33.24,0.13636363636363635,Successful,1,Synthetic - improved for EcoSip project practice,Positive,5,23,3,9
ECOSIP-1495,Synthetic Campaign 495,Education,Training,Australia,Our campaign introduces an eco friendly product. We aim to provide practical value to customers while creating a reliable product experience.,39344.0,57005.0,144.89,20,2850.25,34,February,6,1499,2870.0,8566.0,0,6,2216,16985,3025,2670,93351.0,13061,14045,0.14,10,4985,6.18,59.25,0.375,Successful,1,Synthetic - improved for EcoSip project practice,Positive,2,22,0,3
ECOSIP-1496,Synthetic Campaign 496,Food,Food Products,United Kingdom,Our campaign introduces an designed with customers in mind. We aim to provide practical value to customers while creating a reliable product experience.,13980.0,21156.0,151.33,4,5289.0,27,June,7,1999,5520.0,8529.0,1,15,1983,26808,9291,2404,41439.0,10947,14098,0.03,1,4935,18.5,46.56,0.0,Successful,1,Synthetic - improved for EcoSip project practice,Neutral,4,9,3,6
ECOSIP-1497,Synthetic Campaign 497,Sustainability,Eco Products,United States,Our campaign introduces an high quality reusable solution. We aim to provide practical value to customers while creating a reliable product experience.,69622.0,120826.0,173.55,125,966.61,31,December,4,499,968.0,2097.0,1,9,1330,148,503,829,51715.0,31124,35453,0.35,3,4864,19.55,53.54,0.16,Successful,1,Synthetic - improved for EcoSip project practice,Positive,6,6,4,2
ECOSIP-1498,Synthetic Campaign 498,Design,Product Design,India,Our campaign introduces an new product development. We aim to provide practical value to customers while creating a reliable product experience.,67216.0,87071.0,129.54,113,770.54,41,July,3,499,769.0,1736.0,1,13,1878,20050,9946,3329,90142.0,47440,52406,0.22,1,4268,15.42,56.8,0.13636363636363635,Successful,1,Synthetic - improved for EcoSip project practice,Positive,1,18,2,5
ECOSIP-1499,Synthetic Campaign 499,Technology,Software,United States,Our campaign introduces an innovative sustainable solution. We aim to provide practical value to customers while creating a reliable product experience.,292830.0,473764.0,161.79,502,943.75,31,December,7,299,943.0,1580.0,1,11,268,15273,8234,3758,81637.0,45146,48843,1.03,0,2604,19.11,39.84,0.5,Successful,1,Synthetic - improved for EcoSip project practice,Positive,7,20,4,2
ECOSIP-1500,Synthetic Campaign 500,Design,Product Design,United States,Our campaign introduces an smart technology for modern consumers. We aim to provide practical value to customers while creating a reliable product experience.,132319.0,207070.0,156.49,310,667.97,33,September,6,299,667.0,1170.0,1,7,1657,19539,5492,1179,5347.0,12911,15566,1.99,11,3440,13.53,45.99,0.20714285714285713,Successful,1,Synthetic - improved for EcoSip project practice,Positive,1,18,4,11
